declaration_id,agent_id,role,institution,declaration_type,declaration_date,gross_salary,side_income_consulting,side_income_board_memberships,assets_in_real_estate,assets_in_vehicles,assets_in_stocks
D000001,A0001,MP,Parliament,Initial,2018-12-23,93942.68,500.22,5500.59,477741.87,44188.27,135339.9
D000002,A0001,MP,Parliament,Regular,2024-08-15,96439.35,265.01,3952.93,101071.06,1592.16,39767.53
D000003,A0001,MP,Parliament,Regular,2025-04-15,104313.72,459.96,5221.21,55638.14,52158.02,151761.47
D000004,A0001,MP,Parliament,Regular,2019-10-16,104223.94,420.31,3605.52,191442.61,20195.67,18549.17
D000005,A0001,MP,Parliament,Exceptional,2021-11-09,103511.96,653.85,6764.25,107245.62,58386.95,75706.88
D000006,A0001,MP,Parliament,Exceptional,2024-03-11,88925.12,564.56,7620.8,72327.01,11537.32,13911.03
D000007,A0001,MP,Parliament,Exceptional,2025-06-01,85858.83,394.86,3189.2,46558.18,6060.09,55594.72
D000008,A0001,MP,Parliament,Regular,2025-06-02,129773.42,432.6,4786.51,41901.41,16018.67,554314.69
D000009,A0002,MP,Parliament,Initial,2024-03-31,90913.1,3422.77,14582.54,453619.93,22767.33,197904.67
D000010,A0002,MP,Parliament,Regular,2020-06-18,100493.91,4596.28,18607.31,45809.61,1926.01,63090.61
D000011,A0002,MP,Parliament,Regular,2021-01-01,83627.01,4836.84,15562.19,143582.85,12757.59,99846.25
D000012,A0002,MP,Parliament,Regular,2025-03-18,94336.48,2618.01,10887.72,112273.63,15764.5,116917.2
D000013,A0002,MP,Parliament,Regular,2025-03-19,112699.54,2462.07,21837.9,101905.26,5454.56,400918.91
D000014,A0003,MP,Parliament,Initial,2024-03-16,92744.6,15841.59,8443.2,444638.02,22897.16,199224.28
D000015,A0003,MP,Parliament,Regular,2018-02-17,102397.93,9735.48,11692.04,150175.56,46115.92,68035.09
D000016,A0003,MP,Parliament,Regular,2021-04-17,95566.78,15108.5,12274.86,175170.59,15803.34,100117.22
D000017,A0003,MP,Parliament,Regular,2020-01-02,97595.56,9606.51,9501.13,168333.87,30459.77,39782.22
D000018,A0003,MP,Parliament,Exceptional,2019-10-24,99207.93,20255.47,8699.48,114.38,19449.36,3895.35
D000019,A0003,MP,Parliament,Exceptional,2022-01-26,114944.04,21095.7,6818.0,11585.03,52680.58,189389.89
D000020,A0003,MP,Parliament,Exceptional,2018-12-17,108135.92,20847.9,12478.92,106541.23,7545.63,131950.16
D000021,A0003,MP,Parliament,Regular,2024-03-17,145433.67,10536.67,8676.85,121318.78,57861.77,718643.7
D000022,A0004,MP,Parliament,Initial,2020-10-12,98986.76,14258.98,7979.85,459037.26,22405.23,179922.82
D000023,A0004,MP,Parliament,Regular,2020-07-09,90989.4,7429.42,8410.13,117688.02,431.45,141568.19
D000024,A0004,MP,Parliament,Regular,2018-08-30,95886.75,20039.86,10849.68,14171.47,14280.28,133795.56
D000025,A0004,MP,Parliament,Regular,2020-05-27,105101.19,17443.76,11031.2,115242.33,14579.83,94594.59
D000026,A0004,MP,Parliament,Exceptional,2019-01-22,83986.84,13275.84,7370.02,93404.93,43744.55,134672.91
D000027,A0004,MP,Parliament,Exceptional,2025-03-31,84060.44,12870.46,6697.51,172334.51,14919.38,38041.78
D000028,A0004,MP,Parliament,Exceptional,2023-01-12,86127.51,9745.84,7681.62,174897.19,4523.09,161604.45
D000029,A0004,MP,Parliament,Regular,2025-04-01,149824.4,8525.57,9193.94,108117.59,885.47,747355.93
D000030,A0005,MP,Parliament,Initial,2022-05-19,53637.95,8128.28,9627.17,175516.46,54146.57,32927.42
D000031,A0005,MP,Parliament,Regular,2020-12-22,63183.11,10445.89,7559.73,139318.3,43830.32,156672.31
D000032,A0005,MP,Parliament,Regular,2025-06-04,59834.34,5322.37,7670.04,193741.87,34750.82,108439.04
D000033,A0005,MP,Parliament,Regular,2021-07-08,49194.02,8812.5,9654.61,170543.98,9445.96,192155.78
D000034,A0005,MP,Parliament,Exceptional,2020-02-01,44748.03,4616.55,13110.46,80755.11,56495.77,113935.08
D000035,A0005,MP,Parliament,Exceptional,2024-06-29,58854.75,9098.65,8849.53,116734.46,31366.96,186941.25
D000036,A0005,MP,Parliament,Exceptional,2020-04-16,60871.72,6617.92,7370.7,26175.66,38730.05,91444.91
D000037,A0005,MP,Parliament,Regular,2025-06-05,83536.33,11670.05,4903.27,124231.85,33779.62,390261.65
D000038,A0006,MP,Parliament,Initial,2024-02-04,80588.47,2649.13,6980.18,320193.69,14657.06,56997.48
D000039,A0006,MP,Parliament,Regular,2025-11-21,79843.44,3930.92,9123.79,105788.14,40071.79,110920.46
D000040,A0006,MP,Parliament,Regular,2025-06-10,75033.99,3650.84,5336.11,177942.54,44545.0,31089.58
D000041,A0006,MP,Parliament,Regular,2021-02-28,87152.32,3225.61,4911.23,126847.59,15839.03,97706.37
D000042,A0006,MP,Parliament,Regular,2025-11-22,121500.19,1569.08,6446.72,55336.04,212.74,524048.95
D000043,A0007,MP,Parliament,Initial,2019-09-03,56195.53,14824.62,11033.61,388275.26,580.18,15048.77
D000044,A0007,MP,Parliament,Regular,2024-02-13,51183.36,12885.8,11613.15,85957.34,2509.73,72930.3
D000045,A0007,MP,Parliament,Regular,2018-06-13,65730.64,10526.61,8270.02,20558.72,46806.97,176826.94
D000046,A0007,MP,Parliament,Regular,2022-07-23,66993.56,18523.03,15731.32,47347.47,9750.11,159977.41
D000047,A0007,MP,Parliament,Exceptional,2022-08-16,45652.86,18331.6,9182.01,186163.18,48134.11,172812.81
D000048,A0007,MP,Parliament,Exceptional,2020-10-13,52453.06,19084.84,6709.49,174433.36,51515.6,44486.74
D000049,A0007,MP,Parliament,Exceptional,2023-03-01,54781.04,19576.45,15130.64,44584.71,39601.99,79693.2
D000050,A0007,MP,Parliament,Regular,2024-02-14,65589.27,8441.45,14049.39,70229.23,30564.34,389122.49
D000051,A0008,MP,Parliament,Initial,2024-09-09,63114.99,552.01,17540.77,196778.7,34835.38,196710.11
D000052,A0008,MP,Parliament,Regular,2022-11-15,63348.9,710.12,16425.07,196847.17,6938.75,179900.95
D000053,A0008,MP,Parliament,Regular,2020-02-18,61626.53,667.26,8800.05,185115.03,32307.12,143886.0
D000054,A0008,MP,Parliament,Regular,2025-07-09,60534.25,514.09,25414.37,184154.17,37389.32,132677.5
D000055,A0008,MP,Parliament,Exceptional,2021-05-15,66495.5,644.14,14491.88,139441.68,33264.75,38368.02
D000056,A0008,MP,Parliament,Exceptional,2025-06-16,80167.51,649.89,24606.29,123102.98,18056.99,109587.44
D000057,A0008,MP,Parliament,Exceptional,2018-01-02,60081.52,392.03,22553.2,121332.31,19334.95,88357.2
D000058,A0008,MP,Parliament,Regular,2025-07-10,88700.31,558.18,22693.11,191966.4,44157.69,353009.96
D000059,A0009,MP,Parliament,Initial,2019-08-27,96385.38,12385.22,1867.74,488482.02,14092.12,62083.89
D000060,A0009,MP,Parliament,Regular,2018-04-11,88083.14,18378.87,2075.58,153697.87,27324.97,177227.38
D000061,A0009,MP,Parliament,Regular,2024-06-15,92369.06,14817.11,1857.24,48796.89,39363.48,1108.96
D000062,A0009,MP,Parliament,Regular,2019-03-13,109255.35,8903.0,2435.74,139182.36,27872.99,111481.16
D000063,A0009,MP,Parliament,Regular,2024-06-16,103403.7,7844.04,1801.71,106226.38,33535.52,499627.67
D000064,A0010,MP,Parliament,Initial,2023-04-29,74257.34,16300.13,17840.41,304282.86,54411.28,89182.72
D000065,A0010,MP,Parliament,Regular,2023-01-18,72605.67,12180.1,20296.34,153162.74,31277.99,125349.69
D000066,A0010,MP,Parliament,Regular,2021-01-29,76630.74,19780.94,13103.66,67169.51,53581.61,16115.53
D000067,A0010,MP,Parliament,Regular,2019-09-10,71983.47,19461.54,21523.01,12845.77,24455.96,108522.23
D000068,A0010,MP,Parliament,Exceptional,2020-04-27,90330.02,14498.59,22653.67,189212.41,1171.92,176131.33
D000069,A0010,MP,Parliament,Exceptional,2024-06-16,73528.92,8246.17,15195.72,150695.03,51206.88,190686.07
D000070,A0010,MP,Parliament,Exceptional,2022-09-13,79389.29,20124.7,23190.18,179562.27,29293.77,54587.06
D000071,A0010,MP,Parliament,Regular,2024-06-17,95894.83,14488.49,20853.18,159628.46,43450.88,611250.23
D000072,A0011,MP,Parliament,Initial,2023-03-07,128072.2,10682.47,18138.58,583344.28,39779.99,16789.49
D000073,A0011,MP,Parliament,Regular,2020-01-15,117197.0,9391.0,12908.51,65369.16,45673.78,75825.24
D000074,A0011,MP,Parliament,Regular,2022-09-23,124957.67,6216.2,9420.87,107883.81,59994.47,69992.07
D000075,A0011,MP,Parliament,Regular,2025-04-16,117901.41,15567.41,9799.51,6206.0,14837.0,167845.77
D000076,A0011,MP,Parliament,Exceptional,2020-09-04,110540.46,12492.71,19298.89,43592.91,41967.9,153379.62
D000077,A0011,MP,Parliament,Exceptional,2019-11-19,141256.76,15636.31,22099.27,155558.38,9825.95,62207.78
D000078,A0011,MP,Parliament,Exceptional,2024-06-28,104102.1,8673.71,21355.4,191634.57,23799.27,143002.94
D000079,A0011,MP,Parliament,Regular,2025-04-17,133912.02,12718.71,20446.57,20380.26,46348.85,664708.91
D000080,A0012,MP,Parliament,Initial,2021-10-29,42105.51,19676.89,15652.71,292058.47,25702.68,74114.18
D000081,A0012,MP,Parliament,Regular,2018-02-21,48626.5,26019.36,9478.32,192157.51,38135.11,165741.46
D000082,A0012,MP,Parliament,Regular,2025-12-07,39827.49,13304.27,15993.1,130091.48,36954.74,183923.53
D000083,A0012,MP,Parliament,Regular,2023-06-04,43767.08,26086.33,17100.19,64460.92,14729.71,186924.38
D000084,A0012,MP,Parliament,Exceptional,2023-01-21,38818.4,18982.46,17379.7,75797.86,1722.0,170190.57
D000085,A0012,MP,Parliament,Exceptional,2020-01-15,43948.67,16820.29,11870.27,55931.7,35769.3,176021.47
D000086,A0012,MP,Parliament,Exceptional,2024-03-26,33898.11,28493.36,9166.43,144014.93,29314.67,151632.93
D000087,A0012,MP,Parliament,Regular,2025-12-08,59552.58,22547.8,15509.04,158586.57,5583.2,398929.01
D000088,A0013,MP,Parliament,Initial,2025-11-18,60620.6,11631.11,9465.21,267421.9,25530.23,149187.09
D000089,A0013,MP,Parliament,Regular,2023-02-02,59485.48,8739.66,5874.64,38516.86,7173.28,107172.79
D000090,A0013,MP,Parliament,Regular,2025-09-27,57925.71,8332.35,9315.65,144917.0,58596.42,104927.37
D000091,A0013,MP,Parliament,Regular,2021-03-05,72390.29,15499.95,7536.64,72176.21,18136.06,141603.7
D000092,A0013,MP,Parliament,Exceptional,2018-07-06,78027.66,12251.74,11333.81,25255.9,52107.67,98175.74
D000093,A0013,MP,Parliament,Exceptional,2018-02-20,65896.54,11275.16,8901.73,36872.73,3082.6,188212.72
D000094,A0013,MP,Parliament,Exceptional,2023-05-11,51954.5,6575.57,9387.09,115404.23,41187.06,30345.4
D000095,A0013,MP,Parliament,Regular,2025-11-19,90123.76,16854.94,5538.86,49638.19,33484.38,450228.81
D000096,A0014,MP,Parliament,Initial,2024-05-18,91841.84,15513.87,7607.56,397425.17,17841.19,117705.03
D000097,A0014,MP,Parliament,Regular,2024-12-18,84317.15,22651.94,4558.71,152547.42,37530.9,52929.23
D000098,A0014,MP,Parliament,Regular,2018-11-29,86984.98,10453.46,4374.84,535.14,27030.22,118762.24
D000099,A0014,MP,Parliament,Regular,2021-04-07,83556.96,12226.56,5954.58,171921.35,4270.79,46684.76
D000100,A0014,MP,Parliament,Exceptional,2025-01-04,100557.15,20228.62,5308.7,22955.26,13488.57,29797.88
D000101,A0014,MP,Parliament,Exceptional,2020-12-24,111433.13,8864.78,5066.05,61522.36,44937.46,113841.41
D000102,A0014,MP,Parliament,Exceptional,2021-03-28,93639.8,15028.26,6117.17,80501.7,16334.77,107996.31
D000103,A0014,MP,Parliament,Regular,2025-01-05,115964.58,17034.8,10570.12,146906.78,36222.82,446484.04
D000104,A0015,MP,Parliament,Initial,2019-12-19,97429.84,17210.34,11742.46,490434.58,45885.62,164284.25
D000105,A0015,MP,Parliament,Regular,2023-04-12,102855.62,16216.09,9137.47,199389.09,26153.1,162848.99
D000106,A0015,MP,Parliament,Regular,2019-01-09,101424.76,15632.98,9641.24,20919.98,9649.49,82329.02
D000107,A0015,MP,Parliament,Regular,2023-07-23,96111.16,24872.27,15424.49,110019.32,27289.55,62903.43
D000108,A0015,MP,Parliament,Exceptional,2022-07-14,120077.92,22802.44,5884.75,173873.5,27718.58,10840.82
D000109,A0015,MP,Parliament,Exceptional,2023-10-25,95567.92,21623.81,13215.07,151998.11,12213.49,109843.93
D000110,A0015,MP,Parliament,Exceptional,2021-03-25,99286.66,20622.29,7297.07,194629.36,36532.3,47859.49
D000111,A0015,MP,Parliament,Regular,2023-10-26,106688.29,18085.29,12356.02,18641.84,59535.43,497019.44
D000112,A0016,MP,Parliament,Initial,2023-04-19,41746.61,16642.86,9967.51,309427.42,30532.32,54684.98
D000113,A0016,MP,Parliament,Regular,2020-09-25,43292.74,10728.69,6883.67,119875.52,44777.55,27301.67
D000114,A0016,MP,Parliament,Regular,2018-10-13,41031.67,21469.4,9119.7,186849.68,30464.26,164109.89
D000115,A0016,MP,Parliament,Regular,2021-03-04,46665.0,22259.43,10764.15,131988.15,51915.64,89309.48
D000116,A0016,MP,Parliament,Exceptional,2021-09-23,44917.63,17365.66,9522.41,64355.47,11319.14,139499.69
D000117,A0016,MP,Parliament,Exceptional,2024-05-31,41391.16,22567.94,9078.16,63635.27,28378.58,182686.03
D000118,A0016,MP,Parliament,Exceptional,2022-04-11,41456.03,19367.11,13164.56,196163.63,29719.72,7403.92
D000119,A0016,MP,Parliament,Regular,2024-06-01,54327.99,18143.72,13652.5,174838.07,26418.37,329644.56
D000120,A0017,MP,Parliament,Initial,2025-10-08,102244.38,8199.57,13095.63,413246.49,28169.44,193840.73
D000121,A0017,MP,Parliament,Regular,2022-06-17,111952.59,11083.9,17709.76,171868.44,22800.56,63332.23
D000122,A0017,MP,Parliament,Regular,2026-01-22,119240.63,8100.75,13632.76,123491.89,14086.21,136879.91
D000123,A0017,MP,Parliament,Regular,2021-03-23,122614.3,10222.95,12230.94,19688.63,38024.87,174515.85
D000124,A0017,MP,Parliament,Exceptional,2025-10-13,97104.87,4337.14,10795.7,11223.85,21507.8,86137.36
D000125,A0017,MP,Parliament,Exceptional,2020-09-27,108949.89,8740.15,16926.35,33996.73,4738.1,174167.92
D000126,A0017,MP,Parliament,Exceptional,2024-12-13,116718.84,8180.44,14184.62,46437.69,38274.28,91914.1
D000127,A0017,MP,Parliament,Regular,2026-01-23,143152.81,11470.45,12640.6,57526.33,32795.89,795727.38
D000128,A0018,MP,Parliament,Initial,2023-06-03,128765.17,5983.08,19240.58,782369.29,27410.15,60424.33
D000129,A0018,MP,Parliament,Regular,2019-03-13,125051.8,6413.4,20680.01,198538.41,17713.85,195588.9
D000130,A0018,MP,Parliament,Regular,2025-05-20,131178.45,3039.99,26264.69,155662.32,58416.17,182123.39
D000131,A0018,MP,Parliament,Regular,2023-07-28,148060.85,8393.88,24546.0,46023.68,48115.92,43800.91
D000132,A0018,MP,Parliament,Exceptional,2020-10-23,146648.36,7304.92,22303.33,167667.42,37694.89,180680.74
D000133,A0018,MP,Parliament,Exceptional,2025-04-01,105550.26,7709.87,10262.24,72972.25,7884.71,181925.56
D000134,A0018,MP,Parliament,Exceptional,2021-08-31,151136.89,4042.41,12163.12,107881.55,58289.37,106170.47
D000135,A0018,MP,Parliament,Regular,2025-05-21,199340.35,7960.33,14564.54,164937.96,28910.87,941665.7
D000136,A0019,MP,Parliament,Initial,2022-06-16,63871.53,2303.39,19257.87,370045.97,57990.01,172028.12
D000137,A0019,MP,Parliament,Regular,2024-04-01,64493.16,2972.95,9896.98,107314.46,27287.16,134565.68
D000138,A0019,MP,Parliament,Regular,2025-07-16,62507.77,2029.35,21926.03,74294.73,40490.19,94295.37
D000139,A0019,MP,Parliament,Regular,2024-12-12,74427.6,2444.84,27254.81,44273.44,3793.02,164771.07
D000140,A0019,MP,Parliament,Regular,2025-07-17,75452.33,2092.16,12320.74,189252.31,18261.88,228887.93
D000141,A0020,MP,Parliament,Initial,2026-02-24,118725.93,2713.28,9072.88,445698.55,44588.41,189194.82
D000142,A0020,MP,Parliament,Regular,2019-09-25,138389.81,3133.63,12100.43,123130.44,56343.18,55948.03
D000143,A0020,MP,Parliament,Regular,2025-09-28,120050.79,2559.66,13160.71,171090.04,5961.28,137136.05
D000144,A0020,MP,Parliament,Regular,2024-02-09,138969.75,3106.24,5085.8,55176.29,58092.41,189802.16
D000145,A0020,MP,Parliament,Regular,2026-02-25,125256.34,1932.14,10338.48,194218.66,3034.71,686498.6
D000146,A0021,MP,Parliament,Initial,2019-08-28,108697.81,4104.11,16596.36,408425.4,35182.99,162610.6
D000147,A0021,MP,Parliament,Regular,2024-09-07,97920.49,5575.05,10699.47,25998.43,15039.25,34899.42
D000148,A0021,MP,Parliament,Regular,2025-05-31,126082.33,2592.99,14243.7,157686.31,35331.18,3156.22
D000149,A0021,MP,Parliament,Regular,2020-12-22,99536.73,5096.15,17029.28,149133.06,28574.76,155603.41
D000150,A0021,MP,Parliament,Exceptional,2019-03-23,111524.25,2961.32,18506.71,145448.6,54525.1,131780.61
D000151,A0021,MP,Parliament,Exceptional,2021-05-20,111852.36,6008.53,9307.66,95796.38,24097.04,137219.5
D000152,A0021,MP,Parliament,Exceptional,2023-07-02,125676.48,3872.49,23222.73,64422.36,8900.03,25238.32
D000153,A0021,MP,Parliament,Regular,2025-06-01,149414.98,4454.46,20117.32,76180.88,35843.51,657846.44
D000154,A0022,MP,Parliament,Initial,2022-10-28,73019.93,15861.92,2288.28,424138.6,52662.37,110267.05
D000155,A0022,MP,Parliament,Regular,2023-01-24,85172.44,14494.84,3037.51,79746.04,43776.75,62509.67
D000156,A0022,MP,Parliament,Regular,2021-07-04,80287.78,13868.09,1493.42,184597.01,4028.0,166354.38
D000157,A0022,MP,Parliament,Regular,2019-01-17,75178.62,19741.57,1996.86,26023.09,3598.86,191324.92
D000158,A0022,MP,Parliament,Exceptional,2025-07-07,62878.61,13539.71,2666.63,150056.85,52085.53,144212.14
D000159,A0022,MP,Parliament,Exceptional,2021-03-24,80336.9,13508.75,2466.58,42547.76,39404.18,44848.97
D000160,A0022,MP,Parliament,Exceptional,2019-03-20,71198.6,16754.4,1407.03,55713.64,13569.55,85822.48
D000161,A0022,MP,Parliament,Regular,2025-07-08,97596.94,20103.92,2566.82,134995.34,33404.39,494837.46
D000162,A0023,MP,Parliament,Initial,2019-08-10,99347.12,579.06,5465.41,295693.15,55292.25,70204.68
D000163,A0023,MP,Parliament,Regular,2024-05-08,109004.0,329.83,6782.4,194362.06,5505.46,106096.54
D000164,A0023,MP,Parliament,Regular,2022-03-21,101925.15,486.93,4755.19,144319.19,46610.14,113518.71
D000165,A0023,MP,Parliament,Regular,2018-12-14,115739.66,379.62,6856.0,9952.5,4894.89,88622.59
D000166,A0023,MP,Parliament,Exceptional,2024-10-22,101435.6,447.71,6858.78,22763.5,25794.82,56649.29
D000167,A0023,MP,Parliament,Exceptional,2025-08-11,108940.78,594.66,4418.34,44103.69,59066.74,10956.39
D000168,A0023,MP,Parliament,Exceptional,2020-04-17,94450.27,411.85,3482.75,51103.9,19687.34,1545.98
D000169,A0023,MP,Parliament,Regular,2025-08-12,143875.34,391.27,4810.69,140734.25,30015.74,662427.38
D000170,A0024,MP,Parliament,Initial,2024-06-06,37207.55,17235.29,846.05,215258.09,55269.75,172422.0
D000171,A0024,MP,Parliament,Regular,2022-07-15,41406.41,15816.72,520.46,4171.31,19486.09,160264.43
D000172,A0024,MP,Parliament,Regular,2024-12-06,38622.52,20503.27,729.17,87342.36,6351.79,87135.31
D000173,A0024,MP,Parliament,Regular,2022-06-29,39335.4,15438.8,685.53,67902.66,19984.12,33626.54
D000174,A0024,MP,Parliament,Exceptional,2019-04-13,39637.29,11959.63,1079.75,70219.95,57493.4,129088.6
D000175,A0024,MP,Parliament,Exceptional,2019-08-28,34161.53,11141.65,589.92,120479.8,45612.92,131101.8
D000176,A0024,MP,Parliament,Exceptional,2019-12-27,47463.66,19440.52,815.55,112747.1,34768.09,136226.7
D000177,A0024,MP,Parliament,Regular,2024-12-07,56898.86,19699.79,1257.67,64641.65,58258.38,288466.97
D000178,A0025,MP,Parliament,Initial,2018-06-04,76892.11,12627.7,15926.59,388962.05,21116.53,14838.13
D000179,A0025,MP,Parliament,Regular,2018-08-22,77708.8,9938.97,18230.64,195473.71,5417.79,118815.96
D000180,A0025,MP,Parliament,Regular,2022-04-24,79876.56,13313.59,20574.26,179175.35,26984.02,161963.18
D000181,A0025,MP,Parliament,Regular,2025-04-23,73545.14,13953.68,15948.37,191544.47,27031.39,162193.36
D000182,A0025,MP,Parliament,Regular,2025-04-24,122214.73,7378.73,18253.9,7828.43,42457.3,537257.7
D000183,A0026,MP,Parliament,Initial,2025-01-28,90980.54,7277.96,18358.74,310589.27,46467.89,135779.54
D000184,A0026,MP,Parliament,Regular,2025-04-05,91016.46,6038.46,19422.87,77312.84,15119.75,170313.25
D000185,A0026,MP,Parliament,Regular,2024-10-04,105717.92,6065.17,19877.73,28285.68,20989.25,193539.3
D000186,A0026,MP,Parliament,Regular,2025-10-31,99954.91,4577.48,22192.66,16943.8,33535.32,128698.65
D000187,A0026,MP,Parliament,Exceptional,2019-06-08,103268.21,9672.11,22742.34,137082.89,31583.6,129204.96
D000188,A0026,MP,Parliament,Exceptional,2022-10-01,95915.71,3771.66,14849.76,190233.86,20503.94,153231.24
D000189,A0026,MP,Parliament,Exceptional,2020-02-26,83089.94,4640.17,10596.02,168885.68,6068.45,154174.94
D000190,A0026,MP,Parliament,Regular,2025-11-01,136568.33,10070.38,9872.36,67352.87,45978.46,532652.82
D000191,A0027,MP,Parliament,Initial,2025-08-02,46224.72,16626.9,15421.96,270783.87,9932.35,87534.68
D000192,A0027,MP,Parliament,Regular,2026-01-26,44896.18,15699.1,12105.12,149707.3,26935.68,106802.23
D000193,A0027,MP,Parliament,Regular,2021-06-21,54992.58,21355.1,21652.03,38803.24,40698.41,114083.88
D000194,A0027,MP,Parliament,Regular,2022-12-10,48004.56,12998.44,13600.2,105491.96,57976.09,163378.25
D000195,A0027,MP,Parliament,Regular,2026-01-27,50063.18,12470.23,17599.21,174823.39,33272.44,374692.0
D000196,A0028,MP,Parliament,Initial,2020-06-28,115116.6,5701.26,15262.34,503058.75,54318.37,29469.73
D000197,A0028,MP,Parliament,Regular,2023-01-22,134155.62,8155.49,13963.46,79290.79,22437.69,77233.22
D000198,A0028,MP,Parliament,Regular,2018-12-01,116552.55,3011.33,21837.75,167835.26,38997.64,158276.13
D000199,A0028,MP,Parliament,Regular,2019-07-18,104927.74,8080.94,14841.93,166222.1,45530.47,93822.03
D000200,A0028,MP,Parliament,Exceptional,2018-11-21,93187.12,4080.13,9913.19,188045.19,36532.81,84650.95
D000201,A0028,MP,Parliament,Exceptional,2021-03-26,105771.45,3545.32,11270.31,127790.35,37368.63,12561.43
D000202,A0028,MP,Parliament,Exceptional,2023-08-10,126440.57,2944.33,15497.01,48387.63,8614.61,85847.78
D000203,A0028,MP,Parliament,Regular,2023-08-11,157581.48,4222.15,13988.96,132874.26,5136.84,485596.51
D000204,A0029,MP,Parliament,Initial,2022-03-10,82605.94,10146.55,19766.63,450667.83,23427.22,94027.02
D000205,A0029,MP,Parliament,Regular,2020-11-04,92865.19,8696.55,11218.74,48225.18,39426.26,20732.77
D000206,A0029,MP,Parliament,Regular,2024-07-11,92564.59,8447.19,10759.68,109202.75,48810.53,35017.83
D000207,A0029,MP,Parliament,Regular,2025-09-05,85859.53,12129.08,22370.6,162299.54,3786.03,155238.08
D000208,A0029,MP,Parliament,Exceptional,2021-04-16,74411.06,13100.31,27392.41,63119.16,18604.55,79644.81
D000209,A0029,MP,Parliament,Exceptional,2024-02-03,85637.57,5444.85,22670.36,57222.18,51728.31,9560.81
D000210,A0029,MP,Parliament,Exceptional,2025-05-09,79794.23,6336.27,17157.81,177897.3,44598.46,178927.5
D000211,A0029,MP,Parliament,Regular,2025-09-06,101769.44,14953.22,19691.58,99504.68,55458.63,610037.5
D000212,A0030,MP,Parliament,Initial,2025-05-31,102708.13,1578.54,12049.07,317980.31,32728.46,64242.29
D000213,A0030,MP,Parliament,Regular,2021-04-25,101881.2,1740.53,11158.83,137952.96,21092.82,8471.03
D000214,A0030,MP,Parliament,Regular,2021-12-15,111382.39,1475.84,13729.54,158295.57,3441.48,134236.78
D000215,A0030,MP,Parliament,Regular,2022-07-22,103631.82,2053.83,14210.8,190557.88,8566.77,121514.58
D000216,A0030,MP,Parliament,Exceptional,2018-05-23,88648.93,1161.8,13798.14,72430.12,56968.03,6477.06
D000217,A0030,MP,Parliament,Exceptional,2019-09-21,117039.1,2287.03,10506.95,152616.89,34435.31,105891.98
D000218,A0030,MP,Parliament,Exceptional,2022-06-19,98311.48,1229.19,17597.9,5182.67,11162.88,103549.05
D000219,A0030,MP,Parliament,Regular,2025-06-01,159005.08,975.16,15362.13,140807.56,12874.23,759671.89
D000220,A0031,MP,Parliament,Initial,2025-08-25,129862.88,4003.57,2714.57,675425.73,10359.38,142673.98
D000221,A0031,MP,Parliament,Regular,2021-08-02,142894.88,4842.48,2850.29,58072.46,17997.4,31501.05
D000222,A0031,MP,Parliament,Regular,2025-12-16,153004.1,4554.86,3511.83,101751.15,7281.75,40196.07
D000223,A0031,MP,Parliament,Regular,2019-07-23,126099.57,3979.63,2336.96,114455.48,28044.35,196602.39
D000224,A0031,MP,Parliament,Exceptional,2018-12-20,108159.43,3595.84,3303.45,95733.02,24647.71,81886.71
D000225,A0031,MP,Parliament,Exceptional,2024-06-12,108679.05,5894.77,3100.96,89994.9,40806.54,68902.96
D000226,A0031,MP,Parliament,Exceptional,2024-03-08,145433.05,2730.28,3980.28,86523.66,54642.74,11082.57
D000227,A0031,MP,Parliament,Regular,2025-12-17,139537.24,2614.39,1804.26,64532.15,42559.93,695838.73
D000228,A0032,MP,Parliament,Initial,2023-12-26,119492.59,16918.67,5012.11,444978.46,33050.48,25034.06
D000229,A0032,MP,Parliament,Regular,2019-01-18,125559.46,11312.43,7225.49,30838.85,39523.97,144126.55
D000230,A0032,MP,Parliament,Regular,2024-10-14,119646.24,24091.0,2712.52,172756.24,4873.37,189709.37
D000231,A0032,MP,Parliament,Regular,2024-06-20,117030.66,12025.94,5373.67,123621.69,1817.15,177799.38
D000232,A0032,MP,Parliament,Exceptional,2025-03-14,152750.38,16630.12,6539.24,136998.17,17846.03,14594.61
D000233,A0032,MP,Parliament,Exceptional,2018-09-03,105038.79,15491.11,4833.89,68038.51,8620.12,172297.02
D000234,A0032,MP,Parliament,Exceptional,2021-07-31,139459.79,23022.55,7394.73,26153.23,22232.41,112330.24
D000235,A0032,MP,Parliament,Regular,2025-03-15,142371.78,16351.43,3846.65,49583.78,5808.7,543105.92
D000236,A0033,MP,Parliament,Initial,2019-10-15,91537.74,4965.41,17306.15,382745.22,19646.15,115537.41
D000237,A0033,MP,Parliament,Regular,2023-08-03,109734.61,4800.63,23866.49,99474.05,5402.95,78648.44
D000238,A0033,MP,Parliament,Regular,2023-02-16,108930.46,3550.98,14760.33,10108.08,29693.65,176467.9
D000239,A0033,MP,Parliament,Regular,2025-05-03,100852.28,3901.56,8794.59,21499.42,8036.1,52894.58
D000240,A0033,MP,Parliament,Exceptional,2022-07-10,89978.74,4471.75,18522.45,38931.06,33193.38,14706.35
D000241,A0033,MP,Parliament,Exceptional,2023-08-28,93842.41,5212.97,22936.04,124648.32,36662.59,25732.68
D000242,A0033,MP,Parliament,Exceptional,2019-02-01,91258.72,6429.69,14521.34,187789.71,45297.91,39811.58
D000243,A0033,MP,Parliament,Regular,2025-05-04,119500.1,4965.79,9437.1,27407.27,19982.44,505898.29
D000244,A0034,MP,Parliament,Initial,2021-05-10,90626.05,10310.11,6559.32,466648.36,9750.12,198123.15
D000245,A0034,MP,Parliament,Regular,2024-08-28,90708.71,13694.82,6771.44,141747.96,17987.43,163149.77
D000246,A0034,MP,Parliament,Regular,2022-02-17,90569.13,6285.09,6011.88,61535.57,53926.03,174419.82
D000247,A0034,MP,Parliament,Regular,2025-01-21,82287.92,10048.14,9622.98,156580.8,46569.72,115526.88
D000248,A0034,MP,Parliament,Exceptional,2024-07-18,94271.43,10559.95,8010.13,154921.23,22811.42,164332.26
D000249,A0034,MP,Parliament,Exceptional,2020-09-19,73931.4,14931.16,4000.5,3787.47,18821.55,30286.25
D000250,A0034,MP,Parliament,Exceptional,2025-09-29,81739.79,10328.87,7290.54,94321.09,50902.62,145480.42
D000251,A0034,MP,Parliament,Regular,2025-09-30,129003.03,10502.74,6958.69,199624.57,28702.26,731160.4
D000252,A0035,MP,Parliament,Initial,2020-12-18,75966.35,10662.54,10925.46,443413.33,52059.26,136149.18
D000253,A0035,MP,Parliament,Regular,2024-11-03,79404.14,15538.92,8511.01,59699.83,56489.13,196452.06
D000254,A0035,MP,Parliament,Regular,2021-03-29,84434.34,12690.98,10805.32,95960.68,33629.26,186897.08
D000255,A0035,MP,Parliament,Regular,2026-02-03,74601.79,6630.76,12855.14,75938.84,58809.63,163675.49
D000256,A0035,MP,Parliament,Regular,2026-02-04,112640.59,8428.23,8605.23,142828.26,20781.81,398954.93
D000257,A0036,MP,Parliament,Initial,2024-07-31,77907.93,4041.36,10771.56,377868.24,41770.28,27454.59
D000258,A0036,MP,Parliament,Regular,2020-09-07,75783.95,4727.72,11105.92,127588.91,3149.47,82660.27
D000259,A0036,MP,Parliament,Regular,2026-01-17,81158.34,4773.62,6866.51,192903.75,58674.64,31588.22
D000260,A0036,MP,Parliament,Regular,2025-04-28,91971.06,5570.61,10528.64,39891.19,57834.84,64233.54
D000261,A0036,MP,Parliament,Exceptional,2019-01-02,87735.96,2959.17,13342.58,170066.62,2237.89,184294.18
D000262,A0036,MP,Parliament,Exceptional,2022-09-08,96693.28,2731.11,15291.68,199434.36,23819.67,99076.78
D000263,A0036,MP,Parliament,Exceptional,2021-03-31,96478.96,2058.13,11503.61,21460.14,58979.63,56912.33
D000264,A0036,MP,Parliament,Regular,2026-01-18,124143.14,4216.35,10705.99,187712.1,51063.58,436086.0
D000265,A0037,MP,Parliament,Initial,2024-05-14,41264.68,3249.89,9178.29,240186.19,11171.94,147323.58
D000266,A0037,MP,Parliament,Regular,2025-07-25,46512.92,2195.28,12447.11,179408.55,49619.39,103056.13
D000267,A0037,MP,Parliament,Regular,2018-12-22,42100.28,1934.93,13599.34,95490.82,56149.52,1366.02
D000268,A0037,MP,Parliament,Regular,2022-04-21,40053.82,4074.57,13345.55,60389.17,43372.95,2287.15
D000269,A0037,MP,Parliament,Exceptional,2025-10-08,37887.22,3795.17,8860.67,31943.37,41164.42,184621.2
D000270,A0037,MP,Parliament,Exceptional,2025-11-21,48895.36,3868.31,10451.42,188127.12,22052.63,44169.85
D000271,A0037,MP,Parliament,Exceptional,2019-07-02,42877.75,3103.57,13664.99,74724.97,42116.44,182559.38
D000272,A0037,MP,Parliament,Regular,2025-11-22,60015.77,4231.33,12166.77,152371.92,40820.52,353405.86
D000273,A0038,MP,Parliament,Initial,2020-04-08,82550.67,10563.46,7235.7,451097.14,6732.53,165754.81
D000274,A0038,MP,Parliament,Regular,2024-06-03,87586.1,7019.81,9800.65,88368.11,40817.71,143383.59
D000275,A0038,MP,Parliament,Regular,2023-06-26,76547.79,10673.06,9469.3,90686.46,30794.87,91359.7
D000276,A0038,MP,Parliament,Regular,2018-08-25,88134.32,12388.49,5847.67,4354.09,15267.43,603.09
D000277,A0038,MP,Parliament,Exceptional,2018-10-27,67909.88,8921.15,4079.2,198824.73,56074.97,13803.83
D000278,A0038,MP,Parliament,Exceptional,2023-04-18,67350.4,9600.78,9181.9,153165.54,58700.0,129176.16
D000279,A0038,MP,Parliament,Exceptional,2022-09-18,81496.53,14697.3,6863.33,183423.02,22649.78,16050.0
D000280,A0038,MP,Parliament,Regular,2024-06-04,130305.12,14520.05,4580.12,172057.32,7117.99,532605.48
D000281,A0039,MP,Parliament,Initial,2022-10-04,42734.71,19574.49,16696.43,340232.97,58709.44,92600.78
D000282,A0039,MP,Parliament,Regular,2023-12-19,43323.72,14282.8,16039.01,31024.27,11308.83,175041.63
D000283,A0039,MP,Parliament,Regular,2019-04-08,38874.28,22710.28,18615.24,187247.59,53342.48,48133.26
D000284,A0039,MP,Parliament,Regular,2018-10-03,39754.78,10444.48,18329.09,140657.25,2920.58,148108.22
D000285,A0039,MP,Parliament,Exceptional,2020-08-17,45721.01,24553.96,21305.71,28027.12,59609.01,46832.3
D000286,A0039,MP,Parliament,Exceptional,2026-03-16,46497.72,21091.02,21246.85,163676.5,14214.24,175251.66
D000287,A0039,MP,Parliament,Exceptional,2025-05-28,45325.52,17882.47,12942.3,111343.62,35500.03,147042.42
D000288,A0039,MP,Parliament,Regular,2026-03-17,47225.27,23073.43,17628.94,9376.82,20664.89,300975.06
D000289,A0040,MP,Parliament,Initial,2020-07-12,82446.31,13926.17,8165.18,325279.01,11032.74,107585.65
D000290,A0040,MP,Parliament,Regular,2021-05-16,95412.01,8973.35,7863.28,11524.79,24760.65,83301.57
D000291,A0040,MP,Parliament,Regular,2023-12-11,77518.31,10345.17,5742.87,129341.17,55333.57,169426.68
D000292,A0040,MP,Parliament,Regular,2019-01-14,87450.03,18513.54,4503.4,75433.59,36298.17,7909.51
D000293,A0040,MP,Parliament,Exceptional,2024-08-03,95815.19,14745.73,7996.93,173894.77,19977.86,191403.95
D000294,A0040,MP,Parliament,Exceptional,2018-03-04,74688.43,9609.39,10136.87,149375.85,45259.84,182888.26
D000295,A0040,MP,Parliament,Exceptional,2025-10-20,90872.38,9811.17,11554.77,110415.86,46530.83,76132.35
D000296,A0040,MP,Parliament,Regular,2025-10-21,108844.8,11966.19,6218.29,102563.31,29836.64,603965.69
D000297,A0041,MP,Parliament,Initial,2019-08-21,76949.04,16794.62,18286.61,339588.19,24835.81,112504.95
D000298,A0041,MP,Parliament,Regular,2018-03-08,75274.03,24096.22,19733.87,83515.61,9144.68,65973.06
D000299,A0041,MP,Parliament,Regular,2022-04-05,82407.57,12524.25,19212.69,188692.91,20253.86,152672.13
D000300,A0041,MP,Parliament,Regular,2023-06-25,91565.7,19174.33,18114.64,33646.73,47698.53,33853.14
D000301,A0041,MP,Parliament,Exceptional,2023-06-24,68640.38,23333.85,27252.97,191447.38,31436.66,167813.7
D000302,A0041,MP,Parliament,Exceptional,2018-11-01,97924.89,19619.74,23120.47,82478.44,50552.68,46286.68
D000303,A0041,MP,Parliament,Exceptional,2025-12-06,67370.03,12070.63,17482.18,12090.02,38263.72,186780.74
D000304,A0041,MP,Parliament,Regular,2025-12-07,119090.25,19469.74,9430.99,106442.5,24680.31,642457.43
D000305,A0042,MP,Parliament,Initial,2019-01-30,83573.81,5733.77,10044.32,307589.17,25834.39,187942.38
D000306,A0042,MP,Parliament,Regular,2023-11-18,78949.61,3967.38,10310.05,163042.88,16039.48,79379.28
D000307,A0042,MP,Parliament,Regular,2022-03-09,99268.08,5498.67,7465.02,139447.26,17998.48,165612.42
D000308,A0042,MP,Parliament,Regular,2018-11-27,91606.98,7787.72,12651.68,18700.1,22755.84,110540.29
D000309,A0042,MP,Parliament,Exceptional,2018-02-08,96228.77,3340.99,13512.92,128981.45,19876.24,195465.84
D000310,A0042,MP,Parliament,Exceptional,2019-01-26,104249.6,8137.09,7330.01,180254.59,41537.26,113356.83
D000311,A0042,MP,Parliament,Exceptional,2021-01-15,68804.73,3293.18,14319.03,179862.33,33810.59,6580.36
D000312,A0042,MP,Parliament,Regular,2023-11-19,130146.14,4670.07,14679.47,117407.22,45135.27,514850.09
D000313,A0043,MP,Parliament,Initial,2019-07-28,37693.75,3249.01,4809.44,148624.88,23349.4,179305.15
D000314,A0043,MP,Parliament,Regular,2025-09-24,42113.31,3251.58,7090.68,10739.29,26225.3,167734.93
D000315,A0043,MP,Parliament,Regular,2021-10-27,40767.7,3618.95,5269.27,193784.11,19582.6,126824.59
D000316,A0043,MP,Parliament,Regular,2023-01-20,39472.18,2780.53,6931.1,86369.59,40781.69,132134.38
D000317,A0043,MP,Parliament,Exceptional,2024-12-08,35721.98,2425.22,2758.25,53594.41,22800.0,156778.06
D000318,A0043,MP,Parliament,Exceptional,2019-09-24,44095.19,2653.39,2917.17,1039.04,18496.05,71983.5
D000319,A0043,MP,Parliament,Exceptional,2021-01-09,32081.74,1908.13,4477.49,111397.01,30746.45,20658.59
D000320,A0043,MP,Parliament,Regular,2025-09-25,39720.59,3425.17,5275.6,156887.74,51823.09,168716.92
D000321,A0044,MP,Parliament,Initial,2019-11-26,107916.91,14496.88,11190.73,575144.76,14564.55,104220.91
D000322,A0044,MP,Parliament,Regular,2019-07-23,105831.49,11139.5,7228.48,33441.48,16557.71,59950.45
D000323,A0044,MP,Parliament,Regular,2018-11-12,108816.66,20936.71,13662.76,99160.49,37000.13,91572.33
D000324,A0044,MP,Parliament,Regular,2019-07-09,106988.54,21003.42,9313.12,124038.44,48244.59,65908.34
D000325,A0044,MP,Parliament,Exceptional,2025-04-20,138901.22,9221.82,9183.84,189455.78,12051.09,62836.66
D000326,A0044,MP,Parliament,Exceptional,2022-06-20,138604.45,11473.53,13372.45,98201.46,34552.76,48484.86
D000327,A0044,MP,Parliament,Exceptional,2022-03-21,101458.09,18641.05,9680.16,186413.43,11988.0,199452.99
D000328,A0044,MP,Parliament,Regular,2025-04-21,119567.22,18376.5,5896.58,145442.67,56578.49,651177.83
D000329,A0045,MP,Parliament,Initial,2020-10-31,113128.18,1383.17,16955.76,421234.51,40378.66,27835.82
D000330,A0045,MP,Parliament,Regular,2025-05-21,107046.75,1276.85,14870.04,89813.34,35876.03,116448.8
D000331,A0045,MP,Parliament,Regular,2023-12-29,119009.01,1964.65,20206.33,108729.04,47443.26,71905.9
D000332,A0045,MP,Parliament,Regular,2024-01-09,121968.69,1956.36,10332.32,49646.19,39881.63,33267.7
D000333,A0045,MP,Parliament,Exceptional,2024-04-25,146139.45,1628.65,15253.7,150536.56,57943.01,86091.11
D000334,A0045,MP,Parliament,Exceptional,2018-02-13,96080.13,998.65,21141.34,111598.68,41259.86,44206.35
D000335,A0045,MP,Parliament,Exceptional,2022-03-13,112626.69,1759.87,18457.87,100093.16,20698.04,4912.53
D000336,A0045,MP,Parliament,Regular,2025-05-22,120224.67,1266.95,24784.7,23213.87,56440.57,487254.14
D000337,A0046,MP,Parliament,Initial,2021-05-14,75533.26,4137.35,9658.52,295409.78,26289.96,139352.65
D000338,A0046,MP,Parliament,Regular,2018-07-03,86338.73,2544.82,13031.08,129593.98,40628.36,32870.82
D000339,A0046,MP,Parliament,Regular,2020-09-26,79672.35,4352.12,8026.13,85273.88,27723.25,159551.16
D000340,A0046,MP,Parliament,Regular,2025-01-23,72159.61,4718.56,9003.04,5838.45,36846.42,39464.89
D000341,A0046,MP,Parliament,Exceptional,2022-05-12,60594.67,2957.36,7517.66,140751.95,47760.48,115469.58
D000342,A0046,MP,Parliament,Exceptional,2024-01-09,67487.45,3417.39,9248.52,52470.68,51758.19,105543.0
D000343,A0046,MP,Parliament,Exceptional,2025-03-02,72262.83,3676.61,8620.65,22846.41,21119.1,91572.12
D000344,A0046,MP,Parliament,Regular,2025-03-03,83352.2,4855.54,12562.0,183736.52,35410.1,340584.5
D000345,A0047,MP,Parliament,Initial,2022-09-29,53857.27,2338.98,7466.12,246170.28,23307.8,119285.16
D000346,A0047,MP,Parliament,Regular,2020-01-31,56334.76,2426.41,10595.63,186138.99,10394.09,33373.1
D000347,A0047,MP,Parliament,Regular,2021-03-29,50738.34,1905.28,7100.29,10722.25,21542.35,1916.69
D000348,A0047,MP,Parliament,Regular,2019-07-14,51624.27,2067.53,7925.9,130613.95,24548.06,98345.18
D000349,A0047,MP,Parliament,Exceptional,2022-12-24,56245.83,1362.85,3963.47,152211.32,17525.39,54970.58
D000350,A0047,MP,Parliament,Exceptional,2024-01-12,50859.32,2995.62,7956.28,154509.53,29718.8,102161.2
D000351,A0047,MP,Parliament,Exceptional,2024-06-03,46161.25,2982.46,9879.79,73372.35,49356.66,8322.1
D000352,A0047,MP,Parliament,Regular,2024-06-04,77090.66,2447.4,11122.85,20483.29,49804.24,291158.05
D000353,A0048,MP,Parliament,Initial,2020-08-28,129931.27,8994.65,6971.54,641929.58,26344.19,198791.54
D000354,A0048,MP,Parliament,Regular,2020-05-09,148538.83,9785.49,5930.21,142150.79,37966.24,33196.32
D000355,A0048,MP,Parliament,Regular,2019-07-25,147531.08,11814.74,9100.93,114014.87,31936.85,119371.54
D000356,A0048,MP,Parliament,Regular,2019-11-21,129553.96,10830.04,5502.87,53468.61,51481.01,197097.66
D000357,A0048,MP,Parliament,Exceptional,2019-01-26,112753.63,11244.16,6355.23,11857.18,16639.41,131179.26
D000358,A0048,MP,Parliament,Exceptional,2025-11-13,160210.37,6743.08,8445.29,165696.36,45688.42,135246.91
D000359,A0048,MP,Parliament,Exceptional,2023-06-28,113181.28,10185.56,7862.59,75034.47,4530.98,158919.73
D000360,A0048,MP,Parliament,Regular,2025-11-14,189872.53,8120.82,8713.05,138940.72,52639.04,738719.0
D000361,A0049,MP,Parliament,Initial,2018-09-17,88195.55,17378.16,16943.35,523495.1,58329.02,126968.11
D000362,A0049,MP,Parliament,Regular,2023-12-30,89899.03,25513.37,22447.35,98942.99,19371.91,56718.62
D000363,A0049,MP,Parliament,Regular,2024-02-20,94667.35,18527.58,16694.92,68747.92,40953.12,9681.85
D000364,A0049,MP,Parliament,Regular,2019-02-12,95943.87,23229.42,8747.53,185886.58,9479.01,91303.63
D000365,A0049,MP,Parliament,Regular,2024-02-21,110833.55,25992.4,23880.07,176429.55,18111.93,758145.67
D000366,A0050,MP,Parliament,Initial,2026-02-21,39334.0,7208.71,1648.41,195873.86,38934.67,10357.46
D000367,A0050,MP,Parliament,Regular,2025-11-04,44312.49,6698.55,974.54,19036.74,12805.27,15587.74
D000368,A0050,MP,Parliament,Regular,2024-08-28,38069.7,8506.15,839.51,139119.42,49026.54,197630.98
D000369,A0050,MP,Parliament,Regular,2022-09-26,43590.3,7047.96,1201.6,17866.22,48357.41,20640.31
D000370,A0050,MP,Parliament,Exceptional,2021-05-10,34164.12,9180.0,2065.72,26629.25,59576.41,28570.61
D000371,A0050,MP,Parliament,Exceptional,2023-12-13,42545.45,8003.97,1094.74,70237.54,12783.33,149653.77
D000372,A0050,MP,Parliament,Exceptional,2022-08-14,43583.57,6793.37,1182.31,179318.59,8400.79,24631.44
D000373,A0050,MP,Parliament,Regular,2026-02-22,56562.51,6138.47,1532.01,158215.33,14867.18,198926.93
D000374,A0051,MP,Parliament,Initial,2020-04-21,90099.91,14423.59,5698.42,501292.68,1609.46,169414.0
D000375,A0051,MP,Parliament,Regular,2023-10-22,97495.13,9932.76,5081.57,129233.95,47028.1,158755.61
D000376,A0051,MP,Parliament,Regular,2020-09-07,94466.72,8837.97,5696.04,118785.95,31697.19,195539.39
D000377,A0051,MP,Parliament,Regular,2022-01-19,106333.87,9115.46,7754.48,113676.08,21924.75,136588.41
D000378,A0051,MP,Parliament,Exceptional,2018-10-26,72831.78,8185.86,4343.25,7965.37,3628.13,157858.0
D000379,A0051,MP,Parliament,Exceptional,2023-09-07,84986.19,17490.47,7220.52,84715.05,24136.64,128107.46
D000380,A0051,MP,Parliament,Exceptional,2024-01-12,99832.82,11213.88,4615.19,102260.94,12191.85,161612.02
D000381,A0051,MP,Parliament,Regular,2024-01-13,119097.13,12847.55,6463.68,166905.29,40863.34,581955.27
D000382,A0052,MP,Parliament,Initial,2021-06-20,102995.84,16929.36,1158.12,482857.22,26069.02,90674.37
D000383,A0052,MP,Parliament,Regular,2025-06-21,115613.66,21003.55,717.39,141580.12,42089.98,32766.53
D000384,A0052,MP,Parliament,Regular,2021-11-21,108856.47,21720.15,1413.79,33392.59,7615.84,156224.8
D000385,A0052,MP,Parliament,Regular,2021-01-05,115343.06,10463.31,1621.25,67002.21,25759.47,104770.84
D000386,A0052,MP,Parliament,Exceptional,2024-06-19,114713.31,16864.14,1170.61,11087.82,51561.59,33376.28
D000387,A0052,MP,Parliament,Exceptional,2019-10-07,95534.62,10206.8,1243.72,144555.67,13704.27,101764.98
D000388,A0052,MP,Parliament,Exceptional,2018-06-30,126617.37,8672.71,632.31,72795.3,55213.59,35792.19
D000389,A0052,MP,Parliament,Regular,2025-06-22,162342.58,9063.36,1509.16,142804.16,39342.2,525736.33
D000390,A0053,MP,Parliament,Initial,2020-07-03,121585.48,6398.7,16519.94,377958.01,7164.06,134665.14
D000391,A0053,MP,Parliament,Regular,2023-10-14,145224.63,9304.22,9398.63,93018.84,16938.41,168969.3
D000392,A0053,MP,Parliament,Regular,2021-09-02,112577.9,6121.93,14354.5,58319.02,47070.43,147915.2
D000393,A0053,MP,Parliament,Regular,2020-09-20,126348.95,6985.41,16410.26,154522.65,11725.35,180088.66
D000394,A0053,MP,Parliament,Exceptional,2020-10-01,106421.72,9165.49,8654.97,108309.04,38156.51,138692.16
D000395,A0053,MP,Parliament,Exceptional,2018-02-09,155081.68,3208.71,19118.59,169801.2,43632.9,20789.8
D000396,A0053,MP,Parliament,Exceptional,2023-12-11,157034.68,5885.63,24138.69,194511.85,8542.41,55965.05
D000397,A0053,MP,Parliament,Regular,2023-12-12,124788.06,4680.48,22227.65,82611.36,53734.68,669003.46
D000398,A0054,MP,Parliament,Initial,2019-06-20,88077.06,10108.56,12744.31,481960.43,35513.75,12456.57
D000399,A0054,MP,Parliament,Regular,2020-08-27,86976.35,13655.79,18173.93,78590.53,49913.99,65250.31
D000400,A0054,MP,Parliament,Regular,2023-01-29,86455.28,5809.26,8955.59,155987.4,35082.48,31082.11
D000401,A0054,MP,Parliament,Regular,2019-11-05,91148.31,8228.7,7910.86,71657.49,46220.2,90383.42
D000402,A0054,MP,Parliament,Exceptional,2019-05-07,74443.65,13217.92,10249.17,140940.96,36198.15,43004.16
D000403,A0054,MP,Parliament,Exceptional,2021-09-04,76993.61,12243.05,18713.75,79248.89,2937.04,59768.14
D000404,A0054,MP,Parliament,Exceptional,2019-12-14,71830.46,9142.1,12135.15,149615.69,14991.16,92408.65
D000405,A0054,MP,Parliament,Regular,2023-01-30,130559.98,6467.38,6524.54,166074.47,58954.03,656985.58
D000406,A0055,MP,Parliament,Initial,2018-09-22,67223.97,12605.95,12893.7,239250.64,15529.24,162549.42
D000407,A0055,MP,Parliament,Regular,2020-03-20,78702.39,11892.85,8107.45,181015.59,49761.37,66309.98
D000408,A0055,MP,Parliament,Regular,2018-06-24,79504.73,6941.31,18362.33,86631.28,43465.85,99225.28
D000409,A0055,MP,Parliament,Regular,2022-04-17,74280.06,8481.37,9215.34,37430.22,16791.27,176684.76
D000410,A0055,MP,Parliament,Exceptional,2024-12-11,74517.01,14462.54,12879.41,176555.71,28741.86,17544.31
D000411,A0055,MP,Parliament,Exceptional,2022-04-18,58391.95,8817.33,17853.29,105162.81,37845.26,160433.62
D000412,A0055,MP,Parliament,Exceptional,2018-03-21,87035.0,16159.77,11077.13,108903.56,29080.77,182535.4
D000413,A0055,MP,Parliament,Regular,2024-12-12,87487.7,11198.89,8765.34,63775.51,13141.21,476968.49
D000414,A0056,MP,Parliament,Initial,2025-05-14,35859.12,19830.63,10588.65,169570.54,59976.34,194795.97
D000415,A0056,MP,Parliament,Regular,2020-09-14,35140.44,26102.76,15006.86,11181.73,59783.52,43882.32
D000416,A0056,MP,Parliament,Regular,2022-05-10,36090.11,26557.62,14244.07,35220.07,35551.17,161242.05
D000417,A0056,MP,Parliament,Regular,2025-10-28,36132.91,21646.37,12742.94,70336.43,34059.08,28420.46
D000418,A0056,MP,Parliament,Regular,2025-10-29,53861.05,25986.08,15569.41,108424.92,10533.41,251686.76
D000419,A0057,MP,Parliament,Initial,2019-12-28,90166.28,398.56,9559.78,336210.52,36848.09,161289.08
D000420,A0057,MP,Parliament,Regular,2021-08-18,82760.63,258.15,11516.63,28330.53,6655.24,105258.98
D000421,A0057,MP,Parliament,Regular,2022-02-03,107132.65,348.18,13784.47,79119.11,6061.93,60353.03
D000422,A0057,MP,Parliament,Regular,2019-07-13,107546.57,491.17,8956.26,127853.2,29232.0,63456.68
D000423,A0057,MP,Parliament,Exceptional,2024-04-20,103400.9,569.48,12303.36,44647.44,35337.01,35070.33
D000424,A0057,MP,Parliament,Exceptional,2021-06-10,105223.82,316.66,6478.74,359.58,42120.51,114566.96
D000425,A0057,MP,Parliament,Exceptional,2024-05-13,73592.94,439.37,13584.81,193506.34,13253.72,113110.05
D000426,A0057,MP,Parliament,Regular,2024-05-14,140840.87,255.33,11905.21,47599.19,58942.78,758829.61
D000427,A0058,MP,Parliament,Initial,2018-10-05,38872.6,14179.32,12782.05,204389.2,26797.8,53042.49
D000428,A0058,MP,Parliament,Regular,2021-12-06,37978.43,8621.51,6407.4,77187.42,43955.07,193820.37
D000429,A0058,MP,Parliament,Regular,2022-08-23,40735.56,12459.54,13370.33,20285.71,28769.36,172810.14
D000430,A0058,MP,Parliament,Regular,2025-04-20,43827.81,10288.27,12159.41,159838.91,2004.77,4015.6
D000431,A0058,MP,Parliament,Exceptional,2019-03-05,32540.26,9501.63,11190.15,146397.02,32822.78,179624.83
D000432,A0058,MP,Parliament,Exceptional,2019-01-17,37666.59,21060.2,17808.29,140900.93,25879.4,130727.04
D000433,A0058,MP,Parliament,Exceptional,2024-10-23,48391.59,9317.28,7685.31,41110.1,11399.06,139439.34
D000434,A0058,MP,Parliament,Regular,2025-04-21,55713.1,17440.19,9781.66,56304.61,14252.9,328387.49
D000435,A0059,MP,Parliament,Initial,2020-03-28,113985.45,3071.8,7216.58,496730.9,17672.97,132404.05
D000436,A0059,MP,Parliament,Regular,2019-02-02,103466.95,2060.66,5714.17,16387.22,50626.14,61670.68
D000437,A0059,MP,Parliament,Regular,2022-06-17,118691.15,4284.78,5520.71,128373.28,23251.63,74204.1
D000438,A0059,MP,Parliament,Regular,2022-04-12,115218.83,2905.23,5508.39,93011.59,13574.54,53712.4
D000439,A0059,MP,Parliament,Exceptional,2025-10-23,129229.21,1799.17,6089.29,108289.8,58242.33,117945.29
D000440,A0059,MP,Parliament,Exceptional,2024-03-17,94663.99,2725.01,7379.55,193125.54,41224.08,187272.29
D000441,A0059,MP,Parliament,Exceptional,2024-06-03,141436.22,2998.88,4178.07,180555.44,42858.34,100420.29
D000442,A0059,MP,Parliament,Regular,2025-10-24,175568.72,3994.72,8497.77,124054.62,7216.91,529454.3
D000443,A0060,MP,Parliament,Initial,2025-01-13,128436.8,19443.3,16169.21,607436.11,25402.49,197655.99
D000444,A0060,MP,Parliament,Regular,2019-08-29,147732.17,14735.81,22811.6,182834.79,4020.72,77619.83
D000445,A0060,MP,Parliament,Regular,2022-06-16,136864.34,26377.25,16487.56,183432.38,741.83,140082.42
D000446,A0060,MP,Parliament,Regular,2024-08-03,135727.98,17879.94,14785.82,29639.95,35276.05,151675.48
D000447,A0060,MP,Parliament,Regular,2025-01-14,199713.69,20662.08,9717.54,57218.57,32138.01,828892.36
D000448,A0061,MP,Parliament,Initial,2025-10-12,68304.35,9711.7,12179.24,369867.54,16524.85,28770.53
D000449,A0061,MP,Parliament,Regular,2022-07-04,62268.62,13495.12,10126.97,47515.86,44744.99,184167.0
D000450,A0061,MP,Parliament,Regular,2022-03-06,61888.51,12794.05,9780.6,56069.33,29497.15,139236.57
D000451,A0061,MP,Parliament,Regular,2019-02-07,81401.64,7069.7,9749.25,148744.73,46441.85,64173.66
D000452,A0061,MP,Parliament,Exceptional,2024-10-13,76690.58,6681.02,8664.2,164793.89,44456.69,151898.66
D000453,A0061,MP,Parliament,Exceptional,2022-03-12,82683.01,9859.99,8025.79,62224.62,30407.72,27129.96
D000454,A0061,MP,Parliament,Exceptional,2023-11-18,84674.6,5136.98,8437.33,166585.99,50218.6,49898.05
D000455,A0061,MP,Parliament,Regular,2025-10-13,87010.8,13771.49,14671.53,54795.5,49410.38,461536.55
D000456,A0062,MP,Parliament,Initial,2021-12-03,42387.29,611.26,7449.34,207213.68,10655.02,174096.15
D000457,A0062,MP,Parliament,Regular,2021-11-11,40227.83,852.4,9303.93,137770.11,17104.16,77313.13
D000458,A0062,MP,Parliament,Regular,2019-10-30,49005.91,782.31,5321.2,44270.22,13506.72,41346.2
D000459,A0062,MP,Parliament,Regular,2025-04-22,43355.93,317.89,9537.41,153514.55,533.88,182303.09
D000460,A0062,MP,Parliament,Exceptional,2024-09-28,50883.07,442.41,8256.43,188600.99,42764.43,141873.64
D000461,A0062,MP,Parliament,Exceptional,2021-02-01,42891.84,535.76,6322.32,50399.74,28001.88,135439.23
D000462,A0062,MP,Parliament,Exceptional,2024-12-29,42326.94,368.17,7535.1,132471.09,50597.04,74845.95
D000463,A0062,MP,Parliament,Regular,2025-04-23,58850.73,677.92,5948.11,21620.91,3830.22,259373.24
D000464,A0063,MP,Parliament,Initial,2018-08-21,116149.16,5222.94,14221.88,606426.65,17927.47,29985.86
D000465,A0063,MP,Parliament,Regular,2024-09-23,118614.95,4280.65,9101.0,5091.05,29842.37,59120.93
D000466,A0063,MP,Parliament,Regular,2022-09-11,118632.39,6459.38,15402.63,198950.75,48960.88,68633.41
D000467,A0063,MP,Parliament,Regular,2025-12-31,112282.43,5403.84,18273.65,181305.3,40312.11,101462.97
D000468,A0063,MP,Parliament,Regular,2026-01-01,174732.85,7189.35,9687.03,19520.61,7676.65,908209.56
D000469,A0064,MP,Parliament,Initial,2021-06-11,106291.82,3661.37,13594.25,526493.84,5357.99,71056.68
D000470,A0064,MP,Parliament,Regular,2022-09-19,120792.91,3043.76,10339.23,58810.22,51072.83,94107.31
D000471,A0064,MP,Parliament,Regular,2025-02-11,114271.4,5288.12,7765.25,177885.21,30028.64,173499.55
D000472,A0064,MP,Parliament,Regular,2022-04-13,112557.89,3343.22,18635.66,30155.69,59540.87,68533.98
D000473,A0064,MP,Parliament,Regular,2025-02-12,163233.1,5443.17,8744.15,172478.79,10821.41,581041.91
D000474,A0065,MP,Parliament,Initial,2019-10-11,128664.04,6268.28,1160.27,537655.88,12562.94,154708.45
D000475,A0065,MP,Parliament,Regular,2023-06-29,146106.16,8021.85,730.28,86742.28,25764.58,85805.09
D000476,A0065,MP,Parliament,Regular,2023-05-10,130593.34,3370.61,811.51,74620.28,844.63,64442.63
D000477,A0065,MP,Parliament,Regular,2023-12-16,123153.74,7376.19,1307.26,49764.62,41611.48,68869.95
D000478,A0065,MP,Parliament,Exceptional,2022-04-21,135311.88,5052.96,655.89,9143.67,56907.8,91185.26
D000479,A0065,MP,Parliament,Exceptional,2023-11-02,141296.91,5251.79,1610.43,199094.48,20563.97,180276.76
D000480,A0065,MP,Parliament,Exceptional,2022-01-11,151187.68,4167.68,1632.38,162401.66,1147.48,44864.27
D000481,A0065,MP,Parliament,Regular,2023-12-17,204695.18,4457.94,605.56,100926.71,7389.72,929224.75
D000482,A0066,MP,Parliament,Initial,2018-03-22,67519.24,12806.42,15424.99,250408.78,35635.44,9592.08
D000483,A0066,MP,Parliament,Regular,2018-07-17,74738.73,11740.61,13577.91,109456.48,28463.78,30625.42
D000484,A0066,MP,Parliament,Regular,2025-10-18,74657.51,6522.37,14204.44,20195.97,31218.55,124559.56
D000485,A0066,MP,Parliament,Regular,2025-11-10,63545.67,17040.9,9330.8,143753.24,7064.07,22802.51
D000486,A0066,MP,Parliament,Exceptional,2020-03-24,74575.07,16366.08,20538.36,194623.94,21475.31,81951.25
D000487,A0066,MP,Parliament,Exceptional,2019-10-19,55345.72,12759.74,10916.17,186624.87,19836.22,547.6
D000488,A0066,MP,Parliament,Exceptional,2025-07-14,57020.1,7817.44,16568.8,98820.81,56966.76,155905.24
D000489,A0066,MP,Parliament,Regular,2025-11-11,70559.56,15669.63,21668.71,128867.36,27405.07,341730.89
D000490,A0067,MP,Parliament,Initial,2019-04-20,35008.02,16263.57,17482.81,237804.8,21612.88,135353.31
D000491,A0067,MP,Parliament,Regular,2019-01-25,40447.35,22611.11,8910.5,27678.89,38831.92,65732.17
D000492,A0067,MP,Parliament,Regular,2022-11-28,41537.95,12495.45,21557.49,74524.43,20563.36,22766.4
D000493,A0067,MP,Parliament,Regular,2022-06-28,41613.79,12552.76,15484.79,170134.32,47993.95,129769.3
D000494,A0067,MP,Parliament,Exceptional,2019-04-09,30325.9,19945.82,25901.99,168869.97,6222.79,182245.35
D000495,A0067,MP,Parliament,Exceptional,2023-06-01,42049.27,19164.88,11910.35,75950.16,21515.93,5763.25
D000496,A0067,MP,Parliament,Exceptional,2025-09-04,43409.07,19959.93,24331.92,96615.93,29287.37,177518.79
D000497,A0067,MP,Parliament,Regular,2025-09-05,44264.59,9161.85,20192.18,2472.04,52099.94,324394.48
D000498,A0068,MP,Parliament,Initial,2022-11-08,102377.35,4479.7,19115.23,498050.95,31145.98,137648.33
D000499,A0068,MP,Parliament,Regular,2025-06-03,114457.43,4398.75,22244.59,128280.89,8919.27,165287.56
D000500,A0068,MP,Parliament,Regular,2024-11-15,93815.52,5122.08,12557.32,169769.11,51112.27,173883.13
D000501,A0068,MP,Parliament,Regular,2018-11-03,115218.44,3676.19,15882.74,55631.43,30415.76,110099.11
D000502,A0068,MP,Parliament,Exceptional,2020-08-20,85937.12,4229.68,20511.31,17603.97,29907.37,63212.31
D000503,A0068,MP,Parliament,Exceptional,2023-07-31,120049.68,2319.45,17269.46,7166.39,32945.93,165181.75
D000504,A0068,MP,Parliament,Exceptional,2024-10-10,131205.35,5095.83,26572.29,112466.51,39275.76,91241.58
D000505,A0068,MP,Parliament,Regular,2025-06-04,123314.81,5936.99,25166.89,168863.49,19918.36,641589.8
D000506,A0069,MP,Parliament,Initial,2025-02-08,101665.81,7265.89,9050.65,390465.19,39534.62,439.39
D000507,A0069,MP,Parliament,Regular,2021-04-10,108203.65,6349.59,5487.61,179375.42,29545.33,164367.73
D000508,A0069,MP,Parliament,Regular,2026-02-03,103980.05,5480.58,6298.54,24149.16,51131.66,43117.9
D000509,A0069,MP,Parliament,Regular,2020-02-20,113361.07,4415.96,8276.55,185325.31,50247.97,117762.22
D000510,A0069,MP,Parliament,Exceptional,2023-01-20,104583.0,7914.85,9088.64,192770.95,260.26,147242.79
D000511,A0069,MP,Parliament,Exceptional,2024-03-16,128877.08,9727.69,8896.17,101666.58,55269.74,35440.49
D000512,A0069,MP,Parliament,Exceptional,2024-06-27,90159.79,9556.42,5462.56,131504.36,36369.65,64368.75
D000513,A0069,MP,Parliament,Regular,2026-02-04,155430.18,6674.92,10037.11,138503.11,14894.33,572362.66
D000514,A0070,MP,Parliament,Initial,2024-02-22,59417.35,16095.94,2763.6,367043.3,53186.21,102458.92
D000515,A0070,MP,Parliament,Regular,2021-07-09,66164.93,23105.91,3130.01,40177.82,37450.06,58115.9
D000516,A0070,MP,Parliament,Regular,2021-11-15,69896.05,10183.44,3345.05,195035.9,10668.76,108498.3
D000517,A0070,MP,Parliament,Regular,2025-02-21,59222.13,9905.52,2355.24,96073.98,34238.29,133431.45
D000518,A0070,MP,Parliament,Exceptional,2023-12-27,56028.43,21686.07,3615.63,104546.0,1516.33,29065.34
D000519,A0070,MP,Parliament,Exceptional,2025-07-08,49215.54,12345.23,3552.7,196706.48,41003.42,29285.68
D000520,A0070,MP,Parliament,Exceptional,2018-09-12,68050.54,12798.53,3464.43,6461.28,48841.57,20496.0
D000521,A0070,MP,Parliament,Regular,2025-07-09,90363.17,19950.79,3771.88,148482.55,33676.23,494868.05
D000522,A0071,MP,Parliament,Initial,2021-07-04,109882.18,5752.77,13289.87,639763.99,23253.28,191340.39
D000523,A0071,MP,Parliament,Regular,2024-03-11,100667.53,7154.55,9343.94,173769.99,51626.68,88612.77
D000524,A0071,MP,Parliament,Regular,2020-07-12,128940.79,6929.96,15251.89,151021.54,32796.91,120677.4
D000525,A0071,MP,Parliament,Regular,2026-02-17,130681.44,4568.72,9002.9,136531.77,11218.59,34759.03
D000526,A0071,MP,Parliament,Exceptional,2022-03-26,90138.23,4482.06,10156.65,32185.77,50760.85,1129.03
D000527,A0071,MP,Parliament,Exceptional,2023-03-26,126896.84,3766.95,8687.63,64526.01,3051.33,186476.37
D000528,A0071,MP,Parliament,Exceptional,2024-11-26,134228.77,4608.86,17142.71,110032.04,4372.85,141536.31
D000529,A0071,MP,Parliament,Regular,2026-02-18,144521.11,8381.72,13563.73,157251.65,9562.23,605814.56
D000530,A0072,MP,Parliament,Initial,2023-04-30,64940.3,17667.93,13266.69,372469.57,17614.46,190061.66
D000531,A0072,MP,Parliament,Regular,2024-04-18,74493.44,26168.56,6750.14,133787.69,26740.03,180899.29
D000532,A0072,MP,Parliament,Regular,2024-11-18,76342.65,13141.89,7162.38,177132.03,22882.36,159241.32
D000533,A0072,MP,Parliament,Regular,2019-04-10,65963.93,18378.84,10385.55,182267.19,49326.54,74991.61
D000534,A0072,MP,Parliament,Regular,2024-11-19,82301.05,9608.74,18550.57,38502.48,30833.68,324416.59
D000535,A0073,MP,Parliament,Initial,2022-10-04,125627.62,10759.5,146.61,640120.01,40220.11,154716.45
D000536,A0073,MP,Parliament,Regular,2019-03-02,120812.8,14296.67,202.12,148275.01,26114.27,163350.87
D000537,A0073,MP,Parliament,Regular,2018-10-23,141213.89,7034.07,140.63,66343.08,5251.25,10853.61
D000538,A0073,MP,Parliament,Regular,2020-10-28,134098.1,11566.05,106.68,51729.59,23281.96,126043.45
D000539,A0073,MP,Parliament,Exceptional,2018-03-11,124968.19,6652.66,74.17,144057.14,3794.26,149190.21
D000540,A0073,MP,Parliament,Exceptional,2018-07-06,144527.17,6160.77,209.37,21227.11,47213.51,60270.14
D000541,A0073,MP,Parliament,Exceptional,2018-12-21,118185.28,15350.48,129.23,164424.47,1849.15,31264.69
D000542,A0073,MP,Parliament,Regular,2022-10-05,142200.35,13414.44,190.12,169893.49,17698.71,517790.13
D000543,A0074,MP,Parliament,Initial,2019-08-03,118697.81,19307.31,17342.78,708886.99,57443.5,2230.04
D000544,A0074,MP,Parliament,Regular,2019-05-20,108315.54,20711.31,15505.86,109505.09,5107.61,42010.58
D000545,A0074,MP,Parliament,Regular,2026-02-21,119072.36,17620.9,19873.64,102510.54,9657.26,44157.59
D000546,A0074,MP,Parliament,Regular,2020-11-01,113747.86,13155.19,22539.72,170450.23,51083.26,186473.97
D000547,A0074,MP,Parliament,Regular,2026-02-22,151548.51,20266.2,13712.11,13472.55,5892.14,665286.28
D000548,A0075,MP,Parliament,Initial,2023-01-20,63085.09,2564.3,13109.46,263579.03,37170.95,180023.72
D000549,A0075,MP,Parliament,Regular,2021-09-06,68441.19,2066.0,14212.88,113110.4,21869.61,63266.63
D000550,A0075,MP,Parliament,Regular,2022-10-21,59968.18,2085.33,16854.31,142439.83,38450.31,55335.97
D000551,A0075,MP,Parliament,Regular,2022-01-12,59318.39,3161.72,18063.34,92569.68,21524.5,61094.36
D000552,A0075,MP,Parliament,Exceptional,2019-12-21,70830.42,1492.36,10233.45,165288.73,53477.82,39286.39
D000553,A0075,MP,Parliament,Exceptional,2026-03-24,78425.36,1478.22,7543.18,3726.06,30430.7,6238.85
D000554,A0075,MP,Parliament,Exceptional,2024-07-11,68728.08,3254.61,9343.91,7331.26,15636.98,178797.19
D000555,A0075,MP,Parliament,Regular,2026-03-25,83512.44,2958.97,8503.23,78499.67,53486.25,443779.34
D000556,A0076,MP,Parliament,Initial,2024-11-20,43388.13,10022.46,1811.08,272521.7,635.5,47776.16
D000557,A0076,MP,Parliament,Regular,2025-09-03,41208.01,10164.15,1713.68,35829.04,56922.71,131882.66
D000558,A0076,MP,Parliament,Regular,2019-08-22,48628.37,9857.13,1555.35,43763.82,29258.53,12572.23
D000559,A0076,MP,Parliament,Regular,2022-02-22,42095.4,11712.11,1843.47,158292.09,23285.59,183580.39
D000560,A0076,MP,Parliament,Regular,2025-09-04,44426.96,11511.05,1092.49,193688.28,38014.02,250330.75
D000561,A0077,MP,Parliament,Initial,2020-10-27,87863.14,11403.2,7533.19,280518.73,35260.73,179645.32
D000562,A0077,MP,Parliament,Regular,2022-03-22,104715.49,8243.37,6823.88,163447.35,20701.94,158531.49
D000563,A0077,MP,Parliament,Regular,2024-10-10,79250.74,15759.62,7080.44,45998.15,30872.48,56161.9
D000564,A0077,MP,Parliament,Regular,2019-09-08,84003.47,9832.1,9170.17,23666.04,13820.78,162234.53
D000565,A0077,MP,Parliament,Exceptional,2023-05-27,99954.4,11163.98,8217.14,129451.85,24653.95,48734.06
D000566,A0077,MP,Parliament,Exceptional,2019-06-08,95484.68,7538.99,8509.04,7838.17,34336.16,11182.4
D000567,A0077,MP,Parliament,Exceptional,2020-11-23,110815.06,11592.96,6820.98,193848.74,38257.36,175701.8
D000568,A0077,MP,Parliament,Regular,2024-10-11,126240.41,15067.09,10902.44,43318.68,36391.55,567346.78
D000569,A0078,MP,Parliament,Initial,2019-11-18,51936.38,8215.34,2854.24,239820.82,46049.41,124642.35
D000570,A0078,MP,Parliament,Regular,2026-02-14,57424.88,11685.1,3129.77,13768.58,22692.68,26442.64
D000571,A0078,MP,Parliament,Regular,2018-03-09,49895.52,11169.5,2866.69,83959.0,8973.67,19259.72
D000572,A0078,MP,Parliament,Regular,2023-05-04,60790.62,9035.34,3932.44,106285.99,45142.99,18637.99
D000573,A0078,MP,Parliament,Exceptional,2024-10-07,55553.39,4117.53,4103.64,135711.87,25889.81,84136.8
D000574,A0078,MP,Parliament,Exceptional,2018-06-27,59665.63,7631.69,4105.6,96424.69,46120.3,70103.56
D000575,A0078,MP,Parliament,Exceptional,2025-10-24,56509.92,7603.21,2153.58,153171.78,54605.12,16763.52
D000576,A0078,MP,Parliament,Regular,2026-02-15,70580.27,8574.6,2162.96,1093.89,44618.74,303715.29
D000577,A0079,MP,Parliament,Initial,2024-07-25,81976.18,7500.6,4108.37,351108.71,24530.7,21316.64
D000578,A0079,MP,Parliament,Regular,2020-11-04,80204.75,7771.41,4374.06,122376.14,59507.92,79490.83
D000579,A0079,MP,Parliament,Regular,2020-04-14,83941.03,9629.18,4036.34,74042.59,33294.68,50755.53
D000580,A0079,MP,Parliament,Regular,2021-06-10,87984.66,9557.22,3689.85,27613.7,51829.83,23817.15
D000581,A0079,MP,Parliament,Exceptional,2025-11-04,104488.7,4502.45,4142.65,157216.22,48051.22,122805.07
D000582,A0079,MP,Parliament,Exceptional,2025-09-04,94550.92,4955.93,6017.0,1058.13,5465.32,29065.69
D000583,A0079,MP,Parliament,Exceptional,2024-09-24,83426.24,4230.94,2965.3,16007.95,2265.32,76865.2
D000584,A0079,MP,Parliament,Regular,2025-11-05,130396.96,8355.41,4194.67,142321.17,35848.35,657264.1
D000585,A0080,MP,Parliament,Initial,2024-09-21,94029.13,8779.44,4034.14,263355.87,48234.59,57201.3
D000586,A0080,MP,Parliament,Regular,2023-09-23,99176.67,6423.66,2700.79,7212.23,14355.4,57.45
D000587,A0080,MP,Parliament,Regular,2019-10-07,87075.94,6812.29,3628.45,133932.41,24327.06,40062.08
D000588,A0080,MP,Parliament,Regular,2018-03-04,105413.96,4992.14,2380.81,56898.76,49785.89,183001.79
D000589,A0080,MP,Parliament,Exceptional,2021-02-06,85862.49,12844.82,3851.64,80791.29,279.09,35006.96
D000590,A0080,MP,Parliament,Exceptional,2023-09-05,80228.71,5025.23,3204.13,189403.09,48176.53,191341.87
D000591,A0080,MP,Parliament,Exceptional,2024-01-13,113453.07,9436.97,4817.54,193211.09,33790.12,153993.44
D000592,A0080,MP,Parliament,Regular,2024-09-22,136763.86,12828.86,3868.13,92144.09,35209.59,438334.25
D000593,A0081,MP,Parliament,Initial,2023-10-17,36755.43,12673.24,19883.96,332086.9,13795.81,63146.14
D000594,A0081,MP,Parliament,Regular,2024-01-04,33187.1,16882.99,14878.32,18601.89,40421.88,164214.94
D000595,A0081,MP,Parliament,Regular,2018-11-08,39194.72,8598.61,16183.01,43713.23,34422.76,36556.89
D000596,A0081,MP,Parliament,Regular,2025-08-30,43337.46,8746.66,24598.69,46972.27,14523.39,53081.07
D000597,A0081,MP,Parliament,Exceptional,2020-10-19,44774.26,10848.64,25430.36,23975.7,4709.25,191155.94
D000598,A0081,MP,Parliament,Exceptional,2023-07-11,40685.08,16022.07,20708.63,8452.63,28937.52,124133.49
D000599,A0081,MP,Parliament,Exceptional,2023-07-10,45909.75,17501.58,21365.7,54946.61,10972.31,152852.47
D000600,A0081,MP,Parliament,Regular,2025-08-31,48027.59,11379.04,24858.32,25649.19,31544.13,415244.54
D000601,A0082,MP,Parliament,Initial,2021-07-16,33256.26,6945.78,17208.0,224552.07,27431.76,24073.64
D000602,A0082,MP,Parliament,Regular,2025-09-24,30014.63,8155.06,15133.2,20149.57,21696.14,172368.4
D000603,A0082,MP,Parliament,Regular,2020-02-06,35403.59,5120.01,16714.91,122616.81,21955.45,99754.0
D000604,A0082,MP,Parliament,Regular,2020-05-12,34111.88,8697.48,14886.26,80118.52,27043.74,114281.94
D000605,A0082,MP,Parliament,Regular,2025-09-25,46944.78,9128.08,21007.8,160817.52,33320.4,224157.47
D000606,A0083,MP,Parliament,Initial,2025-01-27,110003.75,14770.84,9459.74,648286.51,25291.24,26894.34
D000607,A0083,MP,Parliament,Regular,2023-10-19,116625.4,12048.98,9333.17,50194.81,51510.12,9541.86
D000608,A0083,MP,Parliament,Regular,2019-02-10,121792.07,8272.21,12428.38,95307.88,37791.73,89970.96
D000609,A0083,MP,Parliament,Regular,2021-10-02,107576.04,12707.45,10003.6,162003.18,20648.42,82352.18
D000610,A0083,MP,Parliament,Exceptional,2025-08-15,140976.21,10324.2,10177.68,129826.19,10472.33,156061.82
D000611,A0083,MP,Parliament,Exceptional,2021-12-25,105883.57,14925.11,12058.75,89386.02,4704.45,122732.75
D000612,A0083,MP,Parliament,Exceptional,2023-03-15,122748.35,9524.95,6315.09,161543.43,20243.3,126254.68
D000613,A0083,MP,Parliament,Regular,2025-08-16,147733.11,19924.4,5404.77,32399.9,13693.08,565856.35
D000614,A0084,MP,Parliament,Initial,2023-01-19,56747.24,12892.89,5424.96,303976.48,51768.39,72632.97
D000615,A0084,MP,Parliament,Regular,2022-08-23,53920.97,17459.7,3390.82,46925.44,15098.82,148775.07
D000616,A0084,MP,Parliament,Regular,2018-11-24,54657.32,11565.51,3230.86,187358.73,28391.15,10765.09
D000617,A0084,MP,Parliament,Regular,2022-06-15,59992.89,19287.93,3276.29,123620.43,5058.68,186317.92
D000618,A0084,MP,Parliament,Exceptional,2020-07-28,52417.33,10110.28,6111.11,26255.42,50311.07,5714.26
D000619,A0084,MP,Parliament,Exceptional,2025-06-10,55522.67,18246.95,7400.96,93438.7,52253.9,186971.51
D000620,A0084,MP,Parliament,Exceptional,2024-02-25,58019.65,18946.64,6497.06,35407.33,35855.05,126209.5
D000621,A0084,MP,Parliament,Regular,2025-06-11,78396.92,13717.83,5552.23,127905.65,18579.68,394462.24
D000622,A0085,MP,Parliament,Initial,2019-07-13,110470.78,8837.21,7315.67,571567.84,18214.37,18.47
D000623,A0085,MP,Parliament,Regular,2021-11-09,108927.35,9147.38,8689.33,98386.33,45328.36,59922.1
D000624,A0085,MP,Parliament,Regular,2022-10-30,125869.24,9694.45,9486.72,109642.44,11314.26,176432.41
D000625,A0085,MP,Parliament,Regular,2022-11-26,112506.27,5861.45,9050.34,77944.65,22701.48,52596.06
D000626,A0085,MP,Parliament,Exceptional,2020-09-08,116911.78,11488.01,8143.92,138784.91,16311.91,129691.41
D000627,A0085,MP,Parliament,Exceptional,2023-12-19,133051.48,8067.52,9901.62,36481.44,17375.72,127378.54
D000628,A0085,MP,Parliament,Exceptional,2024-12-05,113385.4,10608.82,7257.11,64128.74,9128.96,193943.24
D000629,A0085,MP,Parliament,Regular,2024-12-06,111937.67,13011.31,5721.69,25007.84,26305.0,346292.78
D000630,A0086,MP,Parliament,Initial,2018-05-10,31472.48,4343.76,8404.86,183667.31,29903.75,74279.42
D000631,A0086,MP,Parliament,Regular,2021-09-14,29082.68,5432.18,5430.28,53300.72,23545.31,108638.39
D000632,A0086,MP,Parliament,Regular,2020-01-14,30139.87,5827.33,11071.31,165650.41,7317.69,153629.13
D000633,A0086,MP,Parliament,Regular,2020-10-16,31958.4,6406.93,6279.79,198907.08,11950.79,147064.56
D000634,A0086,MP,Parliament,Exceptional,2025-06-20,40632.8,4225.72,9929.86,62421.87,19383.79,125832.85
D000635,A0086,MP,Parliament,Exceptional,2018-06-22,36897.15,4559.13,5229.01,96245.92,17928.79,72085.33
D000636,A0086,MP,Parliament,Exceptional,2018-08-02,38768.71,3117.9,5151.58,126581.79,19470.81,33472.07
D000637,A0086,MP,Parliament,Regular,2025-06-21,36686.22,2691.61,10835.07,1785.97,2519.6,181097.63
D000638,A0087,MP,Parliament,Initial,2025-01-04,89621.23,7427.97,1789.6,476344.88,5484.09,123728.97
D000639,A0087,MP,Parliament,Regular,2018-09-03,82266.24,8501.87,2149.89,158293.25,7549.65,46534.93
D000640,A0087,MP,Parliament,Regular,2024-04-06,101860.67,9334.72,2336.37,87743.78,11577.92,137850.0
D000641,A0087,MP,Parliament,Regular,2022-01-07,100135.57,5576.15,965.47,141325.2,33541.49,108546.82
D000642,A0087,MP,Parliament,Exceptional,2024-05-10,80059.84,6296.43,2205.5,55064.89,49880.98,182894.8
D000643,A0087,MP,Parliament,Exceptional,2024-03-21,78882.07,7659.26,1699.02,163883.71,32496.36,90815.8
D000644,A0087,MP,Parliament,Exceptional,2025-02-26,94369.26,9163.58,2474.89,123946.92,21844.51,124039.46
D000645,A0087,MP,Parliament,Regular,2025-02-27,106865.83,4184.49,2625.63,163809.95,11392.17,505681.82
D000646,A0088,MP,Parliament,Initial,2019-06-16,45413.15,5662.58,8196.09,156306.45,5775.38,131778.21
D000647,A0088,MP,Parliament,Regular,2020-01-02,52772.25,3975.58,8076.18,19750.72,34260.73,167259.91
D000648,A0088,MP,Parliament,Regular,2025-05-18,47546.34,6364.57,8936.21,9817.13,13243.37,143569.04
D000649,A0088,MP,Parliament,Regular,2018-02-23,53544.98,4013.29,8125.65,177953.47,4797.41,160203.99
D000650,A0088,MP,Parliament,Exceptional,2024-04-04,53212.35,7873.43,10835.45,158849.92,3498.0,123386.67
D000651,A0088,MP,Parliament,Exceptional,2023-12-07,37253.61,3229.87,6588.87,188920.7,57635.2,19423.85
D000652,A0088,MP,Parliament,Exceptional,2026-02-18,41576.15,5013.26,5680.87,131375.3,34201.66,189500.67
D000653,A0088,MP,Parliament,Regular,2026-02-19,60629.01,5991.81,10213.22,153256.68,34593.82,333390.17
D000654,A0089,MP,Parliament,Initial,2024-09-23,72707.5,2082.05,15849.23,347695.01,30281.57,131506.38
D000655,A0089,MP,Parliament,Regular,2022-12-20,85798.92,2920.04,16642.98,199370.06,50691.24,82468.66
D000656,A0089,MP,Parliament,Regular,2025-02-06,74828.84,2552.32,17567.5,112628.94,12835.69,153141.64
D000657,A0089,MP,Parliament,Regular,2020-11-06,73289.35,1982.95,23137.1,39.13,2079.77,56896.43
D000658,A0089,MP,Parliament,Exceptional,2019-07-08,94280.25,1669.47,12684.68,44377.34,51343.23,4340.27
D000659,A0089,MP,Parliament,Exceptional,2025-09-26,88061.05,2954.66,16027.88,114133.64,34296.71,18857.43
D000660,A0089,MP,Parliament,Exceptional,2023-03-01,71095.42,1329.2,13742.6,116431.14,13979.65,162214.85
D000661,A0089,MP,Parliament,Regular,2025-09-27,76716.81,1873.42,22472.34,146853.19,43414.83,311031.15
D000662,A0090,MP,Parliament,Initial,2024-06-18,112570.52,13791.9,11524.65,592984.43,35713.87,60078.65
D000663,A0090,MP,Parliament,Regular,2022-04-12,103963.74,7667.23,14646.69,69586.04,49028.5,83304.34
D000664,A0090,MP,Parliament,Regular,2019-05-09,130687.17,10022.82,13285.38,120460.33,686.06,155483.72
D000665,A0090,MP,Parliament,Regular,2022-04-16,103141.44,14128.19,9442.34,112982.58,19609.9,139553.73
D000666,A0090,MP,Parliament,Exceptional,2025-07-22,131233.51,12314.55,10897.9,119026.44,30283.76,44417.13
D000667,A0090,MP,Parliament,Exceptional,2021-04-01,134317.37,8937.32,9636.54,95170.93,44718.9,109630.48
D000668,A0090,MP,Parliament,Exceptional,2020-12-11,94845.11,13817.05,14680.39,26075.03,8092.25,111859.24
D000669,A0090,MP,Parliament,Regular,2025-07-23,145521.79,15891.7,8022.3,123199.37,44140.07,500026.51
D000670,A0091,MP,Parliament,Initial,2021-08-06,107677.19,6468.23,18482.76,455357.17,40304.85,84708.12
D000671,A0091,MP,Parliament,Regular,2021-11-12,116093.58,3390.69,14875.27,197530.38,36973.26,198031.84
D000672,A0091,MP,Parliament,Regular,2022-12-17,117040.22,6083.14,26323.39,46697.92,41121.55,31198.24
D000673,A0091,MP,Parliament,Regular,2026-03-03,124456.44,3960.96,10249.39,189788.18,55603.78,173750.47
D000674,A0091,MP,Parliament,Regular,2026-03-04,108564.45,7721.75,11298.11,90012.31,1364.89,479627.38
D000675,A0092,MP,Parliament,Initial,2018-03-17,50380.14,10465.32,5173.16,273303.78,43795.42,28269.48
D000676,A0092,MP,Parliament,Regular,2022-03-23,54153.68,12176.69,2811.52,34063.93,17040.81,157837.7
D000677,A0092,MP,Parliament,Regular,2024-12-06,49442.28,10098.62,7476.13,13319.56,39622.37,132596.33
D000678,A0092,MP,Parliament,Regular,2025-05-27,50786.49,6361.78,4099.71,176680.46,23191.39,195958.57
D000679,A0092,MP,Parliament,Exceptional,2025-12-16,42813.13,8534.01,7070.53,106312.13,11185.04,100130.16
D000680,A0092,MP,Parliament,Exceptional,2023-02-19,54427.87,12688.88,2792.23,184454.02,18295.65,97986.57
D000681,A0092,MP,Parliament,Exceptional,2019-10-06,40766.91,12394.19,4425.01,60465.24,59759.66,195717.56
D000682,A0092,MP,Parliament,Regular,2025-12-17,58719.41,5881.61,3919.6,77434.12,59997.11,336339.53
D000683,A0093,MP,Parliament,Initial,2025-08-09,124911.64,4511.65,6835.72,514983.92,8235.64,145977.93
D000684,A0093,MP,Parliament,Regular,2024-11-13,145123.65,5353.18,6270.64,114579.71,25587.9,62476.55
D000685,A0093,MP,Parliament,Regular,2024-10-15,124759.93,4702.2,4831.2,27715.31,32481.23,160021.01
D000686,A0093,MP,Parliament,Regular,2019-07-20,123999.73,5437.16,6998.45,27050.5,59741.15,195155.38
D000687,A0093,MP,Parliament,Exceptional,2024-05-02,157208.3,3688.26,7227.69,189720.31,7103.24,63519.52
D000688,A0093,MP,Parliament,Exceptional,2019-08-20,145339.66,5709.2,9434.2,82808.03,24675.11,88600.9
D000689,A0093,MP,Parliament,Exceptional,2025-02-21,158216.21,3491.1,8743.63,21354.29,11084.79,152489.5
D000690,A0093,MP,Parliament,Regular,2025-08-10,170777.82,3459.82,7294.01,46182.27,13930.95,629833.74
D000691,A0094,MP,Parliament,Initial,2023-07-06,98814.13,9532.04,10046.49,553799.13,42721.15,74791.88
D000692,A0094,MP,Parliament,Regular,2023-04-25,93009.18,6608.18,5347.04,152907.77,900.86,53971.74
D000693,A0094,MP,Parliament,Regular,2022-08-19,95530.17,11165.26,7061.01,40912.42,10624.69,190939.81
D000694,A0094,MP,Parliament,Regular,2022-12-05,114638.09,9436.18,8287.31,91508.99,14807.03,80973.35
D000695,A0094,MP,Parliament,Exceptional,2026-03-31,119778.95,11631.01,8983.08,187827.83,34316.07,107231.88
D000696,A0094,MP,Parliament,Exceptional,2025-03-12,122321.17,12266.98,10253.94,90321.92,49620.61,8483.18
D000697,A0094,MP,Parliament,Exceptional,2020-10-03,104678.88,8537.01,12409.13,111540.19,30967.6,126129.71
D000698,A0094,MP,Parliament,Regular,2026-04-01,101736.78,7541.56,9022.15,60910.83,49657.26,419833.36
D000699,A0095,MP,Parliament,Initial,2019-04-09,91313.43,1090.93,10339.39,433777.72,49793.61,90339.62
D000700,A0095,MP,Parliament,Regular,2020-01-07,103514.67,1568.59,12367.09,27061.33,24813.56,90177.17
D000701,A0095,MP,Parliament,Regular,2020-01-03,94610.23,1523.62,14431.67,176509.69,5410.78,64814.96
D000702,A0095,MP,Parliament,Regular,2025-04-10,107032.92,1414.38,12597.26,24708.84,6849.9,89879.68
D000703,A0095,MP,Parliament,Exceptional,2023-11-16,105342.78,1338.44,15252.58,122414.51,9593.98,110069.18
D000704,A0095,MP,Parliament,Exceptional,2018-06-29,108126.98,1540.67,11016.54,131906.07,9005.38,173763.71
D000705,A0095,MP,Parliament,Exceptional,2020-01-03,108167.91,601.44,8354.87,146032.35,57657.97,57756.11
D000706,A0095,MP,Parliament,Regular,2025-04-11,101213.41,1525.72,15100.0,706.58,45923.75,423347.0
D000707,A0096,MP,Parliament,Initial,2022-12-15,79864.22,16149.09,12159.68,388308.02,13012.43,131894.12
D000708,A0096,MP,Parliament,Regular,2018-11-22,86282.51,8180.69,16806.72,55622.59,37718.13,164024.28
D000709,A0096,MP,Parliament,Regular,2020-04-30,73049.86,10468.75,14023.48,7344.21,51229.76,133399.31
D000710,A0096,MP,Parliament,Regular,2024-10-07,79028.24,22937.92,6676.04,83391.38,10694.9,134418.1
D000711,A0096,MP,Parliament,Exceptional,2025-10-03,91837.74,17316.39,12915.73,193258.65,44960.09,72037.73
D000712,A0096,MP,Parliament,Exceptional,2018-05-27,67610.11,12907.88,10561.53,75787.87,4060.0,85464.77
D000713,A0096,MP,Parliament,Exceptional,2024-03-04,66484.01,15677.81,7563.6,171881.59,19752.51,82751.58
D000714,A0096,MP,Parliament,Regular,2025-10-04,89919.71,11450.53,6787.35,114273.42,58761.0,303361.92
D000715,A0097,MP,Parliament,Initial,2024-06-13,102407.41,12095.56,15763.7,413018.23,25623.22,169559.59
D000716,A0097,MP,Parliament,Regular,2024-12-27,103037.83,7616.73,16751.05,103941.16,37911.46,98500.89
D000717,A0097,MP,Parliament,Regular,2020-01-07,119314.79,8862.68,12461.01,38711.09,7092.43,92977.13
D000718,A0097,MP,Parliament,Regular,2019-04-29,114823.34,8555.56,17581.38,82926.42,2729.53,69930.01
D000719,A0097,MP,Parliament,Regular,2024-12-28,115454.4,13796.42,18759.07,50883.5,4070.16,555097.78
D000720,A0098,MP,Parliament,Initial,2020-03-05,106703.26,2276.74,6665.66,531672.22,34135.29,192022.57
D000721,A0098,MP,Parliament,Regular,2021-09-15,122724.5,3238.15,6526.4,94900.09,2133.5,27150.78
D000722,A0098,MP,Parliament,Regular,2019-09-29,116110.24,3169.35,6912.07,67021.93,47039.34,82790.61
D000723,A0098,MP,Parliament,Regular,2018-08-18,122765.49,1819.89,8165.19,63100.57,32153.13,41652.49
D000724,A0098,MP,Parliament,Exceptional,2021-12-19,88895.18,1478.3,8936.91,67830.48,22514.45,106854.64
D000725,A0098,MP,Parliament,Exceptional,2019-11-11,115825.41,2025.31,7300.17,172918.74,45092.41,141053.24
D000726,A0098,MP,Parliament,Exceptional,2021-07-12,123233.73,1756.5,3911.39,175409.75,22295.01,165891.49
D000727,A0098,MP,Parliament,Regular,2021-12-20,126078.14,2333.88,4499.4,74843.14,2243.7,368170.24
D000728,A0099,MP,Parliament,Initial,2021-06-25,80599.47,15980.51,18099.12,527100.88,20406.95,96694.39
D000729,A0099,MP,Parliament,Regular,2021-09-02,76004.37,21922.04,23929.54,187604.77,40603.04,26543.43
D000730,A0099,MP,Parliament,Regular,2026-02-15,73423.36,14184.11,24701.86,23167.2,18658.88,8805.99
D000731,A0099,MP,Parliament,Regular,2024-08-31,93621.32,13316.39,25143.04,20620.57,45970.81,149110.95
D000732,A0099,MP,Parliament,Exceptional,2021-07-02,90225.1,11343.69,12679.44,57313.48,31936.55,154557.42
D000733,A0099,MP,Parliament,Exceptional,2025-07-11,69220.87,10376.47,14002.14,3051.34,37376.7,102812.13
D000734,A0099,MP,Parliament,Exceptional,2020-04-26,86343.34,16769.39,13955.36,188655.56,48240.17,114816.59
D000735,A0099,MP,Parliament,Regular,2026-02-16,88882.27,12966.22,25198.37,108115.42,3043.57,606471.37
D000736,A0100,MP,Parliament,Initial,2025-09-27,35045.6,7671.99,1722.39,181292.81,42280.66,178255.18
D000737,A0100,MP,Parliament,Regular,2025-11-04,36228.42,6564.34,1433.6,39629.43,45504.15,161859.96
D000738,A0100,MP,Parliament,Regular,2018-11-18,41778.02,9634.05,1663.31,26359.06,48771.06,183937.81
D000739,A0100,MP,Parliament,Regular,2023-04-03,32563.63,6217.32,1971.14,153298.7,28232.75,189489.65
D000740,A0100,MP,Parliament,Exceptional,2024-12-01,32558.29,6624.38,1177.0,183452.88,19819.68,172158.32
D000741,A0100,MP,Parliament,Exceptional,2021-08-23,35979.27,4068.18,1679.91,70288.16,27674.5,34160.31
D000742,A0100,MP,Parliament,Exceptional,2021-11-28,38627.97,4813.36,1038.49,163510.58,47805.47,65173.95
D000743,A0100,MP,Parliament,Regular,2025-11-05,48701.85,9915.52,1778.79,80163.29,24806.51,226822.35
D000744,A0101,MP,Parliament,Initial,2021-11-02,127389.17,7676.33,6814.28,514195.47,35458.21,156862.8
D000745,A0101,MP,Parliament,Regular,2024-02-09,141177.77,5166.83,7970.02,147873.41,42714.53,167349.64
D000746,A0101,MP,Parliament,Regular,2019-04-14,137280.81,7391.6,7189.67,164404.61,10570.44,191176.69
D000747,A0101,MP,Parliament,Regular,2018-10-13,137513.78,9100.35,7471.22,163973.15,19644.49,128997.82
D000748,A0101,MP,Parliament,Exceptional,2020-06-10,153951.96,10649.08,9562.18,127226.56,11.06,29345.07
D000749,A0101,MP,Parliament,Exceptional,2019-09-04,130763.36,6075.84,7601.82,89431.95,12339.7,175485.07
D000750,A0101,MP,Parliament,Exceptional,2021-05-12,138234.86,10848.22,5482.43,188666.66,26083.62,196516.06
D000751,A0101,MP,Parliament,Regular,2024-02-10,153702.52,4523.56,3462.47,197284.33,24251.84,532204.37
D000752,A0102,MP,Parliament,Initial,2018-05-08,66922.29,10977.7,1062.55,375974.18,49245.2,71848.93
D000753,A0102,MP,Parliament,Regular,2020-08-21,68897.48,11967.49,1195.59,142354.73,24361.96,87038.01
D000754,A0102,MP,Parliament,Regular,2020-05-15,73530.62,10701.85,731.27,76919.01,55468.92,167992.54
D000755,A0102,MP,Parliament,Regular,2019-09-24,66021.6,15069.48,664.67,2320.55,38903.35,28799.18
D000756,A0102,MP,Parliament,Regular,2020-08-22,93340.27,16191.84,675.54,27444.05,48356.5,533331.86
D000757,A0103,MP,Parliament,Initial,2020-07-13,99539.05,18606.22,12464.97,434151.04,25447.48,164014.28
D000758,A0103,MP,Parliament,Regular,2020-02-01,102269.56,9441.35,12442.0,146182.68,42727.8,53850.09
D000759,A0103,MP,Parliament,Regular,2024-02-16,106796.02,9925.71,6704.47,96653.63,22114.72,116053.76
D000760,A0103,MP,Parliament,Regular,2025-09-29,91975.97,22889.1,12794.15,171870.13,45034.93,55884.07
D000761,A0103,MP,Parliament,Exceptional,2023-11-14,123921.91,10948.76,12121.58,148337.22,57624.66,15616.38
D000762,A0103,MP,Parliament,Exceptional,2025-02-08,106466.83,20087.8,13874.0,180717.05,32102.0,2156.68
D000763,A0103,MP,Parliament,Exceptional,2023-02-03,105146.24,18033.75,15379.46,84203.22,57634.88,159644.64
D000764,A0103,MP,Parliament,Regular,2025-09-30,116811.57,9960.4,17735.96,149885.06,43618.3,369905.9
D000765,A0104,MP,Parliament,Initial,2018-12-04,77316.05,3381.58,1032.4,267138.11,48533.75,124863.4
D000766,A0104,MP,Parliament,Regular,2019-06-04,81311.66,4570.03,803.05,26507.75,16858.32,171571.68
D000767,A0104,MP,Parliament,Regular,2018-02-28,86781.76,3732.67,1455.82,147793.45,39549.34,73953.37
D000768,A0104,MP,Parliament,Regular,2019-12-20,75644.15,4060.52,1016.83,159874.4,51720.87,68569.6
D000769,A0104,MP,Parliament,Exceptional,2019-08-18,84875.4,4469.52,1380.95,150552.26,24776.87,76633.4
D000770,A0104,MP,Parliament,Exceptional,2025-05-30,78869.53,3846.81,733.89,146872.22,20704.54,128452.22
D000771,A0104,MP,Parliament,Exceptional,2019-04-21,63883.29,3259.9,1007.86,95253.25,56895.11,184491.85
D000772,A0104,MP,Parliament,Regular,2025-05-31,88155.52,4002.14,918.91,52525.03,31826.53,304673.01
D000773,A0105,MP,Parliament,Initial,2021-12-20,109730.9,7640.08,6313.77,479864.48,57352.24,19472.86
D000774,A0105,MP,Parliament,Regular,2022-11-04,118854.55,8801.88,4877.96,54065.22,48138.98,51068.78
D000775,A0105,MP,Parliament,Regular,2024-07-20,111634.31,9726.98,7886.48,146862.69,35323.46,38985.14
D000776,A0105,MP,Parliament,Regular,2021-10-14,121067.8,11408.28,5134.8,2115.6,508.57,13590.39
D000777,A0105,MP,Parliament,Exceptional,2023-11-22,93485.64,7227.08,4542.23,56659.4,11584.77,4740.09
D000778,A0105,MP,Parliament,Exceptional,2019-01-12,90905.58,8359.31,8801.19,43364.94,35963.1,24358.03
D000779,A0105,MP,Parliament,Exceptional,2019-05-07,92524.35,8439.89,5530.6,152771.55,38874.35,160640.01
D000780,A0105,MP,Parliament,Regular,2024-07-21,121895.8,4666.91,4320.28,58913.72,39628.67,526003.36
D000781,A0106,MP,Parliament,Initial,2021-02-09,129524.74,15387.18,13844.43,715819.25,46207.18,51467.32
D000782,A0106,MP,Parliament,Regular,2018-09-13,131446.85,12812.21,7753.69,191121.14,15879.89,88114.97
D000783,A0106,MP,Parliament,Regular,2023-07-08,154630.08,10781.32,12358.01,129096.64,6505.83,108126.43
D000784,A0106,MP,Parliament,Regular,2022-11-02,125058.2,17592.75,19556.77,143080.06,6197.23,14583.9
D000785,A0106,MP,Parliament,Exceptional,2020-10-23,153955.51,7982.33,13812.61,130573.07,52.06,7567.13
D000786,A0106,MP,Parliament,Exceptional,2022-05-19,120874.85,18465.47,19446.13,114928.05,30922.98,187982.21
D000787,A0106,MP,Parliament,Exceptional,2023-07-03,134585.23,13908.67,16997.74,162455.13,4205.98,45169.37
D000788,A0106,MP,Parliament,Regular,2023-07-09,159400.18,18299.38,17718.52,24240.73,32118.24,673636.56
D000789,A0107,MP,Parliament,Initial,2023-02-26,60282.81,1103.89,19940.32,280216.89,21921.32,170668.42
D000790,A0107,MP,Parliament,Regular,2021-04-02,65969.75,746.91,10754.43,76832.74,11460.19,139176.46
D000791,A0107,MP,Parliament,Regular,2019-03-14,65659.14,948.53,11662.34,126558.25,44119.45,27988.59
D000792,A0107,MP,Parliament,Regular,2020-03-01,54713.24,1651.85,14725.63,77753.51,47564.35,128681.53
D000793,A0107,MP,Parliament,Exceptional,2023-01-15,77360.15,570.07,16735.61,67543.72,43260.72,81101.57
D000794,A0107,MP,Parliament,Exceptional,2020-05-17,72553.48,1288.59,19110.21,135615.56,52455.32,29790.73
D000795,A0107,MP,Parliament,Exceptional,2024-07-01,55248.76,631.46,24635.46,97778.94,1143.78,181435.78
D000796,A0107,MP,Parliament,Regular,2024-07-02,82649.13,819.84,22907.16,2873.04,37959.69,491137.26
D000797,A0108,MP,Parliament,Initial,2024-11-26,39729.22,12224.52,16707.04,271616.34,49048.22,22835.94
D000798,A0108,MP,Parliament,Regular,2020-06-22,36508.5,8589.45,13989.53,167179.19,44275.7,80401.72
D000799,A0108,MP,Parliament,Regular,2019-05-10,47387.27,13153.18,10647.89,167285.42,47586.1,152845.58
D000800,A0108,MP,Parliament,Regular,2024-08-26,37823.58,6885.12,12929.47,151510.02,10083.05,73985.47
D000801,A0108,MP,Parliament,Exceptional,2020-09-24,50171.56,6609.78,10023.69,169473.34,36746.49,155532.33
D000802,A0108,MP,Parliament,Exceptional,2018-03-06,49256.83,7099.05,8474.21,185227.39,42404.47,118746.1
D000803,A0108,MP,Parliament,Exceptional,2021-03-08,40051.47,15982.48,21260.76,138471.67,12369.61,127965.14
D000804,A0108,MP,Parliament,Regular,2024-11-27,52198.33,11149.14,24026.23,122107.6,2257.27,334258.2
D000805,A0109,MP,Parliament,Initial,2023-12-12,125029.81,12543.83,15651.66,416234.54,274.2,47127.8
D000806,A0109,MP,Parliament,Regular,2019-01-27,135741.9,17093.87,23270.61,101508.15,27852.96,125292.85
D000807,A0109,MP,Parliament,Regular,2020-05-02,122895.29,8701.9,20294.15,137048.75,58114.43,94882.57
D000808,A0109,MP,Parliament,Regular,2019-12-24,118519.24,17845.77,8671.45,72838.61,12575.39,50276.36
D000809,A0109,MP,Parliament,Exceptional,2023-01-31,102731.83,15559.58,22301.45,35177.52,47129.52,97012.28
D000810,A0109,MP,Parliament,Exceptional,2019-04-21,104453.62,9223.48,14788.02,115952.36,25143.98,149417.35
D000811,A0109,MP,Parliament,Exceptional,2021-08-27,114406.23,7653.4,11391.0,47423.67,24755.73,39991.17
D000812,A0109,MP,Parliament,Regular,2023-12-13,191898.13,7194.26,16983.5,10867.87,26151.9,864282.39
D000813,A0110,MP,Parliament,Initial,2018-05-12,47806.08,7469.7,9154.8,212053.42,21515.41,53938.91
D000814,A0110,MP,Parliament,Regular,2025-10-06,51181.17,5830.88,5594.59,93106.86,25093.43,152067.92
D000815,A0110,MP,Parliament,Regular,2020-06-19,55738.19,8243.83,11805.55,127599.84,36691.69,33987.1
D000816,A0110,MP,Parliament,Regular,2024-03-14,55287.79,4380.79,12422.83,97842.68,59739.86,118316.17
D000817,A0110,MP,Parliament,Regular,2025-10-07,55813.72,9187.87,11316.97,49330.84,19637.76,361577.78
D000818,A0111,MP,Parliament,Initial,2023-08-28,89177.16,2979.39,11474.02,404998.38,58811.04,8011.74
D000819,A0111,MP,Parliament,Regular,2018-05-18,91648.2,2664.53,15027.71,139330.7,5879.95,99057.01
D000820,A0111,MP,Parliament,Regular,2018-12-07,95200.73,1526.71,14133.54,189986.78,7962.72,59158.09
D000821,A0111,MP,Parliament,Regular,2025-04-06,106984.55,1537.16,13413.53,32360.57,27556.97,114076.16
D000822,A0111,MP,Parliament,Exceptional,2023-02-07,92020.16,1902.71,13804.79,36989.15,52293.11,125362.19
D000823,A0111,MP,Parliament,Exceptional,2025-11-23,99584.24,4053.12,6548.2,178686.89,19974.37,6542.84
D000824,A0111,MP,Parliament,Exceptional,2022-10-11,104911.94,3569.48,12764.86,115045.87,12428.79,136933.04
D000825,A0111,MP,Parliament,Regular,2025-11-24,122375.42,2489.86,16433.58,102947.3,54600.25,345077.26
D000826,A0112,MP,Parliament,Initial,2020-04-18,68295.5,9307.06,817.49,311368.47,38890.36,140974.73
D000827,A0112,MP,Parliament,Regular,2019-07-21,81570.47,6874.5,501.58,95698.69,56348.88,116023.88
D000828,A0112,MP,Parliament,Regular,2025-11-18,65764.34,11587.44,593.04,70542.33,16041.47,136045.35
D000829,A0112,MP,Parliament,Regular,2021-02-09,62581.76,8123.33,778.58,100290.02,49773.59,94032.77
D000830,A0112,MP,Parliament,Exceptional,2023-12-23,85350.63,8860.12,709.7,134661.3,41593.39,195616.89
D000831,A0112,MP,Parliament,Exceptional,2018-09-26,61068.25,12880.77,480.12,78136.5,10728.71,191651.3
D000832,A0112,MP,Parliament,Exceptional,2018-11-12,58370.97,7221.74,978.6,99265.75,52499.59,104137.53
D000833,A0112,MP,Parliament,Regular,2025-11-19,93999.58,7382.07,1201.36,108286.99,7921.64,353745.07
D000834,A0113,MP,Parliament,Initial,2022-08-14,94468.44,5830.34,1258.99,412780.23,13939.68,189489.74
D000835,A0113,MP,Parliament,Regular,2024-06-28,94736.52,6681.86,1040.31,118671.45,41811.81,168381.57
D000836,A0113,MP,Parliament,Regular,2022-12-29,98001.76,6222.44,1760.42,61299.0,47356.06,45356.39
D000837,A0113,MP,Parliament,Regular,2022-03-04,112532.44,7403.07,689.07,70624.18,27355.59,33272.61
D000838,A0113,MP,Parliament,Regular,2024-06-29,134814.72,4578.25,1854.75,167866.34,41571.56,422698.93
D000839,A0114,MP,Parliament,Initial,2018-05-23,53790.53,823.03,6332.52,238460.44,15624.43,36899.32
D000840,A0114,MP,Parliament,Regular,2025-06-19,53526.05,694.51,5527.75,107973.32,9755.86,60311.95
D000841,A0114,MP,Parliament,Regular,2018-04-13,54939.97,822.55,4086.9,91608.15,19213.08,858.86
D000842,A0114,MP,Parliament,Regular,2024-02-16,64154.91,684.17,7633.54,94782.13,17389.63,188801.91
D000843,A0114,MP,Parliament,Regular,2025-06-20,72307.2,532.57,6745.6,181376.16,26526.33,335955.83
D000844,A0115,MP,Parliament,Initial,2019-01-14,120017.45,2788.47,11019.2,474196.09,24097.8,168175.38
D000845,A0115,MP,Parliament,Regular,2021-08-29,109997.2,3182.51,11938.55,44428.77,56139.9,55585.43
D000846,A0115,MP,Parliament,Regular,2018-04-03,111025.36,3762.9,12970.3,191524.74,58550.37,78884.72
D000847,A0115,MP,Parliament,Regular,2023-07-02,119456.65,3081.47,15905.14,181689.39,21663.89,29589.19
D000848,A0115,MP,Parliament,Regular,2023-07-03,146634.67,2433.86,8646.22,70271.01,58651.42,439544.13
D000849,A0116,MP,Parliament,Initial,2022-10-03,102785.34,8884.41,19851.94,638256.99,17318.04,161134.56
D000850,A0116,MP,Parliament,Regular,2026-03-04,120148.72,5682.18,21582.64,17215.59,12467.03,94922.63
D000851,A0116,MP,Parliament,Regular,2023-11-22,122930.39,5029.6,28985.73,151222.81,5306.9,81892.13
D000852,A0116,MP,Parliament,Regular,2021-01-24,105288.59,9380.28,24025.75,151048.75,8215.62,37201.28
D000853,A0116,MP,Parliament,Exceptional,2024-03-18,107440.77,11752.29,15921.12,117041.65,29646.03,147971.2
D000854,A0116,MP,Parliament,Exceptional,2020-07-08,83607.65,4463.94,15140.62,191205.32,50054.58,94508.23
D000855,A0116,MP,Parliament,Exceptional,2025-05-02,116451.34,6998.15,13486.86,181358.64,38687.15,5688.52
D000856,A0116,MP,Parliament,Regular,2026-03-05,149946.44,8822.66,29194.77,119778.26,21705.57,678891.12
D000857,A0117,MP,Parliament,Initial,2020-11-29,55791.15,13718.26,19485.17,226795.57,22392.13,146591.45
D000858,A0117,MP,Parliament,Regular,2019-10-30,59947.39,8863.87,18726.11,138656.61,21443.13,10577.67
D000859,A0117,MP,Parliament,Regular,2022-01-19,57233.59,19371.61,16679.0,57971.24,31776.74,187263.4
D000860,A0117,MP,Parliament,Regular,2023-10-06,53455.98,15474.6,24642.69,119752.5,10028.16,64521.37
D000861,A0117,MP,Parliament,Exceptional,2025-09-06,66945.96,10583.07,23342.61,72504.54,32065.22,70325.87
D000862,A0117,MP,Parliament,Exceptional,2019-08-12,44992.71,13967.53,17010.83,96979.8,20418.79,182157.6
D000863,A0117,MP,Parliament,Exceptional,2019-02-24,50710.71,13764.66,25945.94,159021.35,33519.31,137930.57
D000864,A0117,MP,Parliament,Regular,2025-09-07,87675.64,18465.73,23626.69,140452.98,48154.82,613143.43
D000865,A0118,MP,Parliament,Initial,2024-09-13,41656.57,2624.64,347.59,170448.05,41463.04,27802.8
D000866,A0118,MP,Parliament,Regular,2023-11-13,47033.46,2210.07,420.54,5751.91,48874.45,44471.57
D000867,A0118,MP,Parliament,Regular,2025-10-14,39269.97,1907.0,217.36,26043.65,4716.3,138163.63
D000868,A0118,MP,Parliament,Regular,2019-04-03,38462.36,3345.61,437.03,8503.39,6469.04,158611.04
D000869,A0118,MP,Parliament,Exceptional,2018-08-31,43095.43,3696.89,188.84,60329.16,616.34,19300.72
D000870,A0118,MP,Parliament,Exceptional,2019-05-23,52489.31,1851.43,487.03,36956.36,21092.02,18155.86
D000871,A0118,MP,Parliament,Exceptional,2021-02-10,53086.95,2225.27,229.6,100126.88,43713.25,48364.5
D000872,A0118,MP,Parliament,Regular,2025-10-15,55908.99,1572.44,374.75,2796.86,13019.88,189075.95
D000873,A0119,MP,Parliament,Initial,2022-02-10,120166.03,10742.53,19471.6,611577.45,12840.92,100839.05
D000874,A0119,MP,Parliament,Regular,2025-10-30,129396.48,10094.39,28384.68,36169.71,21289.34,75923.01
D000875,A0119,MP,Parliament,Regular,2020-05-27,126688.08,9749.68,24561.66,62856.05,27954.1,103945.52
D000876,A0119,MP,Parliament,Regular,2023-07-24,135629.25,12941.86,20584.05,8121.71,19686.92,23144.52
D000877,A0119,MP,Parliament,Exceptional,2024-09-25,140364.4,12751.88,26113.17,45174.69,24436.93,196992.47
D000878,A0119,MP,Parliament,Exceptional,2022-10-19,107475.59,6119.04,26112.55,95135.36,40747.87,35859.46
D000879,A0119,MP,Parliament,Exceptional,2025-07-24,125672.54,6501.08,18265.5,131709.65,5100.35,28673.51
D000880,A0119,MP,Parliament,Regular,2025-10-31,149050.89,11715.34,11716.49,185058.06,58671.2,854938.93
D000881,A0120,MP,Parliament,Initial,2026-01-01,63863.16,11899.22,19813.23,299162.85,50286.55,145040.1
D000882,A0120,MP,Parliament,Regular,2024-07-11,68850.56,14949.02,25776.7,188645.01,21365.84,133335.4
D000883,A0120,MP,Parliament,Regular,2022-07-15,76396.76,12035.04,12826.57,90926.95,7331.4,97868.28
D000884,A0120,MP,Parliament,Regular,2020-08-03,69515.78,7551.34,11880.08,10570.48,4093.72,135621.49
D000885,A0120,MP,Parliament,Regular,2026-01-02,78524.86,14031.61,12932.82,124393.35,5780.02,470932.4
D000886,A0121,MP,Parliament,Initial,2024-01-24,106757.21,15854.63,4038.64,415386.59,29415.02,52333.05
D000887,A0121,MP,Parliament,Regular,2024-02-17,96647.42,20039.69,6020.44,176025.13,7148.05,90023.1
D000888,A0121,MP,Parliament,Regular,2022-03-22,110255.31,8497.78,2733.63,131882.21,46762.95,176940.05
D000889,A0121,MP,Parliament,Regular,2019-11-04,111822.19,10059.58,4909.86,97490.99,6562.92,135004.92
D000890,A0121,MP,Parliament,Exceptional,2025-09-08,114197.78,15376.11,4290.06,31262.19,3344.23,52678.2
D000891,A0121,MP,Parliament,Exceptional,2024-08-17,137229.5,17708.66,3444.0,195556.59,19228.97,5629.4
D000892,A0121,MP,Parliament,Exceptional,2018-07-04,92248.8,13736.61,5288.81,116793.4,45911.64,125030.6
D000893,A0121,MP,Parliament,Regular,2025-09-09,131134.58,14715.44,6025.42,82385.92,3386.95,467029.4
D000894,A0122,MP,Parliament,Initial,2018-06-03,61209.95,1698.83,13759.83,298742.37,6868.28,33955.85
D000895,A0122,MP,Parliament,Regular,2023-03-03,67167.54,1567.13,13962.92,84234.53,1224.14,93939.98
D000896,A0122,MP,Parliament,Regular,2018-04-02,73190.54,1491.13,12250.38,114507.73,48499.59,20011.34
D000897,A0122,MP,Parliament,Regular,2025-07-28,58870.05,1693.28,18045.42,133477.51,9997.63,59904.18
D000898,A0122,MP,Parliament,Regular,2025-07-29,68619.73,1928.93,20283.46,15064.24,51020.06,295155.65
D000899,A0123,MP,Parliament,Initial,2024-08-21,59732.03,11470.41,16092.06,333941.05,57476.46,143541.37
D000900,A0123,MP,Parliament,Regular,2021-10-11,58657.42,12232.37,16591.94,85421.18,20838.99,15332.32
D000901,A0123,MP,Parliament,Regular,2021-05-21,62801.77,9175.29,18722.42,62670.59,24858.86,50252.96
D000902,A0123,MP,Parliament,Regular,2023-10-12,61880.5,14492.21,10952.27,3720.66,42199.9,172541.96
D000903,A0123,MP,Parliament,Exceptional,2020-05-22,67521.27,15185.77,23142.04,53587.19,38275.58,161786.7
D000904,A0123,MP,Parliament,Exceptional,2022-11-12,75699.47,14069.78,9009.65,40129.61,27749.2,48074.79
D000905,A0123,MP,Parliament,Exceptional,2025-09-08,70648.95,15417.64,14647.96,172037.19,54668.27,126785.5
D000906,A0123,MP,Parliament,Regular,2025-09-09,90050.82,8797.06,12665.17,32116.86,41211.29,341537.53
D000907,A0124,MP,Parliament,Initial,2018-06-01,44996.22,554.08,15940.9,215683.67,29122.94,198258.62
D000908,A0124,MP,Parliament,Regular,2020-04-07,42647.76,352.64,12089.52,160707.64,39520.24,35197.04
D000909,A0124,MP,Parliament,Regular,2018-06-22,53506.63,546.24,8287.81,171916.8,5035.77,120319.95
D000910,A0124,MP,Parliament,Regular,2018-09-18,52653.34,502.56,13763.91,131486.12,5418.38,188632.43
D000911,A0124,MP,Parliament,Exceptional,2019-07-30,41307.46,593.41,15944.86,24128.52,39853.03,116083.95
D000912,A0124,MP,Parliament,Exceptional,2023-11-22,41662.19,767.16,11765.61,24455.37,48401.23,65857.18
D000913,A0124,MP,Parliament,Exceptional,2024-07-21,52583.41,723.55,19829.82,187100.02,13080.5,21362.8
D000914,A0124,MP,Parliament,Regular,2024-07-22,50776.67,429.16,14480.32,172579.99,3355.52,274811.92
D000915,A0125,MP,Parliament,Initial,2023-05-01,41296.13,10914.9,9497.08,187520.12,16664.03,156854.65
D000916,A0125,MP,Parliament,Regular,2026-01-10,41722.38,8821.11,10877.94,181045.89,2088.57,147889.94
D000917,A0125,MP,Parliament,Regular,2018-08-12,45723.28,14067.15,7024.76,110545.58,18556.11,191696.72
D000918,A0125,MP,Parliament,Regular,2022-01-26,48355.59,12936.87,9828.63,47276.38,26544.17,1573.22
D000919,A0125,MP,Parliament,Regular,2026-01-11,64277.62,15476.53,7606.1,187264.48,45400.08,409635.69
D000920,A0126,MP,Parliament,Initial,2018-11-25,46022.72,8776.92,6343.69,187037.62,38665.77,157863.48
D000921,A0126,MP,Parliament,Regular,2023-07-07,47924.72,8012.99,8507.92,143477.2,52605.67,164048.26
D000922,A0126,MP,Parliament,Regular,2019-10-19,51064.27,8832.51,5403.91,120423.19,48805.68,147557.1
D000923,A0126,MP,Parliament,Regular,2023-01-31,51019.09,11076.25,7240.51,36747.92,26604.3,128219.76
D000924,A0126,MP,Parliament,Exceptional,2020-03-30,51276.13,7141.97,3693.5,31564.49,30981.95,193932.92
D000925,A0126,MP,Parliament,Exceptional,2025-04-13,54379.59,11822.16,7522.05,158528.46,19163.95,95673.1
D000926,A0126,MP,Parliament,Exceptional,2026-03-31,39890.42,5911.07,6933.78,65516.09,16907.84,16879.79
D000927,A0126,MP,Parliament,Regular,2026-04-01,56173.48,7842.12,5565.44,166935.81,34223.43,184334.92
D000928,A0127,MP,Parliament,Initial,2018-07-23,85853.0,12240.06,4574.14,497093.34,27745.49,52356.63
D000929,A0127,MP,Parliament,Regular,2022-07-01,93184.95,13468.88,2969.77,191606.57,10207.37,113448.58
D000930,A0127,MP,Parliament,Regular,2018-02-27,95775.46,11446.4,6495.24,90741.57,40416.6,23702.47
D000931,A0127,MP,Parliament,Regular,2026-01-01,82499.89,17699.77,6007.74,53240.57,44786.58,76414.7
D000932,A0127,MP,Parliament,Exceptional,2020-04-26,94441.85,18301.43,3581.41,135437.73,25099.86,81704.82
D000933,A0127,MP,Parliament,Exceptional,2019-08-21,69917.53,18067.9,3364.22,90195.34,14899.08,116580.62
D000934,A0127,MP,Parliament,Exceptional,2025-04-05,88349.78,6246.35,2896.37,64649.2,41581.41,137370.49
D000935,A0127,MP,Parliament,Regular,2026-01-02,122598.22,14791.54,5654.12,51245.12,5716.77,491413.35
D000936,A0128,MP,Parliament,Initial,2018-07-06,53484.14,18164.53,19934.79,386360.19,58032.59,119646.41
D000937,A0128,MP,Parliament,Regular,2018-01-22,52205.72,20338.06,15997.81,78939.36,22254.07,193611.56
D000938,A0128,MP,Parliament,Regular,2024-04-10,48795.59,12340.48,13353.65,98567.97,20350.6,93616.97
D000939,A0128,MP,Parliament,Regular,2019-01-03,53227.16,18717.16,12794.06,23368.41,2649.73,25574.3
D000940,A0128,MP,Parliament,Regular,2024-04-11,80273.41,22666.13,28431.73,56585.1,52616.18,572185.79
D000941,A0129,MP,Parliament,Initial,2025-05-16,56375.79,6260.21,17853.44,241858.92,59673.9,152735.08
D000942,A0129,MP,Parliament,Regular,2025-02-20,64238.3,3463.29,11580.11,45972.11,2151.73,52044.79
D000943,A0129,MP,Parliament,Regular,2025-12-01,58638.71,3856.44,24908.67,98982.16,26491.18,197763.72
D000944,A0129,MP,Parliament,Regular,2024-04-16,58944.27,6216.31,24027.84,173375.86,7419.25,18715.58
D000945,A0129,MP,Parliament,Regular,2025-12-02,62486.53,4183.66,18009.44,54558.31,53453.67,329243.02
D000946,A0130,MP,Parliament,Initial,2021-09-08,127162.74,10520.31,11415.76,631679.91,4610.13,153650.69
D000947,A0130,MP,Parliament,Regular,2018-04-17,125291.46,15584.1,7100.5,74711.66,55748.91,21213.98
D000948,A0130,MP,Parliament,Regular,2021-08-18,120312.81,6112.96,15190.94,131907.86,27243.33,191040.31
D000949,A0130,MP,Parliament,Regular,2024-08-30,139548.63,8725.83,6208.42,124472.97,27186.12,189483.68
D000950,A0130,MP,Parliament,Regular,2024-08-31,196355.42,13645.19,7184.17,172655.77,48093.48,993149.23
D000951,A0131,MP,Parliament,Initial,2022-06-22,104380.0,10943.12,12045.83,552080.82,15309.83,48016.03
D000952,A0131,MP,Parliament,Regular,2019-01-01,94584.31,7750.17,10702.76,80479.25,38830.08,190886.49
D000953,A0131,MP,Parliament,Regular,2019-09-24,97718.53,10842.94,11231.03,161270.64,18606.08,136992.39
D000954,A0131,MP,Parliament,Regular,2019-06-22,105185.11,6523.32,10449.24,39974.25,26726.54,77617.91
D000955,A0131,MP,Parliament,Exceptional,2024-09-24,105584.05,13749.93,15792.02,122773.56,26046.36,85203.42
D000956,A0131,MP,Parliament,Exceptional,2018-06-15,110295.29,16122.2,14171.2,129522.12,42818.13,186133.52
D000957,A0131,MP,Parliament,Exceptional,2023-11-30,116360.71,11213.18,9524.67,87471.1,54432.46,95522.27
D000958,A0131,MP,Parliament,Regular,2024-09-25,113686.93,6869.98,16899.14,168307.59,31385.52,359223.26
D000959,A0132,MP,Parliament,Initial,2020-11-03,37653.25,901.9,2152.64,146428.73,5669.06,132171.05
D000960,A0132,MP,Parliament,Regular,2021-12-26,36766.82,524.7,2160.06,22787.1,39694.7,35910.44
D000961,A0132,MP,Parliament,Regular,2020-01-17,43409.42,491.77,1972.36,140875.71,18836.78,144818.94
D000962,A0132,MP,Parliament,Regular,2025-07-08,38970.53,1179.53,1811.09,183622.39,48600.36,42213.67
D000963,A0132,MP,Parliament,Exceptional,2024-10-10,35004.68,1058.3,2010.14,3583.04,23696.03,2660.92
D000964,A0132,MP,Parliament,Exceptional,2025-05-10,39105.16,1074.89,2946.5,193160.76,36113.25,97344.5
D000965,A0132,MP,Parliament,Exceptional,2024-12-08,45431.14,1007.19,2563.07,192628.32,40506.14,160928.15
D000966,A0132,MP,Parliament,Regular,2025-07-09,39633.1,572.81,1487.05,163193.64,41761.95,102756.45
D000967,A0133,MP,Parliament,Initial,2023-03-14,78111.72,2903.08,4835.6,230935.63,51491.36,107716.51
D000968,A0133,MP,Parliament,Regular,2019-08-30,81407.78,1514.88,3221.02,30484.45,42155.89,192773.37
D000969,A0133,MP,Parliament,Regular,2023-04-16,70760.5,2756.53,3591.06,58966.28,49767.05,78346.68
D000970,A0133,MP,Parliament,Regular,2021-09-29,70485.07,3281.67,5866.04,195897.39,50916.98,147415.66
D000971,A0133,MP,Parliament,Exceptional,2024-03-20,101507.21,1559.01,4350.5,102671.14,43476.85,187056.19
D000972,A0133,MP,Parliament,Exceptional,2023-06-22,71546.66,1627.77,2509.77,115280.67,33195.34,53569.77
D000973,A0133,MP,Parliament,Exceptional,2025-04-09,78781.04,2825.68,4810.41,187792.9,20805.85,139502.89
D000974,A0133,MP,Parliament,Regular,2025-04-10,79086.88,2287.66,3347.21,68769.48,13926.19,393777.98
D000975,A0134,MP,Parliament,Initial,2022-09-04,63915.3,12042.0,16849.34,412219.66,7869.51,58678.81
D000976,A0134,MP,Parliament,Regular,2025-07-20,70035.19,10359.2,16383.03,194188.33,9721.55,41441.72
D000977,A0134,MP,Parliament,Regular,2025-09-30,71890.41,14053.7,10599.86,39896.84,36344.94,20180.75
D000978,A0134,MP,Parliament,Regular,2022-08-31,75606.46,11966.44,12379.53,111366.1,59955.67,71757.35
D000979,A0134,MP,Parliament,Exceptional,2025-08-04,56200.9,15991.16,23495.69,6394.0,3819.94,86124.09
D000980,A0134,MP,Parliament,Exceptional,2024-12-04,58376.73,12788.38,16619.61,198732.56,47093.15,153874.78
D000981,A0134,MP,Parliament,Exceptional,2024-03-31,59680.63,7841.49,20053.0,103077.49,40169.15,141280.98
D000982,A0134,MP,Parliament,Regular,2025-10-01,99450.88,11293.31,16127.11,168319.39,6655.85,492694.19
D000983,A0135,MP,Parliament,Initial,2022-01-21,108215.63,18947.67,16472.2,665487.58,6324.67,125985.22
D000984,A0135,MP,Parliament,Regular,2019-10-06,121039.7,22891.88,20787.34,99678.2,52229.56,30859.15
D000985,A0135,MP,Parliament,Regular,2022-01-29,108256.99,12084.3,22214.33,87821.69,24944.99,153806.63
D000986,A0135,MP,Parliament,Regular,2020-10-01,124496.02,18448.65,12959.64,34252.36,15960.94,143039.95
D000987,A0135,MP,Parliament,Exceptional,2025-01-22,122553.94,12346.51,20648.03,84344.44,13690.92,160353.74
D000988,A0135,MP,Parliament,Exceptional,2022-08-21,136244.56,26490.08,23915.01,103231.06,40931.92,188748.05
D000989,A0135,MP,Parliament,Exceptional,2022-12-18,94449.75,9662.34,21516.77,188728.57,5086.69,62960.91
D000990,A0135,MP,Parliament,Regular,2025-01-23,171972.7,12587.4,9248.62,151838.48,39610.57,924342.0
D000991,A0136,MP,Parliament,Initial,2025-08-20,35780.98,12632.15,14267.39,228729.66,31186.7,59144.88
D000992,A0136,MP,Parliament,Regular,2025-11-10,38145.5,10160.33,17730.05,181846.17,474.13,55956.15
D000993,A0136,MP,Parliament,Regular,2023-12-02,38755.11,8171.26,12896.84,128775.87,53254.79,124871.94
D000994,A0136,MP,Parliament,Regular,2024-12-07,39202.04,15126.63,19798.5,156312.62,24270.34,39459.15
D000995,A0136,MP,Parliament,Exceptional,2018-06-01,38239.74,11242.53,17390.24,175975.12,31228.18,108158.04
D000996,A0136,MP,Parliament,Exceptional,2020-05-25,30285.37,13286.32,14571.8,151409.26,9601.64,5578.25
D000997,A0136,MP,Parliament,Exceptional,2024-01-21,39224.97,9364.72,18178.91,145301.85,59217.28,22088.38
D000998,A0136,MP,Parliament,Regular,2025-11-11,37067.93,11027.6,16079.2,70894.67,2863.97,171236.69
D000999,A0137,MP,Parliament,Initial,2025-01-15,59796.11,14737.17,9062.94,336918.67,48323.25,197800.02
D001000,A0137,MP,Parliament,Regular,2025-06-18,63383.08,16145.29,7706.56,56907.1,47087.36,142970.89
D001001,A0137,MP,Parliament,Regular,2025-07-17,56327.43,12934.31,11215.5,21045.38,30987.11,38511.05
D001002,A0137,MP,Parliament,Regular,2022-01-19,61966.28,9528.37,8389.5,82410.59,5534.92,84977.35
D001003,A0137,MP,Parliament,Exceptional,2020-05-29,61176.33,12810.94,9300.9,117647.89,31136.7,78956.5
D001004,A0137,MP,Parliament,Exceptional,2020-12-16,65306.44,16748.23,13562.8,137803.57,56869.2,146343.39
D001005,A0137,MP,Parliament,Exceptional,2022-09-04,72467.26,9495.84,5683.59,142230.11,7763.11,140904.94
D001006,A0137,MP,Parliament,Regular,2025-07-18,90768.28,9108.43,6458.64,94671.11,44789.78,364129.84
D001007,A0138,MP,Parliament,Initial,2022-03-02,125182.18,12032.0,8172.4,404917.67,34305.89,8056.43
D001008,A0138,MP,Parliament,Regular,2021-06-02,149881.37,9664.83,8057.38,158240.74,8528.39,117924.85
D001009,A0138,MP,Parliament,Regular,2018-07-19,147845.93,9687.74,6402.93,36615.43,44379.62,417.15
D001010,A0138,MP,Parliament,Regular,2024-02-21,125757.35,16488.98,7498.79,114611.82,33945.84,180057.46
D001011,A0138,MP,Parliament,Exceptional,2023-05-01,152375.5,16046.89,5171.57,27704.46,38187.62,152335.76
D001012,A0138,MP,Parliament,Exceptional,2025-06-25,128253.82,16439.88,6744.0,159962.32,39870.14,81925.67
D001013,A0138,MP,Parliament,Exceptional,2020-08-11,156493.02,10094.83,4460.66,134088.77,26585.77,55475.02
D001014,A0138,MP,Parliament,Regular,2025-06-26,131831.59,8008.68,4288.91,126021.84,46295.71,599449.05
D001015,A0139,MP,Parliament,Initial,2023-05-04,94391.42,1703.04,19103.37,440549.95,45456.91,191458.56
D001016,A0139,MP,Parliament,Regular,2023-08-21,110349.16,1056.37,27435.91,35948.68,1138.42,157351.41
D001017,A0139,MP,Parliament,Regular,2020-10-01,108446.98,2280.23,20623.09,16929.59,32012.63,64086.23
D001018,A0139,MP,Parliament,Regular,2024-08-09,86226.1,2319.5,9996.09,87403.48,24896.19,171929.68
D001019,A0139,MP,Parliament,Exceptional,2020-11-19,79809.13,2520.14,19901.49,57070.34,10960.14,153660.94
D001020,A0139,MP,Parliament,Exceptional,2019-09-24,89992.51,1545.13,12783.8,122895.09,19517.44,5434.24
D001021,A0139,MP,Parliament,Exceptional,2018-08-28,89578.61,1019.69,12273.16,178602.2,15476.06,188315.5
D001022,A0139,MP,Parliament,Regular,2024-08-10,145334.55,939.87,14129.29,119400.92,14189.47,593659.18
D001023,A0140,MP,Parliament,Initial,2018-03-18,124935.71,5385.75,6366.73,559168.6,3927.49,5781.29
D001024,A0140,MP,Parliament,Regular,2021-01-07,133209.27,5849.86,3829.65,152595.66,39093.05,25114.27
D001025,A0140,MP,Parliament,Regular,2024-05-16,127687.26,3144.78,7231.32,40691.38,58074.69,74661.04
D001026,A0140,MP,Parliament,Regular,2019-11-20,141752.94,5587.91,5881.28,182298.55,27104.52,200.21
D001027,A0140,MP,Parliament,Exceptional,2024-12-17,118017.36,7928.27,3186.82,186701.36,28931.18,119573.55
D001028,A0140,MP,Parliament,Exceptional,2025-08-17,123695.94,4585.52,7208.45,117031.83,30619.71,9096.95
D001029,A0140,MP,Parliament,Exceptional,2023-12-28,135123.06,4312.04,5700.16,24595.39,8379.02,111295.82
D001030,A0140,MP,Parliament,Regular,2025-08-18,145884.3,5019.32,7069.9,191483.43,19098.24,524165.11
D001031,A0141,MP,Parliament,Initial,2024-09-21,56136.05,15053.88,9054.36,293762.33,58981.32,68325.96
D001032,A0141,MP,Parliament,Regular,2021-09-07,50789.79,17941.89,10380.31,409.5,28591.74,180289.0
D001033,A0141,MP,Parliament,Regular,2025-07-18,53444.94,15893.75,10833.45,97795.34,23567.46,16229.76
D001034,A0141,MP,Parliament,Regular,2025-04-12,61490.31,15635.7,12608.85,163211.32,26710.61,24683.12
D001035,A0141,MP,Parliament,Regular,2025-07-19,68813.03,16579.0,8028.96,167829.16,48712.18,268877.08
D001036,A0142,MP,Parliament,Initial,2020-02-24,67048.06,3859.82,187.27,315064.98,45505.26,136110.87
D001037,A0142,MP,Parliament,Regular,2019-01-04,76762.27,4343.21,245.02,44229.54,58807.15,193459.3
D001038,A0142,MP,Parliament,Regular,2018-05-31,65990.51,5421.14,226.02,41817.26,11765.21,164224.69
D001039,A0142,MP,Parliament,Regular,2022-06-11,62574.88,3000.42,187.33,34095.42,11626.22,147762.97
D001040,A0142,MP,Parliament,Exceptional,2024-10-05,72584.23,2182.19,117.65,13009.86,15577.47,113980.66
D001041,A0142,MP,Parliament,Exceptional,2020-07-22,83173.23,4743.32,145.01,169533.44,1387.05,193962.15
D001042,A0142,MP,Parliament,Exceptional,2025-08-08,71504.8,2906.14,198.52,90785.22,56273.42,128193.26
D001043,A0142,MP,Parliament,Regular,2025-08-09,104986.84,2130.09,269.43,86509.63,59706.39,437776.85
D001044,A0143,MP,Parliament,Initial,2023-01-13,76658.67,7229.44,15180.43,372840.35,13472.89,55586.61
D001045,A0143,MP,Parliament,Regular,2021-07-19,69111.46,5021.63,8832.11,114363.92,1522.32,147488.84
D001046,A0143,MP,Parliament,Regular,2025-09-25,78739.65,4152.88,11385.09,32896.32,18648.35,125198.94
D001047,A0143,MP,Parliament,Regular,2019-02-01,69633.81,6737.47,7954.9,159444.18,56103.65,168101.52
D001048,A0143,MP,Parliament,Exceptional,2023-04-24,70463.09,6078.52,8416.53,66717.69,47646.67,188709.52
D001049,A0143,MP,Parliament,Exceptional,2024-09-23,85074.51,9138.72,17083.28,115786.89,5132.08,12137.39
D001050,A0143,MP,Parliament,Exceptional,2018-05-17,75792.24,10049.52,18115.78,156529.25,3720.13,160477.42
D001051,A0143,MP,Parliament,Regular,2025-09-26,79178.7,8030.01,14145.72,20365.52,3347.4,448961.06
D001052,A0144,MP,Parliament,Initial,2023-03-17,70168.31,12346.04,8222.16,328316.4,47248.49,124801.63
D001053,A0144,MP,Parliament,Regular,2022-10-20,81674.61,13818.06,6903.46,187516.97,46975.75,90815.35
D001054,A0144,MP,Parliament,Regular,2021-09-06,75525.24,7506.47,4212.12,142659.88,35573.19,168155.89
D001055,A0144,MP,Parliament,Regular,2024-06-05,65803.45,12455.89,7033.16,96279.86,37251.05,37184.68
D001056,A0144,MP,Parliament,Exceptional,2018-06-30,58256.93,10020.87,7694.69,191948.27,45262.42,62237.65
D001057,A0144,MP,Parliament,Exceptional,2024-01-26,83342.25,7992.94,6649.05,68580.06,22129.8,1616.37
D001058,A0144,MP,Parliament,Exceptional,2024-07-30,79208.68,7958.26,6062.92,163836.76,33567.0,10921.46
D001059,A0144,MP,Parliament,Regular,2024-07-31,84643.3,18229.06,9377.82,40252.25,4104.23,420729.91
D001060,A0145,MP,Parliament,Initial,2021-09-08,99184.1,9348.05,13848.28,401062.46,33965.81,67132.1
D001061,A0145,MP,Parliament,Regular,2019-10-27,92385.46,12863.9,19533.59,99186.13,55197.22,127753.41
D001062,A0145,MP,Parliament,Regular,2025-10-10,96117.55,10506.46,10234.14,146917.24,57155.29,66303.02
D001063,A0145,MP,Parliament,Regular,2022-03-20,95374.93,6396.35,20632.24,72563.43,4423.87,6003.52
D001064,A0145,MP,Parliament,Exceptional,2021-04-05,101188.02,10575.77,19563.58,71981.85,58518.56,39824.57
D001065,A0145,MP,Parliament,Exceptional,2021-03-09,87983.57,12950.62,16878.79,67963.5,33270.3,35708.29
D001066,A0145,MP,Parliament,Exceptional,2018-03-30,88079.32,7121.24,8325.45,166289.15,8234.61,130973.84
D001067,A0145,MP,Parliament,Regular,2025-10-11,151851.54,7837.25,9835.56,91240.74,22178.44,485878.76
D001068,A0146,MP,Parliament,Initial,2019-06-20,82692.67,15980.46,12464.08,520788.46,42656.53,23698.66
D001069,A0146,MP,Parliament,Regular,2020-02-16,79178.6,14033.97,10896.78,119909.83,58618.89,48909.93
D001070,A0146,MP,Parliament,Regular,2018-07-09,93353.8,17375.96,16881.79,58836.55,8914.02,49434.33
D001071,A0146,MP,Parliament,Regular,2025-01-22,94160.79,21938.79,16845.23,193676.86,53150.06,41847.51
D001072,A0146,MP,Parliament,Exceptional,2023-04-12,98858.98,17816.39,8318.94,77623.17,52945.33,150227.25
D001073,A0146,MP,Parliament,Exceptional,2022-03-13,86768.92,15409.43,10243.27,74775.74,41670.58,143129.97
D001074,A0146,MP,Parliament,Exceptional,2023-07-20,85742.3,17277.86,14185.43,158124.9,38984.24,41439.92
D001075,A0146,MP,Parliament,Regular,2025-01-23,127092.92,15214.67,9153.43,43718.75,25501.37,430713.21
D001076,A0147,MP,Parliament,Initial,2018-06-18,114243.16,5090.58,1695.18,365084.65,17702.88,103764.14
D001077,A0147,MP,Parliament,Regular,2023-03-21,120375.58,4257.63,1612.37,86501.13,22050.72,99508.61
D001078,A0147,MP,Parliament,Regular,2021-01-23,115923.82,3459.39,1243.91,129070.97,21545.58,16483.7
D001079,A0147,MP,Parliament,Regular,2023-08-18,120393.7,5821.87,2179.78,185321.18,5904.55,14269.74
D001080,A0147,MP,Parliament,Exceptional,2020-03-31,110459.3,5981.98,1271.42,149042.27,46108.97,169089.65
D001081,A0147,MP,Parliament,Exceptional,2020-02-20,131701.95,7625.67,2540.06,150476.67,44389.26,182476.51
D001082,A0147,MP,Parliament,Exceptional,2018-02-04,135382.49,3980.05,1435.19,199368.47,56748.9,164372.26
D001083,A0147,MP,Parliament,Regular,2023-08-19,166187.66,2605.82,1956.39,197854.93,57089.33,538529.11
D001084,A0148,MP,Parliament,Initial,2021-10-27,102333.59,4197.5,4674.46,508397.96,33156.92,93747.67
D001085,A0148,MP,Parliament,Regular,2018-12-18,101711.65,2887.24,5937.18,139588.25,12575.09,89994.39
D001086,A0148,MP,Parliament,Regular,2024-04-06,93024.43,2681.99,6421.55,61114.39,44268.3,99960.04
D001087,A0148,MP,Parliament,Regular,2025-05-22,117713.27,3525.15,4296.52,137152.56,24202.12,155728.68
D001088,A0148,MP,Parliament,Exceptional,2021-08-28,111899.48,4481.16,2487.79,27826.95,58634.6,198851.47
D001089,A0148,MP,Parliament,Exceptional,2024-05-16,114093.73,4629.85,5178.55,173388.95,58810.33,40840.92
D001090,A0148,MP,Parliament,Exceptional,2022-05-20,85126.67,3720.81,4556.56,65768.27,57716.29,127800.66
D001091,A0148,MP,Parliament,Regular,2025-05-23,121038.87,2818.3,5491.96,35527.22,49588.49,323088.94
D001092,A0149,MP,Parliament,Initial,2022-02-18,49899.87,18226.91,7717.88,282644.17,17466.33,104879.14
D001093,A0149,MP,Parliament,Regular,2023-10-25,45075.26,15069.5,10880.77,78221.05,59375.71,25827.53
D001094,A0149,MP,Parliament,Regular,2022-09-10,52069.29,10366.79,11230.27,173139.9,7795.94,41135.4
D001095,A0149,MP,Parliament,Regular,2022-11-06,57153.76,21230.57,5084.4,115018.28,18618.82,40594.57
D001096,A0149,MP,Parliament,Exceptional,2023-02-23,46792.13,9249.12,4960.22,12794.01,23954.21,161513.17
D001097,A0149,MP,Parliament,Exceptional,2023-11-24,48125.72,19488.74,7648.1,92539.09,2345.09,18220.54
D001098,A0149,MP,Parliament,Exceptional,2025-04-01,61900.65,17430.51,9263.9,142329.59,17846.92,122605.5
D001099,A0149,MP,Parliament,Regular,2025-04-02,74150.76,12305.46,5781.73,179992.92,43994.64,443462.8
D001100,A0150,MP,Parliament,Initial,2025-01-16,48344.43,11372.31,7871.03,220723.18,14381.72,174107.92
D001101,A0150,MP,Parliament,Regular,2024-01-12,47743.36,16106.55,9429.84,144481.88,13035.29,98697.52
D001102,A0150,MP,Parliament,Regular,2024-03-14,45268.24,9879.49,9881.26,100878.97,46770.64,82019.21
D001103,A0150,MP,Parliament,Regular,2019-11-07,47175.95,11441.27,7573.25,14639.1,41669.14,149947.23
D001104,A0150,MP,Parliament,Exceptional,2022-06-24,59361.48,10197.25,4020.03,22936.54,55028.22,65422.07
D001105,A0150,MP,Parliament,Exceptional,2023-03-17,50393.25,6462.17,8252.21,48458.72,57001.11,28051.15
D001106,A0150,MP,Parliament,Exceptional,2021-02-17,59017.98,7626.14,4077.71,20103.02,17648.68,106930.77
D001107,A0150,MP,Parliament,Regular,2025-01-17,59681.67,6568.48,9945.74,135476.63,9209.79,236561.11
D001108,A0151,MP,Parliament,Initial,2026-01-13,33444.48,13500.88,4323.33,206081.24,50190.07,162302.37
D001109,A0151,MP,Parliament,Regular,2025-05-27,39100.05,12024.13,3494.65,10483.05,279.94,154481.94
D001110,A0151,MP,Parliament,Regular,2020-04-06,39419.21,11808.48,3192.95,18277.29,25300.96,197858.12
D001111,A0151,MP,Parliament,Regular,2021-10-12,38332.66,15930.5,2434.78,191749.05,5796.19,167077.02
D001112,A0151,MP,Parliament,Exceptional,2026-02-13,29548.99,12362.49,2627.22,65428.29,33723.25,37909.51
D001113,A0151,MP,Parliament,Exceptional,2020-04-28,42379.64,12084.15,4011.53,46481.63,6353.12,64673.57
D001114,A0151,MP,Parliament,Exceptional,2018-03-03,33480.26,11019.96,3844.25,91755.19,3960.98,163016.98
D001115,A0151,MP,Parliament,Regular,2026-02-14,46486.73,11732.0,2452.76,43712.17,18092.05,297395.74
D001116,A0152,MP,Parliament,Initial,2025-01-28,40181.36,10723.63,19810.63,288123.51,10287.55,191806.94
D001117,A0152,MP,Parliament,Regular,2025-10-23,40847.15,15276.38,25187.36,26586.29,10519.86,152343.26
D001118,A0152,MP,Parliament,Regular,2025-09-17,39996.13,14493.57,19456.62,67021.04,36512.0,117007.38
D001119,A0152,MP,Parliament,Regular,2022-04-16,42323.34,13316.75,19878.38,140925.83,797.5,4242.68
D001120,A0152,MP,Parliament,Exceptional,2019-05-24,38350.07,13274.92,24906.82,123953.25,3595.38,74904.73
D001121,A0152,MP,Parliament,Exceptional,2021-04-29,36203.64,9391.2,22624.51,47612.79,43518.51,197710.28
D001122,A0152,MP,Parliament,Exceptional,2022-12-23,46997.24,8886.56,15415.17,128720.41,45629.63,104174.57
D001123,A0152,MP,Parliament,Regular,2025-10-24,63749.35,12311.23,15619.79,4738.67,50816.09,290320.51
D001124,A0153,MP,Parliament,Initial,2022-04-12,83931.18,18132.64,13300.12,463540.12,41240.99,143900.44
D001125,A0153,MP,Parliament,Regular,2023-11-06,83636.67,17087.49,6730.43,173973.35,4199.1,38493.09
D001126,A0153,MP,Parliament,Regular,2025-02-11,100516.29,26079.72,8320.04,34735.16,32930.83,159046.62
D001127,A0153,MP,Parliament,Regular,2020-04-17,81488.19,10483.65,16292.5,62292.59,43300.43,48984.99
D001128,A0153,MP,Parliament,Exceptional,2020-10-16,79864.74,19518.37,19520.93,40280.2,51745.53,96234.14
D001129,A0153,MP,Parliament,Exceptional,2022-01-12,83857.5,12108.36,12520.42,101058.51,44095.69,152064.89
D001130,A0153,MP,Parliament,Exceptional,2023-05-29,67976.32,15982.46,18008.92,151771.66,55291.95,119036.67
D001131,A0153,MP,Parliament,Regular,2025-02-12,91625.92,22242.37,10072.07,92730.25,27216.19,499082.58
D001132,A0154,MP,Parliament,Initial,2026-02-19,37193.96,2733.13,9385.17,191307.71,11377.55,2566.85
D001133,A0154,MP,Parliament,Regular,2022-03-13,38958.3,3896.59,13517.32,194098.53,22388.69,97910.22
D001134,A0154,MP,Parliament,Regular,2025-03-10,44493.53,1561.26,12998.46,198494.49,7468.65,186425.91
D001135,A0154,MP,Parliament,Regular,2019-10-28,35641.8,2559.02,7088.23,182617.2,43334.72,101921.67
D001136,A0154,MP,Parliament,Exceptional,2025-09-21,36602.22,1524.28,8309.0,84808.07,14807.51,95545.11
D001137,A0154,MP,Parliament,Exceptional,2022-01-20,41488.99,3215.32,11238.47,129066.71,15679.84,91094.15
D001138,A0154,MP,Parliament,Exceptional,2025-08-21,32495.76,2042.78,10120.42,132520.93,9685.64,23346.13
D001139,A0154,MP,Parliament,Regular,2026-02-20,39253.9,3311.48,8299.75,141213.95,58448.74,239865.5
D001140,A0155,MP,Parliament,Initial,2024-07-28,117600.62,3316.47,8537.43,617671.13,30038.81,106640.26
D001141,A0155,MP,Parliament,Regular,2021-06-15,131733.86,4153.76,12160.04,173883.59,6556.44,114522.34
D001142,A0155,MP,Parliament,Regular,2021-11-11,134566.67,2550.44,6057.52,149658.05,41940.54,1284.06
D001143,A0155,MP,Parliament,Regular,2019-11-21,134642.92,1663.47,4864.98,139263.34,31497.72,130904.24
D001144,A0155,MP,Parliament,Exceptional,2019-11-30,104452.94,2276.43,5415.57,97294.25,30156.83,22047.65
D001145,A0155,MP,Parliament,Exceptional,2024-05-11,141965.73,2273.9,4772.27,36545.88,45549.88,51870.38
D001146,A0155,MP,Parliament,Exceptional,2022-08-02,119995.58,4686.08,5200.96,127286.73,4788.59,17141.41
D001147,A0155,MP,Parliament,Regular,2024-07-29,126398.2,1871.36,4521.99,46956.03,29111.66,332449.9
D001148,A0156,MP,Parliament,Initial,2022-03-19,56608.08,19104.27,13306.45,396818.93,2511.56,42213.67
D001149,A0156,MP,Parliament,Regular,2024-10-05,59779.39,27931.56,10190.55,97185.23,45414.7,120874.31
D001150,A0156,MP,Parliament,Regular,2021-10-10,57244.1,26557.85,19952.29,163369.44,56459.46,133015.66
D001151,A0156,MP,Parliament,Regular,2022-03-31,61320.29,28184.63,18270.78,161254.04,185.08,174108.3
D001152,A0156,MP,Parliament,Exceptional,2019-07-23,46013.32,11899.95,13714.01,190212.39,45086.38,49707.53
D001153,A0156,MP,Parliament,Exceptional,2023-01-26,62788.31,22139.49,12976.44,82625.32,11276.1,197236.28
D001154,A0156,MP,Parliament,Exceptional,2021-08-12,45757.16,16433.6,7262.05,161511.56,19531.51,88861.23
D001155,A0156,MP,Parliament,Regular,2024-10-06,77216.69,17197.0,14804.65,16273.85,25674.98,539209.73
D001156,A0157,MP,Parliament,Initial,2023-11-01,128687.15,17142.0,18104.06,482036.6,17631.78,39015.39
D001157,A0157,MP,Parliament,Regular,2024-05-31,146118.92,20856.08,9626.75,99585.01,5225.39,166470.82
D001158,A0157,MP,Parliament,Regular,2024-02-26,153931.17,16572.94,25280.66,191010.24,28930.11,108133.58
D001159,A0157,MP,Parliament,Regular,2020-09-23,123989.07,21483.25,20996.09,17886.36,26093.6,143153.03
D001160,A0157,MP,Parliament,Exceptional,2021-08-30,161029.35,21707.07,13041.73,51525.71,28578.14,179502.18
D001161,A0157,MP,Parliament,Exceptional,2019-05-20,145768.84,24388.54,20521.82,98391.76,47732.43,66560.22
D001162,A0157,MP,Parliament,Exceptional,2020-07-05,162903.77,21707.56,19926.76,128797.31,22620.62,143488.55
D001163,A0157,MP,Parliament,Regular,2024-06-01,185515.58,15113.25,20676.68,112379.99,51368.46,694949.79
D001164,A0158,MP,Parliament,Initial,2022-02-15,41569.0,1753.61,1782.79,131744.43,56232.64,148923.55
D001165,A0158,MP,Parliament,Regular,2019-06-06,48053.72,2549.86,1919.91,335.7,3713.1,107120.61
D001166,A0158,MP,Parliament,Regular,2022-05-09,49631.5,1437.33,1542.15,135860.43,47793.92,103950.28
D001167,A0158,MP,Parliament,Regular,2024-09-30,44779.49,1063.71,907.78,170472.41,18955.57,163229.59
D001168,A0158,MP,Parliament,Exceptional,2020-06-15,43643.97,1676.07,1963.68,29174.14,39921.04,160258.35
D001169,A0158,MP,Parliament,Exceptional,2025-11-19,33969.02,1438.2,1787.03,137720.0,16407.15,169533.85
D001170,A0158,MP,Parliament,Exceptional,2024-06-08,43196.06,2330.0,1773.92,140828.1,22602.52,196228.56
D001171,A0158,MP,Parliament,Regular,2025-11-20,49878.09,2328.59,1266.87,146531.62,48625.12,140823.45
D001172,A0159,MP,Parliament,Initial,2018-03-30,116543.19,3580.4,9750.09,609041.48,59063.37,131850.06
D001173,A0159,MP,Parliament,Regular,2024-02-23,118604.33,3302.7,9490.95,69661.43,23481.76,14364.64
D001174,A0159,MP,Parliament,Regular,2026-02-24,114784.78,4283.51,6777.21,171250.44,23626.35,26180.14
D001175,A0159,MP,Parliament,Regular,2024-07-05,135161.74,1983.99,13987.24,60814.8,39278.04,115431.48
D001176,A0159,MP,Parliament,Exceptional,2023-05-31,110196.34,2308.73,7001.9,149676.5,44119.13,1826.5
D001177,A0159,MP,Parliament,Exceptional,2026-02-21,143123.27,2155.22,12533.74,171686.15,22593.35,196540.11
D001178,A0159,MP,Parliament,Exceptional,2025-08-15,142279.43,5105.6,5811.52,194831.75,10777.97,10494.42
D001179,A0159,MP,Parliament,Regular,2026-02-25,185089.94,4117.82,10660.68,193945.39,37618.35,510455.06
D001180,A0160,MP,Parliament,Initial,2025-07-10,54085.54,9772.52,13759.68,330799.35,39167.82,75074.33
D001181,A0160,MP,Parliament,Regular,2025-05-21,50130.99,9417.52,18137.95,76420.18,37940.01,89023.66
D001182,A0160,MP,Parliament,Regular,2018-02-17,50624.07,5693.83,13611.33,133758.44,30584.91,4605.35
D001183,A0160,MP,Parliament,Regular,2024-06-04,64697.39,9572.17,16425.29,18910.65,35572.74,76791.98
D001184,A0160,MP,Parliament,Regular,2025-07-11,76890.29,7802.02,8603.05,65045.79,42826.09,357392.46
D001185,A0161,MP,Parliament,Initial,2024-07-23,70533.05,14014.84,7875.93,246728.05,47008.47,106017.53
D001186,A0161,MP,Parliament,Regular,2024-01-17,78582.62,18080.09,4915.28,150597.64,57940.86,179520.46
D001187,A0161,MP,Parliament,Regular,2020-01-11,81719.67,16750.76,3979.9,89446.58,18857.76,7828.63
D001188,A0161,MP,Parliament,Regular,2024-06-13,67843.55,9266.75,8368.15,170290.02,2100.32,195985.69
D001189,A0161,MP,Parliament,Exceptional,2022-01-29,90503.64,9412.41,11633.56,131631.87,14900.23,9233.25
D001190,A0161,MP,Parliament,Exceptional,2023-10-29,88329.23,11119.33,8144.52,27971.01,29426.57,62587.21
D001191,A0161,MP,Parliament,Exceptional,2021-12-13,77804.03,14163.26,9356.06,132523.4,2684.13,7346.79
D001192,A0161,MP,Parliament,Regular,2024-07-24,76528.39,19005.31,5632.97,26841.6,33124.24,329095.69
D001193,A0162,MP,Parliament,Initial,2020-11-07,102910.44,8440.3,10996.97,435355.65,38986.14,32663.87
D001194,A0162,MP,Parliament,Regular,2025-08-03,105751.08,10082.07,11391.81,14111.61,43960.49,199071.85
D001195,A0162,MP,Parliament,Regular,2025-10-25,112550.2,10250.28,11696.84,129554.22,30685.65,32808.61
D001196,A0162,MP,Parliament,Regular,2019-09-21,102386.43,10869.28,9665.7,192803.54,14849.86,54025.05
D001197,A0162,MP,Parliament,Exceptional,2025-09-02,110544.79,4776.87,12538.5,72563.9,20011.04,54650.6
D001198,A0162,MP,Parliament,Exceptional,2020-07-13,96408.91,5046.85,16269.86,44445.11,57106.97,156546.72
D001199,A0162,MP,Parliament,Exceptional,2019-05-21,91370.65,10367.45,8869.6,164268.65,29377.12,105792.02
D001200,A0162,MP,Parliament,Regular,2025-10-26,146160.95,11524.37,11563.78,121493.39,53794.21,859026.29
D001201,A0163,MP,Parliament,Initial,2023-05-08,68956.33,6903.46,14825.94,410214.49,31900.93,118923.4
D001202,A0163,MP,Parliament,Regular,2024-08-23,64699.77,3517.29,15027.06,31098.26,7582.1,75760.13
D001203,A0163,MP,Parliament,Regular,2020-12-31,63154.3,8459.63,21860.85,141500.48,14946.7,121740.6
D001204,A0163,MP,Parliament,Regular,2025-12-04,71530.89,6482.07,12661.38,93733.16,17209.18,190523.26
D001205,A0163,MP,Parliament,Exceptional,2026-01-21,85553.7,9071.3,11937.66,171584.29,56847.28,81302.96
D001206,A0163,MP,Parliament,Exceptional,2021-07-04,84307.59,7833.19,8550.02,48007.35,5618.02,115063.34
D001207,A0163,MP,Parliament,Exceptional,2018-12-13,80796.46,7277.35,14719.95,174870.59,57729.98,84796.72
D001208,A0163,MP,Parliament,Regular,2026-01-22,90002.46,8496.76,14524.32,103002.3,59877.27,466028.37
D001209,A0164,MP,Parliament,Initial,2020-09-27,70547.15,12325.73,18217.73,453894.89,42849.6,140518.34
D001210,A0164,MP,Parliament,Regular,2025-06-01,83616.75,16311.42,25146.51,105622.28,36551.62,121474.71
D001211,A0164,MP,Parliament,Regular,2019-11-22,77768.11,17033.31,18646.14,45013.72,4507.34,167881.79
D001212,A0164,MP,Parliament,Regular,2023-10-06,70969.54,6790.33,18135.89,34096.79,58183.7,67591.72
D001213,A0164,MP,Parliament,Exceptional,2024-01-18,86447.66,16735.96,14393.18,96624.94,15885.05,446.86
D001214,A0164,MP,Parliament,Exceptional,2025-01-29,76502.8,8843.26,14661.99,186622.29,38578.42,165145.48
D001215,A0164,MP,Parliament,Exceptional,2018-05-26,89433.12,17163.51,24563.91,11499.35,353.47,92070.78
D001216,A0164,MP,Parliament,Regular,2025-06-02,83175.82,7483.74,15480.0,144486.72,24124.09,388064.88
D001217,A0165,MP,Parliament,Initial,2020-10-21,49754.44,10581.93,17970.2,351285.72,54786.55,1382.09
D001218,A0165,MP,Parliament,Regular,2020-07-15,51804.8,9251.88,15535.16,178438.68,32185.64,53896.33
D001219,A0165,MP,Parliament,Regular,2022-12-02,54574.85,9940.21,11498.67,149418.22,348.61,176715.25
D001220,A0165,MP,Parliament,Regular,2025-12-14,47741.35,7296.95,9708.51,78909.2,44635.44,180199.56
D001221,A0165,MP,Parliament,Exceptional,2020-03-26,63396.51,15446.43,26648.52,23758.46,29344.07,99113.52
D001222,A0165,MP,Parliament,Exceptional,2025-08-24,57573.88,8728.9,22721.39,176353.31,30111.51,184712.25
D001223,A0165,MP,Parliament,Exceptional,2022-05-12,43072.86,15425.05,23230.31,25224.72,20647.23,2729.79
D001224,A0165,MP,Parliament,Regular,2025-12-15,70186.73,5841.65,23897.41,85933.01,35825.21,376052.45
D001225,A0166,MP,Parliament,Initial,2019-04-17,58222.34,1652.3,8579.04,219162.82,43754.91,37372.05
D001226,A0166,MP,Parliament,Regular,2020-12-15,69766.49,1234.85,11329.56,39682.49,42387.65,161990.49
D001227,A0166,MP,Parliament,Regular,2025-11-11,65158.77,1835.87,5908.12,170974.38,37734.47,29745.22
D001228,A0166,MP,Parliament,Regular,2019-05-09,54710.87,889.54,12786.19,185819.67,25578.18,123293.47
D001229,A0166,MP,Parliament,Exceptional,2018-07-28,57650.38,1693.56,10296.21,196024.87,13306.51,85215.17
D001230,A0166,MP,Parliament,Exceptional,2018-09-09,61420.6,1890.02,6900.03,53849.22,16833.36,70204.9
D001231,A0166,MP,Parliament,Exceptional,2022-09-09,53767.42,2305.13,5848.77,107.19,39625.85,64327.92
D001232,A0166,MP,Parliament,Regular,2025-11-12,68189.43,1289.06,9492.89,86181.51,15135.78,256339.51
D001233,A0167,MP,Parliament,Initial,2024-08-09,41152.86,13378.95,13659.23,309087.39,7818.49,72113.74
D001234,A0167,MP,Parliament,Regular,2023-12-07,44503.29,9877.04,10598.84,116865.44,5233.87,21273.1
D001235,A0167,MP,Parliament,Regular,2025-01-22,46205.45,8299.69,14841.59,182435.37,39261.31,38086.72
D001236,A0167,MP,Parliament,Regular,2025-11-26,42540.99,8009.14,19694.12,123802.07,18088.59,94839.7
D001237,A0167,MP,Parliament,Exceptional,2023-12-26,47753.15,7275.62,9448.18,110099.14,15151.53,175415.07
D001238,A0167,MP,Parliament,Exceptional,2024-04-14,52986.9,18662.47,12955.54,143465.17,54650.95,13541.7
D001239,A0167,MP,Parliament,Exceptional,2022-09-13,43699.46,19432.18,17632.5,33387.03,16448.92,193497.39
D001240,A0167,MP,Parliament,Regular,2025-11-27,48304.97,19477.12,7660.01,194494.8,11411.46,276861.07
D001241,A0168,MP,Parliament,Initial,2024-10-23,83246.99,10269.75,1499.71,339506.05,30556.7,112499.72
D001242,A0168,MP,Parliament,Regular,2021-01-17,80090.04,5171.85,1607.54,118422.55,531.68,185725.46
D001243,A0168,MP,Parliament,Regular,2023-10-02,86296.51,12403.34,1537.31,60682.03,13220.18,141650.94
D001244,A0168,MP,Parliament,Regular,2024-03-11,77896.79,7434.58,1550.05,58368.66,38376.92,188409.2
D001245,A0168,MP,Parliament,Exceptional,2019-06-29,77854.03,13254.36,1713.29,49801.61,49404.62,106918.98
D001246,A0168,MP,Parliament,Exceptional,2018-01-06,93596.48,11632.37,2207.9,64912.37,56785.67,176797.28
D001247,A0168,MP,Parliament,Exceptional,2020-12-17,96653.06,9328.46,1666.9,64927.03,3435.81,163184.43
D001248,A0168,MP,Parliament,Regular,2024-10-24,124400.89,7386.82,2197.42,35347.05,58296.28,660841.48
D001249,A0169,MP,Parliament,Initial,2025-02-11,107818.6,15610.26,2128.85,576625.67,22918.86,130764.94
D001250,A0169,MP,Parliament,Regular,2024-10-11,114855.2,20556.33,1534.14,53758.7,34899.83,161546.59
D001251,A0169,MP,Parliament,Regular,2022-06-08,102071.05,11422.39,2610.58,73728.0,54130.09,18738.21
D001252,A0169,MP,Parliament,Regular,2020-01-14,111895.98,20536.83,1439.34,113931.6,56601.3,36081.33
D001253,A0169,MP,Parliament,Exceptional,2021-06-24,95037.71,10579.61,1903.62,121564.42,4167.25,14409.74
D001254,A0169,MP,Parliament,Exceptional,2020-10-01,110784.91,17875.61,1921.3,144861.38,8237.48,150088.84
D001255,A0169,MP,Parliament,Exceptional,2018-02-18,118778.01,13703.86,1108.53,165312.45,45806.75,128896.42
D001256,A0169,MP,Parliament,Regular,2025-02-12,110648.19,11681.83,1242.39,28527.12,37643.06,603498.42
D001257,A0170,MP,Parliament,Initial,2024-04-24,125761.77,2126.78,14722.63,533701.9,42447.35,40464.33
D001258,A0170,MP,Parliament,Regular,2022-12-25,143951.89,1717.13,14412.11,48761.77,32611.59,53491.33
D001259,A0170,MP,Parliament,Regular,2024-02-05,117829.05,2817.82,8875.03,59347.7,30692.54,167296.68
D001260,A0170,MP,Parliament,Regular,2019-08-04,113231.26,1540.45,10698.57,77076.61,21198.59,57369.24
D001261,A0170,MP,Parliament,Regular,2024-04-25,177405.9,2523.99,17885.8,180322.93,29509.23,594423.05
D001262,A0171,MP,Parliament,Initial,2018-06-27,125646.65,5636.29,1525.8,349258.91,21629.61,184940.45
D001263,A0171,MP,Parliament,Regular,2024-10-12,118777.66,5234.01,1273.8,36273.1,25514.67,178623.51
D001264,A0171,MP,Parliament,Regular,2025-09-15,124449.13,7426.16,1294.47,20784.51,54974.06,132346.34
D001265,A0171,MP,Parliament,Regular,2020-12-23,143641.24,6827.27,879.42,435.75,55985.7,29728.59
D001266,A0171,MP,Parliament,Exceptional,2021-08-04,109801.36,5335.85,1978.73,195267.85,48878.99,22632.81
D001267,A0171,MP,Parliament,Exceptional,2022-10-17,160801.66,4387.71,900.9,198954.34,10912.34,77003.48
D001268,A0171,MP,Parliament,Exceptional,2021-07-31,131565.01,5530.82,2247.27,120348.62,38196.25,27644.26
D001269,A0171,MP,Parliament,Regular,2025-09-16,196815.19,8012.57,1347.56,109867.85,32324.83,796847.05
D001270,A0172,MP,Parliament,Initial,2018-12-24,53011.45,1672.35,14298.42,211970.77,46595.55,162258.42
D001271,A0172,MP,Parliament,Regular,2020-08-21,53462.73,1176.13,19311.38,72479.69,28435.58,26718.54
D001272,A0172,MP,Parliament,Regular,2019-03-28,48657.79,1420.41,19285.02,173354.5,49140.63,58939.46
D001273,A0172,MP,Parliament,Regular,2019-08-14,60993.69,1758.48,20465.93,84215.39,12644.24,44917.44
D001274,A0172,MP,Parliament,Exceptional,2019-04-26,67909.05,2013.45,12546.3,5269.38,57894.79,74336.85
D001275,A0172,MP,Parliament,Exceptional,2025-11-12,45219.03,1808.83,13967.08,118785.13,9490.39,29377.33
D001276,A0172,MP,Parliament,Exceptional,2019-08-02,44502.94,965.06,15287.63,162742.25,8983.03,36484.9
D001277,A0172,MP,Parliament,Regular,2025-11-13,76661.7,2087.28,17137.57,59901.54,24691.35,422169.11
D001278,A0173,MP,Parliament,Initial,2018-02-14,99524.7,5735.38,3117.75,402204.73,1927.15,150226.59
D001279,A0173,MP,Parliament,Regular,2022-06-12,114433.9,6767.2,4289.95,110831.18,49771.09,183830.05
D001280,A0173,MP,Parliament,Regular,2023-08-18,98709.61,4171.43,4462.9,54365.52,5516.19,75512.06
D001281,A0173,MP,Parliament,Regular,2019-05-28,111760.31,5164.15,1733.46,78458.19,49350.3,195197.48
D001282,A0173,MP,Parliament,Exceptional,2018-11-13,120253.65,5554.35,2535.32,128378.17,49635.22,32964.87
D001283,A0173,MP,Parliament,Exceptional,2022-03-02,111798.45,3984.54,1896.84,15561.72,36191.41,169321.85
D001284,A0173,MP,Parliament,Exceptional,2018-04-25,91539.33,3801.18,1890.8,42381.99,658.62,181937.4
D001285,A0173,MP,Parliament,Regular,2023-08-19,110735.79,4024.67,4455.89,48067.03,5102.36,314181.73
D001286,A0174,MP,Parliament,Initial,2022-06-19,128649.4,9676.14,960.98,589793.45,18516.29,196108.33
D001287,A0174,MP,Parliament,Regular,2023-08-11,123305.96,12113.0,1177.86,194770.15,42159.41,19475.97
D001288,A0174,MP,Parliament,Regular,2022-07-27,150385.14,9710.76,963.07,155012.04,1421.12,159213.86
D001289,A0174,MP,Parliament,Regular,2023-05-08,138414.85,13082.4,759.29,30307.56,27786.37,177040.77
D001290,A0174,MP,Parliament,Exceptional,2026-01-21,117815.19,6924.7,1135.36,28172.53,43113.27,198683.33
D001291,A0174,MP,Parliament,Exceptional,2023-08-17,136130.41,11889.27,1106.47,186045.44,20484.92,157070.37
D001292,A0174,MP,Parliament,Exceptional,2021-10-20,121627.82,10870.86,1383.94,8002.58,42765.75,136574.7
D001293,A0174,MP,Parliament,Regular,2026-01-22,147106.26,14485.27,1063.68,191603.13,34014.05,423353.92
D001294,A0175,MP,Parliament,Initial,2023-02-06,31494.18,15326.35,6190.85,194839.9,47842.98,179026.97
D001295,A0175,MP,Parliament,Regular,2021-07-08,29948.29,12193.77,3517.4,115302.32,21202.11,14226.78
D001296,A0175,MP,Parliament,Regular,2025-12-20,35638.25,11616.51,6025.31,51205.26,52599.47,130058.42
D001297,A0175,MP,Parliament,Regular,2019-07-30,37224.5,22555.49,6118.16,72694.42,17197.5,81806.65
D001298,A0175,MP,Parliament,Exceptional,2025-08-19,27226.47,13283.84,8325.67,190408.99,22420.99,136440.18
D001299,A0175,MP,Parliament,Exceptional,2023-09-04,32282.98,21110.64,9232.09,8535.11,58645.9,11411.74
D001300,A0175,MP,Parliament,Exceptional,2020-09-29,36214.29,16258.19,4052.29,21059.6,22549.3,114026.75
D001301,A0175,MP,Parliament,Regular,2025-12-21,47628.56,11081.73,8507.21,133830.11,20936.28,256531.88
D001302,A0176,MP,Parliament,Initial,2022-07-03,111828.97,2182.38,3605.47,425052.7,57572.89,79388.98
D001303,A0176,MP,Parliament,Regular,2021-09-08,102809.01,1838.49,3981.77,42527.04,44477.09,22865.29
D001304,A0176,MP,Parliament,Regular,2023-02-05,101930.4,1431.08,3497.19,128043.28,19211.2,6264.65
D001305,A0176,MP,Parliament,Regular,2024-09-28,126619.66,1227.37,4717.87,157911.83,58713.65,42684.17
D001306,A0176,MP,Parliament,Exceptional,2018-04-04,142729.84,2583.22,2775.66,127137.46,5015.48,13851.81
D001307,A0176,MP,Parliament,Exceptional,2022-07-18,94031.9,2998.1,3430.32,83944.37,12846.29,178614.68
D001308,A0176,MP,Parliament,Exceptional,2020-01-24,135902.91,1292.93,5053.57,68403.83,45190.56,32906.66
D001309,A0176,MP,Parliament,Regular,2024-09-29,135264.5,2005.83,3517.13,137766.1,9641.35,497580.41
D001310,A0177,MP,Parliament,Initial,2024-11-30,99290.14,7782.76,198.63,456512.48,35827.72,15561.74
D001311,A0177,MP,Parliament,Regular,2019-08-16,99004.17,11568.04,285.82,148567.27,44203.16,63303.06
D001312,A0177,MP,Parliament,Regular,2019-09-09,116065.25,11159.07,198.52,63281.57,47521.01,134789.06
D001313,A0177,MP,Parliament,Regular,2020-12-12,104871.0,3920.0,188.81,166502.17,7543.03,89865.73
D001314,A0177,MP,Parliament,Regular,2024-12-01,105095.4,5592.87,293.78,84035.22,32765.17,380435.11
D001315,A0178,MP,Parliament,Initial,2021-06-11,64808.56,19047.54,19434.89,262212.07,862.26,162755.87
D001316,A0178,MP,Parliament,Regular,2023-08-19,74252.16,11899.86,19417.99,199809.63,24843.22,70345.8
D001317,A0178,MP,Parliament,Regular,2024-01-31,66607.3,28077.41,16244.2,185269.77,27529.41,74624.3
D001318,A0178,MP,Parliament,Regular,2024-03-14,69893.92,19862.07,17133.09,169018.32,41313.04,87498.73
D001319,A0178,MP,Parliament,Exceptional,2024-12-16,82238.87,26778.6,11645.87,17524.04,50234.07,17927.59
D001320,A0178,MP,Parliament,Exceptional,2018-03-09,71816.32,17357.63,19365.02,150345.35,55633.73,19940.41
D001321,A0178,MP,Parliament,Exceptional,2022-12-25,68157.91,24873.62,22694.32,170341.05,12712.27,155376.05
D001322,A0178,MP,Parliament,Regular,2024-12-17,86257.12,11704.73,26360.37,190110.3,21036.82,442539.25
D001323,A0179,MP,Parliament,Initial,2021-01-01,120799.36,12897.19,15692.7,562756.88,56377.01,156439.21
D001324,A0179,MP,Parliament,Regular,2025-05-21,118304.82,17262.68,20324.22,82943.3,14493.27,180037.45
D001325,A0179,MP,Parliament,Regular,2022-08-26,109903.54,6787.1,20251.59,168153.92,31137.79,148249.09
D001326,A0179,MP,Parliament,Regular,2021-07-24,120863.02,18819.07,23426.52,48366.22,58409.42,38532.08
D001327,A0179,MP,Parliament,Exceptional,2018-07-31,145039.66,13901.28,9868.68,127254.7,58641.34,34743.45
D001328,A0179,MP,Parliament,Exceptional,2021-07-27,127882.85,12089.84,9409.0,160234.39,30255.42,126288.21
D001329,A0179,MP,Parliament,Exceptional,2022-05-25,147558.27,14539.24,11930.07,110581.1,56922.02,40752.52
D001330,A0179,MP,Parliament,Regular,2025-05-22,127559.2,12090.1,17715.4,118657.64,1669.1,751041.9
D001331,A0180,MP,Parliament,Initial,2020-09-08,37877.25,7648.1,14846.79,206930.05,27222.38,126300.36
D001332,A0180,MP,Parliament,Regular,2025-04-26,44292.63,6094.94,15372.62,49050.88,46801.74,157209.64
D001333,A0180,MP,Parliament,Regular,2020-12-02,41580.79,5927.01,21304.79,125487.6,38303.19,115870.92
D001334,A0180,MP,Parliament,Regular,2019-02-28,35350.06,10915.36,9244.86,28367.08,15719.68,36125.54
D001335,A0180,MP,Parliament,Exceptional,2022-01-20,47587.45,5414.64,8918.05,159088.29,24824.71,97303.46
D001336,A0180,MP,Parliament,Exceptional,2025-01-06,31747.06,9080.86,12994.72,62716.99,54498.14,161709.81
D001337,A0180,MP,Parliament,Exceptional,2020-01-07,35959.81,10735.16,17217.33,126242.68,51288.54,23441.43
D001338,A0180,MP,Parliament,Regular,2025-04-27,45668.08,6476.28,22194.71,119998.57,300.87,226996.55
D001339,A0181,MP,Parliament,Initial,2020-06-07,42159.36,12122.22,10719.08,225172.77,45657.66,43261.31
D001340,A0181,MP,Parliament,Regular,2018-05-01,42086.08,8725.1,13160.29,187969.62,16055.43,96314.97
D001341,A0181,MP,Parliament,Regular,2019-01-12,42351.86,12746.47,8514.39,149038.89,29748.1,102531.31
D001342,A0181,MP,Parliament,Regular,2022-06-27,49609.11,9092.79,7480.6,169207.16,43043.77,192374.26
D001343,A0181,MP,Parliament,Exceptional,2024-08-03,40295.6,15687.35,15583.0,97566.36,52971.44,84747.46
D001344,A0181,MP,Parliament,Exceptional,2021-01-17,50926.24,13612.17,11869.19,85862.6,34028.52,74792.1
D001345,A0181,MP,Parliament,Exceptional,2025-02-04,50998.95,11508.87,14893.63,191619.49,15183.82,81961.65
D001346,A0181,MP,Parliament,Regular,2025-02-05,57434.93,16695.35,15546.72,106099.64,23898.4,419318.45
D001347,A0182,MP,Parliament,Initial,2018-02-09,72938.68,3718.3,4906.36,267140.84,22299.62,29007.94
D001348,A0182,MP,Parliament,Regular,2021-07-28,80705.75,4524.43,3502.03,113493.85,19293.67,46529.75
D001349,A0182,MP,Parliament,Regular,2018-09-29,74082.16,4096.83,5040.12,20584.04,16682.91,121580.87
D001350,A0182,MP,Parliament,Regular,2025-07-12,67282.09,5178.34,4522.44,151240.24,19067.0,64024.28
D001351,A0182,MP,Parliament,Exceptional,2023-07-17,76536.42,5541.23,4519.92,24818.54,10268.38,65374.95
D001352,A0182,MP,Parliament,Exceptional,2022-04-18,66973.1,1938.23,2540.69,156661.13,34545.52,929.4
D001353,A0182,MP,Parliament,Exceptional,2023-03-07,68721.58,4988.63,4429.52,179165.91,55082.07,7824.05
D001354,A0182,MP,Parliament,Regular,2025-07-13,101156.13,2117.4,2919.87,160502.66,43395.22,469842.3
D001355,A0183,MP,Parliament,Initial,2025-03-10,70034.43,11129.0,6263.49,323957.76,23599.65,139291.39
D001356,A0183,MP,Parliament,Regular,2019-05-13,80744.29,16000.21,3775.28,44802.87,49527.39,27746.88
D001357,A0183,MP,Parliament,Regular,2021-08-15,81129.05,13624.72,4549.43,17603.34,43446.47,162456.4
D001358,A0183,MP,Parliament,Regular,2024-01-11,83822.08,15960.22,8568.55,51937.54,47096.64,22160.72
D001359,A0183,MP,Parliament,Regular,2025-03-11,73187.76,9229.61,6969.71,162497.11,16194.72,250666.93
D001360,A0184,MP,Parliament,Initial,2023-01-05,76069.38,2525.77,17237.9,340748.21,53267.9,193167.25
D001361,A0184,MP,Parliament,Regular,2025-06-30,71255.1,2595.46,18580.47,132253.8,58580.97,64382.27
D001362,A0184,MP,Parliament,Regular,2026-03-13,79478.19,1494.75,21826.66,142276.28,21180.58,167108.42
D001363,A0184,MP,Parliament,Regular,2020-09-19,83512.33,3120.01,12168.08,15603.35,58305.91,12053.39
D001364,A0184,MP,Parliament,Exceptional,2020-06-04,78661.46,2235.46,17024.93,68090.03,48839.73,152320.51
D001365,A0184,MP,Parliament,Exceptional,2023-10-07,93506.72,3183.71,13994.16,90804.39,9239.94,100902.28
D001366,A0184,MP,Parliament,Exceptional,2019-06-17,69176.91,2181.37,25427.01,173571.76,30807.84,156004.21
D001367,A0184,MP,Parliament,Regular,2026-03-14,84647.88,1964.64,11449.35,61429.36,52189.88,281386.93
D001368,A0185,MP,Parliament,Initial,2023-01-29,117619.62,14900.52,4811.25,571914.03,11221.79,5717.25
D001369,A0185,MP,Parliament,Regular,2021-12-12,115228.84,21261.96,2810.09,86294.73,9037.2,100438.08
D001370,A0185,MP,Parliament,Regular,2023-09-12,117633.96,14026.46,4184.73,9826.88,22951.35,185603.99
D001371,A0185,MP,Parliament,Regular,2020-03-05,116231.92,13450.58,5263.74,105912.55,29616.97,86713.07
D001372,A0185,MP,Parliament,Exceptional,2025-04-01,108736.06,9105.45,2959.82,179011.69,34513.83,47753.43
D001373,A0185,MP,Parliament,Exceptional,2023-12-20,100037.37,10824.71,5389.66,143164.66,23514.49,20260.85
D001374,A0185,MP,Parliament,Exceptional,2026-03-26,142559.02,17756.71,4788.02,34205.82,12214.53,127379.84
D001375,A0185,MP,Parliament,Regular,2026-03-27,167432.95,11741.29,2420.57,37015.77,54466.95,775487.18
D001376,A0186,MP,Parliament,Initial,2018-02-22,115256.39,13758.72,3404.65,482073.07,9998.73,66431.06
D001377,A0186,MP,Parliament,Regular,2025-06-21,120140.98,11475.52,2306.7,52766.44,4618.62,135840.59
D001378,A0186,MP,Parliament,Regular,2018-02-09,124269.62,20219.01,3687.78,97661.47,14850.63,21877.2
D001379,A0186,MP,Parliament,Regular,2018-03-13,123345.09,20506.17,4546.43,105053.84,10038.28,29316.59
D001380,A0186,MP,Parliament,Exceptional,2021-06-01,138532.0,11497.85,3372.86,70156.21,32742.9,132681.7
D001381,A0186,MP,Parliament,Exceptional,2020-11-04,113198.45,7065.94,2902.9,142031.43,53482.34,154905.26
D001382,A0186,MP,Parliament,Exceptional,2024-09-06,120117.61,10593.35,3470.39,127960.06,8874.02,82063.79
D001383,A0186,MP,Parliament,Regular,2025-06-22,130487.91,20556.72,2918.45,6180.93,34655.05,558362.7
D001384,A0187,MP,Parliament,Initial,2024-02-10,50630.75,1785.48,18412.95,298356.83,6475.9,54784.78
D001385,A0187,MP,Parliament,Regular,2023-01-15,60564.48,2456.99,12427.86,182065.47,20930.7,66239.13
D001386,A0187,MP,Parliament,Regular,2024-08-10,51906.05,2667.41,14902.03,8220.0,31204.66,68654.89
D001387,A0187,MP,Parliament,Regular,2024-11-13,47435.36,2312.79,19640.4,158505.11,20819.87,22038.12
D001388,A0187,MP,Parliament,Exceptional,2025-09-08,44229.28,2108.51,18839.87,57956.36,33488.45,32521.36
D001389,A0187,MP,Parliament,Exceptional,2023-06-18,47802.01,2320.74,9493.57,8190.62,16981.04,118614.32
D001390,A0187,MP,Parliament,Exceptional,2018-08-06,52867.78,901.83,15692.53,166822.01,2994.12,27543.76
D001391,A0187,MP,Parliament,Regular,2025-09-09,77324.97,2294.81,18449.65,191704.86,33644.95,429438.16
D001392,A0188,MP,Parliament,Initial,2020-10-15,44264.43,14661.06,8641.02,341052.41,17448.12,6427.34
D001393,A0188,MP,Parliament,Regular,2025-08-11,48297.51,13525.76,12675.56,19627.74,15675.65,60404.53
D001394,A0188,MP,Parliament,Regular,2021-06-26,42139.32,13720.06,11889.45,160876.05,8350.58,153532.07
D001395,A0188,MP,Parliament,Regular,2020-10-21,41639.87,15456.92,6921.99,17119.59,33999.91,125663.77
D001396,A0188,MP,Parliament,Exceptional,2022-03-20,52727.91,19555.69,5150.41,105314.28,41648.0,100763.03
D001397,A0188,MP,Parliament,Exceptional,2025-09-07,51182.92,14197.46,8016.0,84101.13,24615.52,5534.59
D001398,A0188,MP,Parliament,Exceptional,2024-04-08,35996.32,18572.19,5084.62,28117.12,54410.93,157326.42
D001399,A0188,MP,Parliament,Regular,2025-09-08,59677.01,12800.74,9685.63,179982.48,52668.31,372695.82
D001400,A0189,MP,Parliament,Initial,2021-01-11,42593.58,13401.58,9256.16,182630.62,31080.5,167839.61
D001401,A0189,MP,Parliament,Regular,2025-04-15,39702.1,14665.89,12236.08,113088.68,41435.57,172862.82
D001402,A0189,MP,Parliament,Regular,2019-05-13,47796.04,15739.0,11471.74,10604.05,12303.87,28830.38
D001403,A0189,MP,Parliament,Regular,2023-07-22,40077.19,18695.91,10548.95,30955.1,37694.37,143828.41
D001404,A0189,MP,Parliament,Regular,2025-04-16,63182.05,15058.88,6485.79,13428.41,9181.33,323477.33
D001405,A0190,MP,Parliament,Initial,2023-06-05,54720.61,2072.14,493.13,198712.66,23442.83,185208.89
D001406,A0190,MP,Parliament,Regular,2020-01-24,62714.27,2780.23,516.17,164337.29,40879.23,171862.78
D001407,A0190,MP,Parliament,Regular,2024-12-02,51270.96,1339.11,257.24,28337.24,44675.91,48136.38
D001408,A0190,MP,Parliament,Regular,2023-09-27,61423.85,2168.87,481.37,58007.24,40052.13,191818.28
D001409,A0190,MP,Parliament,Exceptional,2025-06-27,51305.53,1835.55,640.99,92792.74,48809.62,29633.31
D001410,A0190,MP,Parliament,Exceptional,2021-03-06,56282.4,2205.19,252.0,60552.31,38706.54,178644.19
D001411,A0190,MP,Parliament,Exceptional,2024-12-14,55937.58,2917.8,421.49,27860.7,52945.45,91670.04
D001412,A0190,MP,Parliament,Regular,2025-06-28,55020.04,1364.12,493.44,172204.43,12646.81,212256.37
D001413,A0191,MP,Parliament,Initial,2019-07-28,81304.52,3489.94,3028.05,400706.66,33788.87,91896.35
D001414,A0191,MP,Parliament,Regular,2021-02-14,92320.32,4042.9,4310.37,13642.02,50359.53,96748.93
D001415,A0191,MP,Parliament,Regular,2023-04-17,87951.37,2374.46,3659.4,101396.04,39534.31,51845.2
D001416,A0191,MP,Parliament,Regular,2025-10-29,81078.73,5078.54,2568.08,123495.0,24226.43,8985.83
D001417,A0191,MP,Parliament,Regular,2025-10-30,89069.73,2081.89,1835.67,186846.78,28584.78,455022.3
D001418,A0192,MP,Parliament,Initial,2022-09-17,110855.55,14652.94,4732.34,544034.86,10439.88,178494.57
D001419,A0192,MP,Parliament,Regular,2018-09-21,101829.47,10996.8,2543.25,149986.99,26491.71,74864.42
D001420,A0192,MP,Parliament,Regular,2025-01-29,127728.18,20859.21,3886.01,139745.15,22657.74,197774.17
D001421,A0192,MP,Parliament,Regular,2024-06-08,118276.27,10194.31,4690.24,135769.8,13529.79,148430.78
D001422,A0192,MP,Parliament,Exceptional,2023-12-05,133507.34,10144.17,5120.91,125823.13,40119.49,40707.92
D001423,A0192,MP,Parliament,Exceptional,2019-07-30,138197.57,12595.1,4297.1,109316.17,4317.91,37060.87
D001424,A0192,MP,Parliament,Exceptional,2026-03-09,141770.04,17997.97,4865.58,38027.38,12448.49,165515.15
D001425,A0192,MP,Parliament,Regular,2026-03-10,144168.77,12550.03,6624.13,170684.32,48095.75,655184.99
D001426,A0193,MP,Parliament,Initial,2024-01-24,117397.69,11383.05,2543.85,335243.34,6054.78,99742.45
D001427,A0193,MP,Parliament,Regular,2021-09-17,106451.85,15040.74,2009.38,165629.7,23425.58,71581.04
D001428,A0193,MP,Parliament,Regular,2019-10-09,139754.25,6542.72,2735.54,170639.04,55908.54,100009.4
D001429,A0193,MP,Parliament,Regular,2022-06-24,127446.17,11906.0,3540.55,116554.5,56215.61,196986.79
D001430,A0193,MP,Parliament,Exceptional,2018-05-13,113761.02,8661.15,2122.95,152947.18,8357.32,109417.47
D001431,A0193,MP,Parliament,Exceptional,2026-03-25,113265.83,14312.42,3592.73,12465.7,29613.31,161132.41
D001432,A0193,MP,Parliament,Exceptional,2024-04-28,147000.92,13694.84,3219.43,7072.41,58863.36,189981.56
D001433,A0193,MP,Parliament,Regular,2026-03-26,159530.38,12662.87,1476.94,110285.05,56796.04,454910.29
D001434,A0194,MP,Parliament,Initial,2018-03-29,33560.01,10152.09,13006.74,281486.48,18205.1,169966.7
D001435,A0194,MP,Parliament,Regular,2018-08-15,30469.34,13013.17,9054.96,121627.78,22763.3,136719.01
D001436,A0194,MP,Parliament,Regular,2018-03-16,35766.54,5605.38,16462.39,139088.11,25783.12,85366.72
D001437,A0194,MP,Parliament,Regular,2019-07-19,31367.7,6273.91,14511.01,180710.26,21107.35,68625.13
D001438,A0194,MP,Parliament,Regular,2019-07-20,38355.81,6009.94,6634.08,82613.1,45154.14,205435.52
D001439,A0195,MP,Parliament,Initial,2021-03-03,34577.97,16035.34,17465.12,251306.9,3413.02,11330.92
D001440,A0195,MP,Parliament,Regular,2018-06-29,34378.73,17677.62,24283.93,199617.76,7782.97,79563.73
D001441,A0195,MP,Parliament,Regular,2025-05-17,32389.63,9249.25,13102.31,108729.24,29695.76,147043.73
D001442,A0195,MP,Parliament,Regular,2022-01-02,40431.75,21788.18,16479.07,60543.78,22016.02,110281.17
D001443,A0195,MP,Parliament,Regular,2025-05-18,39644.46,22336.89,14301.47,108283.83,6262.69,264655.14
D001444,A0196,MP,Parliament,Initial,2024-03-14,125056.35,9724.15,1568.92,432569.43,50485.52,104198.99
D001445,A0196,MP,Parliament,Regular,2020-05-13,117155.84,11911.22,2020.68,7173.54,14106.31,88055.48
D001446,A0196,MP,Parliament,Regular,2023-02-02,148306.01,5069.1,2096.59,54059.71,35294.41,60082.57
D001447,A0196,MP,Parliament,Regular,2018-12-13,114791.22,13172.09,1386.83,3769.7,22955.29,88803.95
D001448,A0196,MP,Parliament,Exceptional,2022-04-03,111576.95,9054.01,866.45,61029.61,32492.95,69560.91
D001449,A0196,MP,Parliament,Exceptional,2018-04-17,156949.09,12198.74,1311.96,165631.51,15751.96,150663.67
D001450,A0196,MP,Parliament,Exceptional,2020-06-05,147394.67,8177.47,2085.47,86815.2,25652.95,145845.23
D001451,A0196,MP,Parliament,Regular,2024-03-15,180237.29,5417.51,955.8,77622.11,43277.82,876225.83
D001452,A0197,MP,Parliament,Initial,2020-09-02,123797.61,9270.05,11452.05,479979.47,31134.77,32509.77
D001453,A0197,MP,Parliament,Regular,2019-06-25,145129.64,7237.13,13543.18,54878.56,59928.37,154267.84
D001454,A0197,MP,Parliament,Regular,2021-04-26,123953.56,8293.0,12775.3,72338.97,39553.8,156485.26
D001455,A0197,MP,Parliament,Regular,2024-10-26,111876.11,7479.96,13293.27,167199.96,50855.56,88761.74
D001456,A0197,MP,Parliament,Exceptional,2018-02-06,127910.13,13588.83,11225.39,168865.07,13070.55,11716.97
D001457,A0197,MP,Parliament,Exceptional,2018-11-22,116149.74,10292.8,9322.27,12808.7,10788.23,153195.37
D001458,A0197,MP,Parliament,Exceptional,2021-02-05,115103.35,9223.04,8330.44,34899.06,52274.35,131195.63
D001459,A0197,MP,Parliament,Regular,2024-10-27,141080.18,10703.21,7836.13,101343.84,26418.53,649119.15
D001460,A0198,MP,Parliament,Initial,2024-01-23,52795.24,19034.08,19839.42,434643.88,967.09,168986.18
D001461,A0198,MP,Parliament,Regular,2026-01-21,48224.23,13984.28,12085.45,101387.59,6790.95,15490.05
D001462,A0198,MP,Parliament,Regular,2020-04-15,52675.75,16585.52,26241.46,83193.93,38513.22,175170.63
D001463,A0198,MP,Parliament,Regular,2019-08-10,47906.85,21070.09,17067.6,195019.77,53843.53,74943.12
D001464,A0198,MP,Parliament,Regular,2026-01-22,62110.32,10110.09,17226.61,58174.53,9003.8,243176.27
D001465,A0199,MP,Parliament,Initial,2022-04-01,51147.96,6262.12,14315.36,335570.06,47008.03,142568.05
D001466,A0199,MP,Parliament,Regular,2024-07-14,46533.39,7678.98,12613.12,199564.17,4706.7,15462.29
D001467,A0199,MP,Parliament,Regular,2020-07-08,54708.92,9379.48,16181.0,146790.25,32338.04,24248.47
D001468,A0199,MP,Parliament,Regular,2023-12-02,58281.15,6932.8,16594.33,104067.2,19016.36,39004.72
D001469,A0199,MP,Parliament,Exceptional,2020-09-26,49324.14,8134.53,21150.58,46178.14,18888.98,194479.37
D001470,A0199,MP,Parliament,Exceptional,2025-10-09,47082.89,7719.93,19758.44,72376.23,21119.08,101128.69
D001471,A0199,MP,Parliament,Exceptional,2022-01-23,57626.62,6921.01,13584.82,83770.05,34160.54,165356.78
D001472,A0199,MP,Parliament,Regular,2025-10-10,54992.69,6497.67,18272.82,81523.49,35085.32,262108.56
D001473,A0200,MP,Parliament,Initial,2020-03-22,58688.52,6276.89,1630.12,271051.81,58994.87,115202.35
D001474,A0200,MP,Parliament,Regular,2020-01-07,68250.15,3235.81,1011.96,52675.22,33274.73,186025.03
D001475,A0200,MP,Parliament,Regular,2019-02-18,55045.1,3352.33,1518.33,138009.31,59396.01,26475.55
D001476,A0200,MP,Parliament,Regular,2023-12-09,68993.45,8814.38,1392.72,80463.5,33416.45,142396.7
D001477,A0200,MP,Parliament,Exceptional,2021-10-10,64307.3,7008.96,2435.62,9047.54,44324.91,70991.53
D001478,A0200,MP,Parliament,Exceptional,2023-01-13,73673.88,7098.1,2022.48,87138.03,45459.6,140022.74
D001479,A0200,MP,Parliament,Exceptional,2026-03-24,52334.04,7946.26,2308.81,187324.29,5027.37,179119.83
D001480,A0200,MP,Parliament,Regular,2026-03-25,79589.38,5460.1,1873.67,75874.92,26315.22,355861.94
D001481,A0201,MP,Parliament,Initial,2022-10-14,124476.81,1937.97,5946.97,501667.95,33847.88,179460.33
D001482,A0201,MP,Parliament,Regular,2021-03-14,124083.47,1586.38,4034.52,28639.31,48839.23,146925.15
D001483,A0201,MP,Parliament,Regular,2026-03-14,119896.59,1975.06,6393.81,123095.5,5967.99,56958.19
D001484,A0201,MP,Parliament,Regular,2019-05-01,122778.07,1912.07,4303.43,33864.15,56352.29,51885.8
D001485,A0201,MP,Parliament,Exceptional,2019-03-11,157121.84,2260.52,3812.03,41368.62,50327.4,150972.95
D001486,A0201,MP,Parliament,Exceptional,2018-04-23,136824.38,1046.01,8270.12,107583.18,11707.96,97673.18
D001487,A0201,MP,Parliament,Exceptional,2018-04-16,122581.06,1515.18,8610.5,85300.51,26689.48,25235.74
D001488,A0201,MP,Parliament,Regular,2026-03-15,158373.04,2748.04,7233.01,183836.73,7196.44,618398.46
D001489,A0202,MP,Parliament,Initial,2020-06-30,38686.38,2736.36,5569.06,204941.53,58106.37,160728.22
D001490,A0202,MP,Parliament,Regular,2026-02-27,35680.65,1797.04,4652.05,90692.81,44131.3,134416.3
D001491,A0202,MP,Parliament,Regular,2018-10-31,43020.92,2229.61,7934.41,86675.52,55942.08,158839.48
D001492,A0202,MP,Parliament,Regular,2021-07-24,37027.5,2895.54,7449.38,125216.16,56950.95,125457.01
D001493,A0202,MP,Parliament,Exceptional,2024-07-29,38226.19,3949.01,6534.45,53057.21,9085.99,162773.77
D001494,A0202,MP,Parliament,Exceptional,2026-03-24,40557.38,1728.81,6319.62,17742.34,30978.37,144656.72
D001495,A0202,MP,Parliament,Exceptional,2020-05-27,31010.96,1552.23,5890.61,41709.39,10686.9,83631.87
D001496,A0202,MP,Parliament,Regular,2026-03-25,44792.81,2408.79,6036.3,127542.93,29053.98,157310.49
D001497,A0203,MP,Parliament,Initial,2023-05-25,60010.06,4637.87,5842.32,235988.16,47804.77,78442.01
D001498,A0203,MP,Parliament,Regular,2021-04-25,55746.94,2840.08,8067.63,150992.22,17236.28,193872.43
D001499,A0203,MP,Parliament,Regular,2021-08-25,58462.93,4289.4,3950.54,191263.11,39636.77,69515.72
D001500,A0203,MP,Parliament,Regular,2022-06-19,66697.92,5907.17,5747.31,160944.26,29350.46,82400.58
D001501,A0203,MP,Parliament,Exceptional,2021-04-06,56047.11,3316.57,7892.9,81801.16,33735.44,64638.4
D001502,A0203,MP,Parliament,Exceptional,2025-07-27,57538.19,4134.09,5503.18,79735.9,54742.12,53663.45
D001503,A0203,MP,Parliament,Exceptional,2026-03-02,54577.59,5269.85,3187.74,89527.27,13278.6,175124.4
D001504,A0203,MP,Parliament,Regular,2026-03-03,79309.76,5934.39,3565.66,193651.15,36645.08,347397.64
D001505,A0204,MP,Parliament,Initial,2018-09-17,125027.86,422.35,7583.76,573146.31,19997.28,70540.13
D001506,A0204,MP,Parliament,Regular,2025-05-06,114371.05,300.07,7852.78,197043.46,50288.94,79105.26
D001507,A0204,MP,Parliament,Regular,2026-01-19,121127.03,549.6,10698.06,66300.42,12936.91,146666.87
D001508,A0204,MP,Parliament,Regular,2018-02-25,113878.18,219.64,10923.31,20504.15,23876.24,96979.99
D001509,A0204,MP,Parliament,Exceptional,2021-05-19,101537.9,477.92,9010.04,6755.6,44994.92,162599.17
D001510,A0204,MP,Parliament,Exceptional,2022-03-28,140986.16,266.59,9407.85,53999.73,5095.0,14778.05
D001511,A0204,MP,Parliament,Exceptional,2026-02-05,144000.16,520.61,3944.73,148530.4,32501.88,183794.91
D001512,A0204,MP,Parliament,Regular,2026-02-06,132196.2,459.6,6758.07,166294.34,51558.18,494730.2
D001513,A0205,MP,Parliament,Initial,2022-10-26,104348.34,6043.08,9178.11,412931.14,58155.74,115240.24
D001514,A0205,MP,Parliament,Regular,2019-01-17,100871.02,5477.03,7145.69,56884.6,42172.77,101318.7
D001515,A0205,MP,Parliament,Regular,2022-04-16,94452.33,6025.16,8201.98,74547.53,32794.88,21660.86
D001516,A0205,MP,Parliament,Regular,2020-07-06,112003.73,3171.96,11667.27,89417.06,28608.38,21789.69
D001517,A0205,MP,Parliament,Exceptional,2019-08-12,125723.09,8918.48,5464.55,33851.14,51889.66,97962.29
D001518,A0205,MP,Parliament,Exceptional,2020-10-20,87855.5,5458.08,12280.96,104681.13,50379.0,152116.32
D001519,A0205,MP,Parliament,Exceptional,2018-08-30,123517.57,4544.54,7447.63,67573.7,9036.72,64288.6
D001520,A0205,MP,Parliament,Regular,2022-10-27,139741.98,5478.26,4640.19,138079.47,45302.28,586765.89
D001521,A0206,MP,Parliament,Initial,2018-11-30,61301.62,13040.17,6436.76,408178.04,30865.87,171730.58
D001522,A0206,MP,Parliament,Regular,2019-03-07,63000.32,7530.76,4037.67,2724.9,31196.34,24295.54
D001523,A0206,MP,Parliament,Regular,2020-03-19,63219.16,19194.04,3469.81,84836.44,10243.33,160630.73
D001524,A0206,MP,Parliament,Regular,2023-06-19,57743.65,17920.0,5909.89,1851.71,7055.0,199148.86
D001525,A0206,MP,Parliament,Exceptional,2025-08-03,57350.96,10724.06,8944.17,112762.08,9956.74,58039.36
D001526,A0206,MP,Parliament,Exceptional,2025-09-06,55308.21,14526.75,7817.28,103875.96,15074.36,92576.03
D001527,A0206,MP,Parliament,Exceptional,2021-09-14,77457.03,15910.71,8705.05,27067.85,31462.71,165881.6
D001528,A0206,MP,Parliament,Regular,2025-09-07,61662.85,11948.75,4186.14,13409.6,58618.57,222246.5
D001529,A0207,MP,Parliament,Initial,2024-04-09,99404.52,10754.63,6620.7,376348.82,28121.65,31290.6
D001530,A0207,MP,Parliament,Regular,2020-07-14,99751.16,5529.27,4585.77,56837.52,54690.64,85233.13
D001531,A0207,MP,Parliament,Regular,2026-03-07,98581.95,12093.59,5980.27,50949.88,32461.02,131873.51
D001532,A0207,MP,Parliament,Regular,2018-11-14,107137.37,6484.79,4743.35,35665.05,33819.59,25340.82
D001533,A0207,MP,Parliament,Exceptional,2025-03-26,117598.24,8928.07,8421.39,118433.99,16634.25,161459.92
D001534,A0207,MP,Parliament,Exceptional,2024-11-27,112749.42,10468.63,4423.29,156672.98,59345.23,18267.65
D001535,A0207,MP,Parliament,Exceptional,2024-11-23,86804.58,7149.88,9100.91,64667.58,53757.2,10437.84
D001536,A0207,MP,Parliament,Regular,2026-03-08,129924.01,10106.01,7712.07,65417.87,30022.51,595124.41
D001537,A0208,MP,Parliament,Initial,2020-05-26,67730.96,7710.6,9489.56,402696.23,31319.14,106137.1
D001538,A0208,MP,Parliament,Regular,2019-11-12,80169.54,10282.89,11495.16,167975.22,33629.15,98018.7
D001539,A0208,MP,Parliament,Regular,2020-10-23,74884.04,8157.08,8876.66,69636.1,1517.73,73137.44
D001540,A0208,MP,Parliament,Regular,2023-03-25,76618.84,6523.1,8769.09,123394.84,52577.69,184121.24
D001541,A0208,MP,Parliament,Exceptional,2022-03-13,60246.87,9619.96,4846.06,88416.11,31560.16,1122.91
D001542,A0208,MP,Parliament,Exceptional,2021-06-25,65307.93,10879.97,13435.39,100558.67,779.67,54605.57
D001543,A0208,MP,Parliament,Exceptional,2025-04-05,63496.13,7546.63,5161.54,139099.82,15182.28,125054.08
D001544,A0208,MP,Parliament,Regular,2025-04-06,107196.73,10203.63,12936.03,185514.97,59833.89,475845.45
D001545,A0209,MP,Parliament,Initial,2019-09-20,77344.84,17498.74,15011.73,537277.91,2291.62,5767.39
D001546,A0209,MP,Parliament,Regular,2025-11-30,86692.65,23989.25,9482.13,83914.52,50748.19,11209.6
D001547,A0209,MP,Parliament,Regular,2025-02-24,86098.52,14248.11,20384.28,55495.63,51154.55,131021.04
D001548,A0209,MP,Parliament,Regular,2018-03-10,77329.33,20508.36,21011.41,179547.29,10152.81,197254.06
D001549,A0209,MP,Parliament,Exceptional,2022-02-09,81844.01,25207.72,13558.19,167543.33,40178.47,12990.98
D001550,A0209,MP,Parliament,Exceptional,2023-08-17,67580.59,13415.16,10096.67,8901.69,36511.74,137743.34
D001551,A0209,MP,Parliament,Exceptional,2022-08-04,68564.97,21817.92,20083.58,644.88,16425.79,70136.96
D001552,A0209,MP,Parliament,Regular,2025-12-01,93190.59,18691.68,17958.41,113237.86,27780.32,355500.14
D001553,A0210,MP,Parliament,Initial,2022-03-15,102955.04,3713.18,11822.97,374638.84,46003.35,157747.34
D001554,A0210,MP,Parliament,Regular,2023-03-01,95169.83,4545.96,8828.59,167461.66,38539.04,180295.84
D001555,A0210,MP,Parliament,Regular,2020-02-22,115744.37,4597.32,9582.36,75862.09,17224.59,55792.68
D001556,A0210,MP,Parliament,Regular,2024-05-03,102405.49,2695.62,8137.1,176713.72,10626.73,58986.47
D001557,A0210,MP,Parliament,Exceptional,2020-12-19,87121.17,3175.34,10210.47,154474.11,31382.56,165900.02
D001558,A0210,MP,Parliament,Exceptional,2025-09-15,125179.45,1992.98,15780.4,77136.14,32276.93,42132.56
D001559,A0210,MP,Parliament,Exceptional,2025-11-16,104697.73,4255.33,13974.96,57737.8,20530.87,193698.09
D001560,A0210,MP,Parliament,Regular,2025-11-17,137029.73,4615.97,9091.27,102654.49,12643.32,476158.0
D001561,A0211,MP,Parliament,Initial,2025-05-20,122191.94,10340.6,12622.27,597384.37,28034.81,64598.19
D001562,A0211,MP,Parliament,Regular,2024-08-07,143011.3,8503.82,7631.59,71776.83,54061.44,31750.1
D001563,A0211,MP,Parliament,Regular,2023-05-02,122242.49,11869.78,7575.99,182629.76,18376.54,93368.25
D001564,A0211,MP,Parliament,Regular,2020-02-02,137540.9,9709.91,14094.19,118714.95,41669.91,146190.97
D001565,A0211,MP,Parliament,Exceptional,2020-09-24,113184.85,9029.56,10575.93,135711.17,18010.4,194153.13
D001566,A0211,MP,Parliament,Exceptional,2020-08-17,144380.34,14485.78,12710.13,84197.2,46444.35,190796.39
D001567,A0211,MP,Parliament,Exceptional,2022-06-30,133988.11,6866.42,8411.29,60116.55,35811.07,139526.3
D001568,A0211,MP,Parliament,Regular,2025-05-21,160615.35,15009.31,13480.44,27909.84,39804.39,531391.82
D001569,A0212,MP,Parliament,Initial,2020-03-31,39039.86,15857.27,2829.22,237926.38,23759.63,92117.55
D001570,A0212,MP,Parliament,Regular,2019-12-06,38664.48,9203.17,2082.82,40664.4,5410.01,48946.5
D001571,A0212,MP,Parliament,Regular,2025-09-05,41640.09,20227.67,1428.6,31865.96,5994.81,109965.81
D001572,A0212,MP,Parliament,Regular,2022-06-03,43319.96,22403.67,3305.76,166269.4,42373.45,152611.23
D001573,A0212,MP,Parliament,Exceptional,2019-06-11,37446.19,22759.34,2545.97,65422.37,16991.68,134949.92
D001574,A0212,MP,Parliament,Exceptional,2022-10-06,42884.1,16398.24,2395.97,133975.34,58213.54,5379.25
D001575,A0212,MP,Parliament,Exceptional,2024-10-28,34709.56,11657.59,2439.58,100291.19,95.49,119834.04
D001576,A0212,MP,Parliament,Regular,2025-09-06,48366.82,9153.92,2065.54,99989.94,2654.88,168586.44
D001577,A0213,Minister,Government,Initial,2022-09-24,68406.65,3597.51,3014.95,194042.69,40516.38,96130.41
D001578,A0213,Minister,Government,Regular,2020-01-06,64922.21,4253.48,4022.65,92984.54,4958.43,137213.12
D001579,A0213,Minister,Government,Regular,2019-02-20,75025.72,3253.86,3940.29,32176.76,7724.37,101394.09
D001580,A0213,Minister,Government,Regular,2025-09-12,70897.18,3547.65,4401.59,80340.68,46281.58,60590.9
D001581,A0213,Minister,Government,Exceptional,2025-02-10,58691.49,4702.4,4245.69,100412.32,46860.21,142404.7
D001582,A0213,Minister,Government,Exceptional,2024-01-01,87963.1,2200.5,2046.67,84813.02,45576.65,174062.86
D001583,A0213,Minister,Government,Exceptional,2018-11-24,59869.07,3011.53,4323.97,118030.6,11856.78,162567.02
D001584,A0213,Minister,Government,Exceptional,2026-02-28,84557.64,3363.27,2908.71,7968.89,52073.8,92050.14
D001585,A0213,Minister,Government,Regular,2026-03-01,70461.87,3954.85,2620.89,85140.51,207669.42,153366.75
D001586,A0214,Minister,Government,Initial,2026-03-17,56723.55,5864.79,8341.2,150858.23,17861.0,7123.02
D001587,A0214,Minister,Government,Regular,2018-05-30,60091.83,5256.11,5632.26,106997.04,7563.28,28928.86
D001588,A0214,Minister,Government,Regular,2023-07-15,58387.26,4543.43,12277.03,137798.39,14646.04,165114.28
D001589,A0214,Minister,Government,Regular,2026-03-21,65013.45,6269.86,4509.6,65317.7,2297.24,121870.7
D001590,A0214,Minister,Government,Regular,2026-03-22,84375.48,3525.46,8446.57,145079.81,320217.72,127348.21
D001591,A0215,Minister,Government,Initial,2019-04-22,70073.96,3678.61,14935.34,348590.98,44561.09,15856.66
D001592,A0215,Minister,Government,Regular,2020-02-24,75068.03,5499.22,16661.59,107831.53,47623.41,138851.43
D001593,A0215,Minister,Government,Regular,2018-07-20,70933.83,3578.98,18829.27,87389.13,44812.19,155661.79
D001594,A0215,Minister,Government,Regular,2021-02-07,73610.52,2007.57,13421.95,36252.08,17094.75,1010.21
D001595,A0215,Minister,Government,Exceptional,2022-08-25,79085.92,2850.07,14374.39,158051.64,38091.4,19429.54
D001596,A0215,Minister,Government,Exceptional,2020-07-09,56692.39,3033.41,8419.39,57566.26,42722.02,165395.0
D001597,A0215,Minister,Government,Exceptional,2024-08-05,70801.49,4028.92,15554.53,95120.58,33459.43,68590.14
D001598,A0215,Minister,Government,Exceptional,2021-08-02,68194.8,3474.01,14367.01,148514.23,12638.24,139545.07
D001599,A0215,Minister,Government,Regular,2024-08-06,98369.23,2779.9,7949.58,170458.34,406658.94,126276.81
D001600,A0216,Minister,Government,Initial,2018-05-02,64529.92,4151.02,19697.37,285521.78,17509.38,63067.62
D001601,A0216,Minister,Government,Regular,2019-10-01,70173.63,2767.63,16774.8,86306.16,59749.55,4681.67
D001602,A0216,Minister,Government,Regular,2021-03-08,68849.03,4112.66,14472.02,184235.26,7901.84,121424.35
D001603,A0216,Minister,Government,Regular,2019-05-21,59954.36,2981.7,29391.06,114149.0,10717.35,31823.5
D001604,A0216,Minister,Government,Regular,2021-03-09,92966.73,3740.56,17895.38,150256.18,354647.77,119849.71
D001605,A0217,Minister,Government,Initial,2022-05-26,66317.47,2112.78,17695.16,262192.71,45705.19,63555.02
D001606,A0217,Minister,Government,Regular,2020-07-11,76776.86,2101.86,17056.61,165227.69,26967.36,184782.11
D001607,A0217,Minister,Government,Regular,2019-12-29,67644.9,1063.44,23532.19,152586.98,39371.44,136670.36
D001608,A0217,Minister,Government,Regular,2019-02-07,67312.63,2436.25,26087.04,82058.76,38185.01,123775.19
D001609,A0217,Minister,Government,Exceptional,2024-12-14,69744.8,1226.48,18944.16,81755.05,1370.02,121962.5
D001610,A0217,Minister,Government,Exceptional,2019-11-13,71931.45,2053.44,10457.24,74059.18,44577.92,176702.5
D001611,A0217,Minister,Government,Exceptional,2025-05-03,65963.98,2136.72,12263.3,182641.35,27466.13,144612.02
D001612,A0217,Minister,Government,Exceptional,2020-09-07,58863.75,3036.36,25151.64,64544.84,17578.91,178889.13
D001613,A0217,Minister,Government,Regular,2025-05-04,74554.39,2030.76,13183.72,120649.8,449182.53,159350.71
D001614,A0218,Minister,Government,Initial,2018-10-14,80021.49,2223.15,12080.14,290016.63,55209.35,31853.32
D001615,A0218,Minister,Government,Regular,2018-01-29,89990.78,2627.81,10948.79,103953.5,28212.55,77063.12
D001616,A0218,Minister,Government,Regular,2022-09-05,95007.31,3075.4,12531.23,143158.97,36418.61,197841.76
D001617,A0218,Minister,Government,Regular,2026-01-06,72588.78,2180.48,14810.63,58592.61,23903.8,164463.15
D001618,A0218,Minister,Government,Regular,2026-01-07,97468.1,2704.73,12219.78,129925.96,322833.03,24811.37
D001619,A0219,Minister,Government,Initial,2020-09-22,56249.91,16504.57,15071.56,249648.22,10137.21,82578.61
D001620,A0219,Minister,Government,Regular,2023-05-31,54170.1,9855.3,17212.25,14813.91,53951.72,98315.39
D001621,A0219,Minister,Government,Regular,2020-09-29,63398.95,13904.16,17923.01,66132.24,27022.57,51584.35
D001622,A0219,Minister,Government,Regular,2021-02-01,60655.88,20817.59,9766.73,57686.09,13261.29,74170.22
D001623,A0219,Minister,Government,Exceptional,2021-04-07,53624.8,20066.86,16091.0,60948.27,42784.73,134655.74
D001624,A0219,Minister,Government,Exceptional,2019-09-25,65917.39,19724.33,9744.16,58466.58,23053.6,127352.47
D001625,A0219,Minister,Government,Exceptional,2018-04-25,68931.99,17878.25,9771.85,2413.34,21849.71,101718.31
D001626,A0219,Minister,Government,Exceptional,2023-10-18,56414.29,18459.7,10104.12,68842.71,9352.61,170522.09
D001627,A0219,Minister,Government,Regular,2023-10-19,66857.39,14430.98,20578.84,97049.16,285274.86,105047.37
D001628,A0220,Minister,Government,Initial,2026-03-05,119713.36,284.65,18938.97,331544.32,18558.5,44862.0
D001629,A0220,Minister,Government,Regular,2019-05-05,131086.01,243.8,18168.56,182540.5,54378.12,167995.43
D001630,A0220,Minister,Government,Regular,2023-11-17,139997.64,353.36,16354.94,6568.11,37584.12,190405.65
D001631,A0220,Minister,Government,Regular,2023-09-10,110155.36,299.82,19597.17,148251.58,52356.94,194087.44
D001632,A0220,Minister,Government,Exceptional,2024-05-10,127072.67,211.98,24568.95,36536.93,56180.01,171504.52
D001633,A0220,Minister,Government,Exceptional,2020-07-24,137050.1,272.15,10231.45,121827.54,33118.54,18271.84
D001634,A0220,Minister,Government,Exceptional,2020-02-18,139665.82,403.48,26630.85,26509.79,18165.65,41546.41
D001635,A0220,Minister,Government,Exceptional,2020-09-26,130827.39,307.79,18262.3,107386.73,46884.76,63771.67
D001636,A0220,Minister,Government,Regular,2026-03-06,165245.55,198.24,11674.1,16677.24,537009.05,108473.77
D001637,A0221,Minister,Government,Initial,2020-03-08,78723.07,11386.59,11634.27,365586.09,6691.43,177303.5
D001638,A0221,Minister,Government,Regular,2024-08-09,89880.47,12689.36,11125.32,99.02,45273.62,120270.83
D001639,A0221,Minister,Government,Regular,2023-07-11,85756.06,9435.37,11439.74,56751.14,38716.78,52839.98
D001640,A0221,Minister,Government,Regular,2023-12-20,76731.89,8827.89,12347.04,61760.8,26402.63,195445.8
D001641,A0221,Minister,Government,Regular,2024-08-10,101753.36,9327.98,17153.04,94101.27,458664.6,13111.89
D001642,A0222,Minister,Government,Initial,2020-08-07,60464.1,18505.91,8863.97,294317.53,32315.41,36531.13
D001643,A0222,Minister,Government,Regular,2020-05-23,59990.07,14904.36,11225.51,94375.13,41084.78,185510.3
D001644,A0222,Minister,Government,Regular,2020-05-11,64775.34,12113.92,5818.2,153279.48,47148.67,170471.46
D001645,A0222,Minister,Government,Regular,2024-11-04,66436.57,15279.98,9009.92,94755.04,35713.78,83381.83
D001646,A0222,Minister,Government,Regular,2024-11-05,68761.84,14117.33,12713.85,166887.81,411801.55,61246.48
D001647,A0223,Minister,Government,Initial,2018-08-15,112923.13,6306.93,6160.34,470154.77,45761.71,1134.51
D001648,A0223,Minister,Government,Regular,2022-08-02,113610.11,8232.89,9086.41,153409.72,1168.78,140867.78
D001649,A0223,Minister,Government,Regular,2020-05-04,124059.2,4767.6,8208.97,4735.8,25649.9,76481.27
D001650,A0223,Minister,Government,Regular,2024-04-04,120600.96,4411.4,4404.52,100588.68,51384.21,21366.92
D001651,A0223,Minister,Government,Exceptional,2021-08-26,131151.7,9091.41,6732.88,190409.07,56802.49,156245.59
D001652,A0223,Minister,Government,Exceptional,2022-05-17,129172.82,8885.76,6080.51,56028.52,36402.29,75003.79
D001653,A0223,Minister,Government,Exceptional,2019-02-20,93506.82,5314.8,6393.79,87624.87,17054.12,94368.17
D001654,A0223,Minister,Government,Exceptional,2018-10-31,108662.85,8042.87,5629.18,30354.52,9025.17,59771.13
D001655,A0223,Minister,Government,Regular,2024-04-05,126473.52,3708.51,4590.85,114546.63,524877.81,52143.83
D001656,A0224,Minister,Government,Initial,2022-01-19,59141.94,437.04,15442.01,199899.6,47154.04,142280.54
D001657,A0224,Minister,Government,Regular,2023-01-01,66486.3,312.4,12682.02,45536.46,21732.23,39797.04
D001658,A0224,Minister,Government,Regular,2025-11-23,57823.53,482.32,22123.48,28053.99,38534.41,85466.19
D001659,A0224,Minister,Government,Regular,2023-06-16,67388.05,581.99,8651.95,197928.62,22408.46,113142.92
D001660,A0224,Minister,Government,Regular,2025-11-24,93200.18,600.09,12771.63,107761.88,274293.22,66750.51
D001661,A0225,Minister,Government,Initial,2024-06-08,37555.26,1842.87,11165.81,184638.54,9493.44,102700.07
D001662,A0225,Minister,Government,Regular,2023-04-03,40672.7,2751.31,13978.56,153423.06,25856.8,55372.98
D001663,A0225,Minister,Government,Regular,2023-01-23,43819.73,2753.89,7282.4,66085.89,10900.43,115044.75
D001664,A0225,Minister,Government,Regular,2023-02-03,39745.26,2197.78,14741.2,86479.43,1289.01,114947.57
D001665,A0225,Minister,Government,Exceptional,2022-05-17,30398.57,1336.5,10352.38,51770.59,13373.4,134907.66
D001666,A0225,Minister,Government,Exceptional,2021-08-30,40040.74,2125.96,7819.77,164304.95,55521.39,178648.71
D001667,A0225,Minister,Government,Exceptional,2026-01-07,46328.98,1202.67,14213.99,41228.83,10895.2,5244.9
D001668,A0225,Minister,Government,Exceptional,2024-10-01,47779.58,994.14,7004.58,69703.92,4156.01,174111.21
D001669,A0225,Minister,Government,Regular,2026-01-08,58476.51,2134.35,7835.07,32657.78,321269.76,46595.77
D001670,A0226,Minister,Government,Initial,2020-05-04,107234.53,545.93,17552.75,256253.77,7386.61,189602.74
D001671,A0226,Minister,Government,Regular,2022-04-08,98094.32,512.38,12263.01,154196.75,35413.03,24929.86
D001672,A0226,Minister,Government,Regular,2019-12-19,112811.91,588.68,17842.31,32576.6,12578.28,188139.15
D001673,A0226,Minister,Government,Regular,2024-10-13,108040.63,816.36,16063.01,42065.49,5447.46,101382.04
D001674,A0226,Minister,Government,Exceptional,2023-09-15,91792.35,522.43,8903.73,160682.33,24018.5,171498.61
D001675,A0226,Minister,Government,Exceptional,2021-12-23,105110.88,442.19,9922.67,189188.12,39120.11,45871.77
D001676,A0226,Minister,Government,Exceptional,2025-11-12,90315.68,624.31,15616.44,94272.29,57078.55,54943.23
D001677,A0226,Minister,Government,Exceptional,2025-04-05,133900.07,297.73,23650.84,35471.68,556.44,103724.4
D001678,A0226,Minister,Government,Regular,2025-11-13,116256.41,529.45,9460.77,119240.9,420177.29,147969.84
D001679,A0227,Minister,Government,Initial,2025-07-01,91755.5,16465.01,8384.78,410481.27,31115.98,30276.1
D001680,A0227,Minister,Government,Regular,2020-01-14,92629.05,23461.9,10787.5,5996.03,12244.61,80730.86
D001681,A0227,Minister,Government,Regular,2022-03-09,107601.15,12598.72,6884.52,156653.78,19894.92,177764.09
D001682,A0227,Minister,Government,Regular,2018-05-21,102810.69,10609.08,7610.48,107894.98,45750.14,144504.54
D001683,A0227,Minister,Government,Exceptional,2019-02-15,74089.75,23004.73,4964.83,197638.3,6744.64,95137.87
D001684,A0227,Minister,Government,Exceptional,2022-08-28,112682.2,17069.73,5319.35,120654.22,38211.31,62286.18
D001685,A0227,Minister,Government,Exceptional,2023-04-08,114673.69,12461.74,6899.64,107997.22,57414.32,133686.39
D001686,A0227,Minister,Government,Exceptional,2019-01-30,95324.33,20560.17,11335.96,39257.42,13158.67,25961.52
D001687,A0227,Minister,Government,Regular,2025-07-02,143631.63,11946.22,4881.53,18957.84,451448.48,177383.58
D001688,A0228,Minister,Government,Initial,2024-06-22,52622.34,3692.54,13187.39,207589.92,58437.4,133671.27
D001689,A0228,Minister,Government,Regular,2020-12-28,59356.32,2332.6,12159.05,132240.37,34762.11,186924.88
D001690,A0228,Minister,Government,Regular,2018-05-21,59167.55,4799.45,14926.54,158838.97,58771.84,2864.35
D001691,A0228,Minister,Government,Regular,2025-02-12,47898.65,4780.99,8728.54,64506.48,34325.2,96768.97
D001692,A0228,Minister,Government,Exceptional,2025-01-19,64976.11,5430.91,11943.25,198539.76,27191.62,52560.93
D001693,A0228,Minister,Government,Exceptional,2022-12-07,45197.83,2877.61,16728.35,184777.13,20235.28,178505.37
D001694,A0228,Minister,Government,Exceptional,2020-11-11,51069.53,5066.05,16774.46,91263.2,5790.2,171242.88
D001695,A0228,Minister,Government,Exceptional,2023-10-28,49014.11,4733.66,12218.31,5082.8,32599.13,18916.7
D001696,A0228,Minister,Government,Regular,2025-02-13,83409.18,4911.36,8179.84,142539.07,342781.41,69524.85
D001697,A0229,Minister,Government,Initial,2023-09-24,85329.85,18790.97,19325.85,464226.85,10956.74,164005.32
D001698,A0229,Minister,Government,Regular,2020-03-09,80424.46,22184.14,24658.07,39735.42,44675.75,105114.94
D001699,A0229,Minister,Government,Regular,2019-09-14,91206.09,19365.25,10571.15,106631.25,32367.43,138738.95
D001700,A0229,Minister,Government,Regular,2023-12-15,81065.58,12378.55,22812.17,126981.47,51536.45,45251.5
D001701,A0229,Minister,Government,Regular,2023-12-16,121991.96,19558.05,28121.63,84803.15,817705.63,9782.44
D001702,A0230,Minister,Government,Initial,2021-05-13,70087.28,7795.45,10434.97,299196.57,28592.75,64384.26
D001703,A0230,Minister,Government,Regular,2018-01-02,64652.8,9419.56,12189.3,41750.96,44007.63,118796.99
D001704,A0230,Minister,Government,Regular,2018-10-01,64323.77,7096.79,6717.95,164488.25,45875.58,161397.66
D001705,A0230,Minister,Government,Regular,2020-09-20,71304.8,5140.65,9589.84,118283.28,14914.4,70081.47
D001706,A0230,Minister,Government,Exceptional,2021-02-05,60991.37,7027.13,12793.06,117185.95,40339.04,41166.22
D001707,A0230,Minister,Government,Exceptional,2019-08-07,79627.5,9826.82,5329.86,23458.4,18669.64,20522.44
D001708,A0230,Minister,Government,Exceptional,2025-01-18,77041.57,5707.68,9790.84,164448.07,32475.57,122007.14
D001709,A0230,Minister,Government,Exceptional,2019-09-22,58537.0,11529.41,14718.59,68275.44,16326.17,197591.88
D001710,A0230,Minister,Government,Regular,2025-01-19,86130.34,10844.38,6394.94,93305.14,424725.71,175248.46
D001711,A0231,Minister,Government,Initial,2022-01-25,109445.56,15169.19,4492.67,438263.72,59856.32,120663.21
D001712,A0231,Minister,Government,Regular,2020-09-15,127045.33,17670.75,6005.39,192648.88,25300.45,127611.98
D001713,A0231,Minister,Government,Regular,2021-02-21,126157.62,18695.16,6310.99,128053.08,19729.78,133395.7
D001714,A0231,Minister,Government,Regular,2020-10-26,130779.35,8845.05,2700.68,161198.3,14564.65,98995.22
D001715,A0231,Minister,Government,Regular,2022-01-26,153155.61,9161.67,5754.76,141705.82,578685.84,167482.41
D001716,A0232,Minister,Government,Initial,2024-06-15,81896.68,18504.86,7651.74,414726.92,35420.58,158719.99
D001717,A0232,Minister,Government,Regular,2019-01-24,76593.21,23390.71,6585.86,134521.88,54227.38,84365.87
D001718,A0232,Minister,Government,Regular,2022-06-01,91354.66,9990.13,8777.23,88049.02,27644.58,172682.25
D001719,A0232,Minister,Government,Regular,2018-06-02,96806.71,24299.86,8632.07,155526.15,40144.1,5128.11
D001720,A0232,Minister,Government,Regular,2024-06-16,83083.09,26757.1,4581.9,184133.94,531487.52,145811.47
D001721,A0233,Minister,Government,Initial,2023-02-20,55351.42,16367.37,6880.99,163830.68,14922.06,89201.4
D001722,A0233,Minister,Government,Regular,2025-11-03,66271.85,12491.15,8901.54,41876.2,46248.53,109455.54
D001723,A0233,Minister,Government,Regular,2021-08-11,62116.0,20513.54,8814.34,34411.6,29990.18,17773.89
D001724,A0233,Minister,Government,Regular,2021-12-11,60051.91,20293.23,9194.63,45514.18,49720.99,20259.63
D001725,A0233,Minister,Government,Regular,2025-11-04,76588.16,13305.43,6861.68,37238.43,410860.93,52936.08
D001726,A0234,Minister,Government,Initial,2024-07-11,65059.39,16117.95,17915.6,226365.73,57558.5,64551.96
D001727,A0234,Minister,Government,Regular,2021-06-25,76291.84,19345.22,18999.24,151354.12,32295.26,79594.25
D001728,A0234,Minister,Government,Regular,2025-10-20,60035.54,9563.81,21707.72,182939.46,39791.41,170441.76
D001729,A0234,Minister,Government,Regular,2019-08-21,72526.02,16647.07,16065.94,184251.67,6217.56,191214.99
D001730,A0234,Minister,Government,Regular,2025-10-21,99701.61,12796.24,19171.61,16442.32,352569.05,88507.21
D001731,A0235,Minister,Government,Initial,2020-07-14,84798.72,13350.43,5475.77,252601.62,49994.88,196652.46
D001732,A0235,Minister,Government,Regular,2022-12-09,92801.05,9558.48,2805.88,48736.04,1246.44,122444.1
D001733,A0235,Minister,Government,Regular,2022-12-03,86864.23,14034.32,5848.59,82464.71,50874.29,116179.12
D001734,A0235,Minister,Government,Regular,2025-01-13,90958.25,18721.87,4857.57,52298.46,47807.84,72793.78
D001735,A0235,Minister,Government,Regular,2025-01-14,106743.68,11541.64,7805.74,46941.16,526482.59,15408.09
D001736,A0236,Minister,Government,Initial,2023-09-10,62166.26,16548.96,14048.7,353194.29,34737.51,19324.28
D001737,A0236,Minister,Government,Regular,2025-12-11,64822.08,13462.33,18365.21,120818.32,43206.37,143512.91
D001738,A0236,Minister,Government,Regular,2025-03-26,74161.1,21862.46,10170.75,53826.69,50196.8,92047.77
D001739,A0236,Minister,Government,Regular,2022-11-29,65221.1,15492.87,20415.06,34268.24,33597.52,111799.21
D001740,A0236,Minister,Government,Exceptional,2021-11-24,64548.04,19963.16,7920.33,70882.45,57284.05,55218.08
D001741,A0236,Minister,Government,Exceptional,2020-10-29,79179.64,20318.16,17049.67,98161.96,42253.07,188549.63
D001742,A0236,Minister,Government,Exceptional,2022-06-12,56422.22,15756.46,14588.11,134933.52,19831.99,113971.47
D001743,A0236,Minister,Government,Exceptional,2023-09-12,79145.97,10661.39,14605.2,136264.35,18867.52,1355.07
D001744,A0236,Minister,Government,Regular,2025-12-12,84903.98,20059.22,12058.69,23936.68,420604.5,122770.09
D001745,A0237,Minister,Government,Initial,2025-04-13,103038.03,14651.13,4975.99,271207.39,45529.26,35868.16
D001746,A0237,Minister,Government,Regular,2023-07-21,115258.36,12186.66,2956.54,80711.06,42055.72,137070.61
D001747,A0237,Minister,Government,Regular,2022-07-28,104520.46,14276.17,6703.98,36597.92,18671.72,35482.19
D001748,A0237,Minister,Government,Regular,2022-10-29,119907.36,14646.47,3406.4,80285.55,13598.41,197127.2
D001749,A0237,Minister,Government,Regular,2025-04-14,124040.49,18340.51,5094.75,4080.15,410654.04,196402.02
D001750,A0238,Minister,Government,Initial,2024-05-15,67314.7,3370.26,19272.0,199686.8,279.66,76950.7
D001751,A0238,Minister,Government,Regular,2024-04-26,68152.82,1918.99,12958.35,127296.35,29892.08,107042.8
D001752,A0238,Minister,Government,Regular,2021-11-15,62541.4,3987.63,12616.82,74833.66,10615.7,88139.52
D001753,A0238,Minister,Government,Regular,2019-12-29,70828.43,4429.74,18214.09,124416.52,56117.58,177646.71
D001754,A0238,Minister,Government,Regular,2024-05-16,72172.79,4833.79,27655.94,21554.98,302847.25,118021.27
D001755,A0239,Minister,Government,Initial,2022-05-12,39972.16,3863.19,3105.05,158406.57,20243.8,90933.42
D001756,A0239,Minister,Government,Regular,2023-01-09,47295.19,4514.93,1755.79,49244.43,8482.88,192077.41
D001757,A0239,Minister,Government,Regular,2023-07-04,38233.45,3493.43,2665.13,183322.1,55267.48,162181.47
D001758,A0239,Minister,Government,Regular,2025-05-25,44460.68,5173.06,1859.24,103968.76,39810.76,64110.61
D001759,A0239,Minister,Government,Regular,2025-05-26,53764.63,3986.53,2776.49,109276.22,220979.59,64063.28
D001760,A0240,Minister,Government,Initial,2024-04-17,49804.15,18884.95,8526.38,194314.7,4943.33,4766.83
D001761,A0240,Minister,Government,Regular,2023-06-06,53932.86,15219.33,12723.82,154148.15,46250.56,139780.33
D001762,A0240,Minister,Government,Regular,2023-12-01,57243.75,12994.33,5023.64,178418.51,44871.08,114254.98
D001763,A0240,Minister,Government,Regular,2019-12-12,54400.07,23403.3,8818.77,9441.51,18176.76,37647.8
D001764,A0240,Minister,Government,Regular,2024-04-18,51371.05,25030.0,11712.74,147708.02,311836.21,35658.02
D001765,A0241,Minister,Government,Initial,2020-04-13,99918.31,18213.24,1973.01,256199.28,53541.36,142482.12
D001766,A0241,Minister,Government,Regular,2023-07-22,96123.52,20770.77,1017.27,184417.27,12361.79,137877.9
D001767,A0241,Minister,Government,Regular,2021-04-04,90068.53,13484.85,2591.83,166260.81,59064.12,197417.1
D001768,A0241,Minister,Government,Regular,2020-07-24,101070.88,24365.44,1074.81,28333.88,14770.39,133706.56
D001769,A0241,Minister,Government,Regular,2023-07-23,125268.02,19498.0,2690.69,125238.08,626105.59,175736.21
D001770,A0242,Minister,Government,Initial,2023-06-23,57261.49,13805.63,8317.75,275688.13,16685.2,180215.16
D001771,A0242,Minister,Government,Regular,2020-11-04,61844.64,15552.55,7448.28,139200.35,26947.69,132592.61
D001772,A0242,Minister,Government,Regular,2020-07-02,52746.84,8481.91,5480.76,158238.01,3990.02,107387.94
D001773,A0242,Minister,Government,Regular,2019-11-17,67743.26,10443.94,9822.47,186123.86,23892.27,107252.02
D001774,A0242,Minister,Government,Exceptional,2024-05-24,53296.11,17408.75,7443.6,177119.93,12127.57,17300.61
D001775,A0242,Minister,Government,Exceptional,2023-08-02,51557.91,14057.24,4455.78,95763.96,6684.4,7606.25
D001776,A0242,Minister,Government,Exceptional,2022-05-09,51090.95,17430.17,10866.38,48350.37,36919.25,87621.71
D001777,A0242,Minister,Government,Exceptional,2019-08-08,58464.67,17521.09,9672.52,100723.86,58470.46,153709.84
D001778,A0242,Minister,Government,Regular,2024-05-25,82167.16,7506.92,4277.08,30542.11,278017.33,50160.43
D001779,A0243,Minister,Government,Initial,2025-01-13,76203.54,18031.26,1128.56,226472.36,56809.28,101118.92
D001780,A0243,Minister,Government,Regular,2020-03-07,76261.96,22019.43,592.85,88106.1,50605.34,120332.01
D001781,A0243,Minister,Government,Regular,2021-03-24,81313.44,11600.65,1652.42,11342.63,41085.77,81984.83
D001782,A0243,Minister,Government,Regular,2023-12-29,68982.38,22006.83,1381.45,64331.25,2305.8,180303.92
D001783,A0243,Minister,Government,Regular,2025-01-14,76473.38,9077.31,630.21,77505.45,367407.72,171400.6
D001784,A0244,Minister,Government,Initial,2025-09-09,33519.52,10911.65,395.87,121367.07,28585.69,114298.37
D001785,A0244,Minister,Government,Regular,2024-11-28,34056.84,15388.06,292.02,98112.47,15002.54,196026.22
D001786,A0244,Minister,Government,Regular,2025-02-20,34742.83,15488.29,258.56,107290.94,21608.11,28881.48
D001787,A0244,Minister,Government,Regular,2025-02-22,37518.19,15964.18,351.71,51442.19,9619.0,148001.12
D001788,A0244,Minister,Government,Exceptional,2021-05-13,29228.75,10474.44,479.27,108299.71,13619.14,80446.19
D001789,A0244,Minister,Government,Exceptional,2025-01-10,32730.83,15733.3,364.65,83545.13,44006.96,88778.58
D001790,A0244,Minister,Government,Exceptional,2022-05-11,34584.05,9141.8,461.33,26622.94,31796.21,49201.42
D001791,A0244,Minister,Government,Exceptional,2025-12-28,30016.15,7579.25,543.77,131865.2,37132.58,180070.87
D001792,A0244,Minister,Government,Regular,2025-12-29,44544.87,13792.07,359.53,128800.01,156336.34,28266.3
D001793,A0245,Minister,Government,Initial,2024-03-09,95223.74,6006.41,16657.76,306870.53,37415.77,10177.14
D001794,A0245,Minister,Government,Regular,2019-10-04,104545.71,8631.94,15521.43,188639.86,1430.12,41290.66
D001795,A0245,Minister,Government,Regular,2024-05-13,104755.46,4644.87,20755.09,112672.8,9351.34,80375.3
D001796,A0245,Minister,Government,Regular,2020-03-21,90005.96,4904.17,12421.66,147693.14,45757.22,97337.0
D001797,A0245,Minister,Government,Regular,2024-05-14,138839.61,6190.13,18791.38,7060.33,432787.39,13071.81
D001798,A0246,Minister,Government,Initial,2020-05-22,122017.18,17389.27,6630.17,509137.91,55893.76,71339.27
D001799,A0246,Minister,Government,Regular,2021-06-13,140588.63,15005.9,9343.54,116689.7,49695.27,95017.47
D001800,A0246,Minister,Government,Regular,2025-11-21,116229.34,13967.77,8634.71,31962.48,52833.68,32651.35
D001801,A0246,Minister,Government,Regular,2019-05-01,129300.57,19446.23,4364.51,110464.24,28174.06,196660.6
D001802,A0246,Minister,Government,Regular,2025-11-22,188173.79,25668.74,7716.65,29329.26,661795.34,151134.7
D001803,A0247,Minister,Government,Initial,2024-07-23,68094.91,7587.4,3409.16,306054.02,41287.29,163590.34
D001804,A0247,Minister,Government,Regular,2024-05-31,65000.01,10576.74,5012.48,189320.82,34006.98,177120.77
D001805,A0247,Minister,Government,Regular,2018-12-15,79395.08,4316.39,2164.62,60020.91,23616.95,29897.2
D001806,A0247,Minister,Government,Regular,2025-07-02,65312.53,8605.8,2701.25,158556.37,47194.64,70942.37
D001807,A0247,Minister,Government,Regular,2025-07-03,88308.89,8512.01,3717.08,198340.36,371732.0,50543.16
D001808,A0248,Judge,Courts,Initial,2020-12-13,128203.64,18085.6,468.89,63713.51,10012.92,397076.79
D001809,A0248,Judge,Courts,Regular,2023-01-13,153696.44,15147.01,362.37,199019.34,39401.6,131882.1
D001810,A0248,Judge,Courts,Regular,2021-09-25,136585.88,11405.68,693.13,124833.93,44078.48,3842.43
D001811,A0248,Judge,Courts,Regular,2022-04-09,123061.74,17545.22,416.56,139057.66,16217.02,75028.39
D001812,A0248,Judge,Courts,Regular,2023-01-14,167632.74,27013.61,433.49,625788.97,7940.41,69247.82
D001813,A0249,Judge,Courts,Initial,2023-09-16,49290.34,5632.82,1666.12,89974.84,40308.48,148220.6
D001814,A0249,Judge,Courts,Regular,2019-04-10,44701.52,3540.37,2102.75,48592.21,10626.43,12991.83
D001815,A0249,Judge,Courts,Regular,2024-05-31,56212.54,7203.69,2272.08,1929.05,806.83,161397.25
D001816,A0249,Judge,Courts,Regular,2024-12-04,45402.07,6098.97,2441.94,193821.95,37860.18,66180.13
D001817,A0249,Judge,Courts,Regular,2024-12-05,67406.47,3132.79,1064.18,306219.41,55593.72,37114.96
D001818,A0250,Judge,Courts,Initial,2020-02-29,39158.59,8659.39,13712.02,42043.81,43018.75,127722.73
D001819,A0250,Judge,Courts,Regular,2023-05-04,44846.98,10462.6,13647.58,141254.8,28152.63,146312.95
D001820,A0250,Judge,Courts,Regular,2024-08-21,45404.48,4860.22,9391.74,1262.68,10551.05,39544.1
D001821,A0250,Judge,Courts,Regular,2019-08-13,45559.18,9312.6,9452.32,24802.06,45699.99,37639.7
D001822,A0250,Judge,Courts,Regular,2024-08-22,56927.66,6301.57,12267.71,299210.0,17803.17,82456.4
D001823,A0251,Judge,Courts,Initial,2021-02-26,51825.82,5019.0,6895.18,48154.14,418.98,162683.45
D001824,A0251,Judge,Courts,Regular,2019-10-23,47648.45,2824.61,5821.07,146582.84,37190.72,163540.7
D001825,A0251,Judge,Courts,Regular,2018-11-24,57122.97,7019.77,6522.37,195433.53,40470.07,63679.61
D001826,A0251,Judge,Courts,Regular,2022-01-20,57496.75,5548.53,10062.11,113840.23,43628.94,63812.8
D001827,A0251,Judge,Courts,Regular,2022-01-21,77043.19,4368.75,5517.85,283497.24,32755.01,148993.87
D001828,A0252,Judge,Courts,Initial,2022-07-10,47055.29,13817.29,8194.65,175994.93,19462.07,180314.71
D001829,A0252,Judge,Courts,Regular,2023-03-15,54612.6,13325.29,5348.52,147571.84,23133.85,189926.82
D001830,A0252,Judge,Courts,Regular,2019-07-26,53477.38,12179.35,11228.72,29876.79,21942.6,86876.25
D001831,A0252,Judge,Courts,Regular,2025-06-03,55130.39,8995.59,11849.81,43398.76,983.36,94457.64
D001832,A0252,Judge,Courts,Regular,2025-06-04,52638.59,13780.3,5394.67,217678.52,51228.88,55533.92
D001833,A0253,Judge,Courts,Initial,2019-03-11,90682.5,9982.74,8702.15,170319.42,29240.53,172429.75
D001834,A0253,Judge,Courts,Regular,2018-10-02,107539.03,12039.42,9640.4,28295.56,31125.76,98846.32
D001835,A0253,Judge,Courts,Regular,2020-06-05,92940.82,5120.82,7031.41,31720.48,37827.54,136811.51
D001836,A0253,Judge,Courts,Regular,2022-10-24,98253.4,10972.19,8960.05,68219.45,22401.28,137702.9
D001837,A0253,Judge,Courts,Exceptional,2024-05-04,116546.54,5621.53,8241.62,83400.12,12567.36,65240.12
D001838,A0253,Judge,Courts,Exceptional,2020-08-14,113813.16,14001.33,9867.12,180368.0,28571.26,56106.27
D001839,A0253,Judge,Courts,Regular,2024-05-05,109222.94,12915.85,10428.05,514621.09,57928.43,156319.02
D001840,A0254,Judge,Courts,Initial,2021-07-07,121138.09,14162.1,12187.74,162664.38,14945.94,392706.56
D001841,A0254,Judge,Courts,Regular,2023-09-24,141031.19,12521.32,7901.99,64330.99,31754.13,92537.85
D001842,A0254,Judge,Courts,Regular,2026-03-01,118691.36,13446.7,15569.03,158256.32,16572.62,28616.67
D001843,A0254,Judge,Courts,Regular,2018-08-30,126240.92,10243.92,6131.08,71233.76,37239.15,112375.58
D001844,A0254,Judge,Courts,Regular,2026-03-02,190671.42,13945.39,9922.87,618751.42,12003.5,162145.72
D001845,A0255,Judge,Courts,Initial,2020-10-13,122370.92,12101.63,5912.39,12112.59,53086.3,283291.58
D001846,A0255,Judge,Courts,Regular,2022-03-21,125662.38,15957.04,3020.72,52197.58,8643.58,5056.74
D001847,A0255,Judge,Courts,Regular,2025-04-23,133775.46,11150.72,5135.69,155159.38,59578.79,89337.02
D001848,A0255,Judge,Courts,Regular,2022-04-14,130518.29,13237.31,7440.52,21548.97,16413.12,55189.89
D001849,A0255,Judge,Courts,Regular,2025-04-24,155655.82,8022.18,3716.15,635820.36,7434.9,173547.54
D001850,A0256,Judge,Courts,Initial,2021-08-30,66882.2,6305.37,14410.02,110025.42,37733.42,161632.18
D001851,A0256,Judge,Courts,Regular,2024-11-16,76969.51,3370.44,11281.74,113123.38,34111.78,176651.92
D001852,A0256,Judge,Courts,Regular,2018-08-17,74696.25,7652.61,14362.13,185389.75,8394.69,20450.64
D001853,A0256,Judge,Courts,Regular,2019-11-01,79057.22,4634.54,18079.68,194463.89,20289.48,82528.36
D001854,A0256,Judge,Courts,Regular,2024-11-17,86644.11,6589.82,14765.65,491623.95,23759.41,30996.8
D001855,A0257,Judge,Courts,Initial,2024-04-03,111436.42,8969.96,2304.98,182284.88,15645.28,275085.44
D001856,A0257,Judge,Courts,Regular,2018-04-10,102047.33,12045.7,1672.31,8478.97,13140.05,46533.13
D001857,A0257,Judge,Courts,Regular,2019-09-18,132199.95,5719.9,1888.84,77505.05,38059.84,79161.76
D001858,A0257,Judge,Courts,Regular,2023-09-21,125885.37,8900.24,2696.01,139424.95,33001.86,8026.0
D001859,A0257,Judge,Courts,Regular,2024-04-04,125399.62,9712.13,1168.98,634480.95,34894.99,73623.65
D001860,A0258,Judge,Courts,Initial,2023-09-24,46417.92,4255.57,10724.6,183040.13,44655.23,122622.48
D001861,A0258,Judge,Courts,Regular,2022-05-10,44002.28,2985.65,11878.77,66897.15,19623.49,52068.37
D001862,A0258,Judge,Courts,Regular,2019-05-04,50834.06,4049.81,10140.57,193546.95,40310.78,154003.33
D001863,A0258,Judge,Courts,Regular,2020-04-18,44349.98,2305.07,13991.7,148562.68,52454.06,40028.53
D001864,A0258,Judge,Courts,Regular,2023-09-25,67230.03,5672.37,12592.89,231816.91,49071.62,72187.66
D001865,A0259,Judge,Courts,Initial,2020-01-12,92611.76,11336.93,17687.61,50466.52,30665.96,186472.17
D001866,A0259,Judge,Courts,Regular,2021-09-29,89083.79,16402.22,15716.71,65471.76,59053.77,120362.6
D001867,A0259,Judge,Courts,Regular,2019-11-08,108934.19,11112.18,19398.71,159000.64,40021.46,187565.03
D001868,A0259,Judge,Courts,Regular,2018-11-15,100475.53,15694.99,23925.7,123855.35,51429.96,189357.42
D001869,A0259,Judge,Courts,Regular,2021-09-30,109473.4,9992.61,18892.33,398362.43,3212.27,43061.73
D001870,A0260,Judge,Courts,Initial,2021-05-22,72316.57,17528.89,1521.99,83497.41,1343.67,257373.87
D001871,A0260,Judge,Courts,Regular,2019-08-04,70784.73,25068.52,2111.55,160111.35,12279.96,183881.27
D001872,A0260,Judge,Courts,Regular,2025-08-24,82283.87,24194.97,2179.56,34916.26,6755.21,144961.81
D001873,A0260,Judge,Courts,Regular,2023-02-08,83955.02,18927.3,1609.42,54013.37,42172.6,95945.0
D001874,A0260,Judge,Courts,Regular,2025-08-25,78968.02,9906.59,1792.93,326965.24,29845.41,166090.24
D001875,A0261,Judge,Courts,Initial,2023-05-17,127290.71,11535.21,880.67,12602.05,46171.98,171735.2
D001876,A0261,Judge,Courts,Regular,2020-04-10,145185.53,6049.21,679.85,174398.31,14089.11,89597.83
D001877,A0261,Judge,Courts,Regular,2018-01-08,152589.9,6276.58,936.34,171399.64,33536.66,140589.39
D001878,A0261,Judge,Courts,Regular,2020-08-06,141887.24,14332.8,692.67,17683.2,22037.83,164142.84
D001879,A0261,Judge,Courts,Regular,2023-05-18,155798.8,16170.3,1079.88,618103.31,19242.67,127862.84
D001880,A0262,Judge,Courts,Initial,2025-07-30,88021.18,7442.2,19670.26,153462.66,8857.99,304681.98
D001881,A0262,Judge,Courts,Regular,2024-01-31,89988.25,10875.93,11535.53,50640.06,8258.49,184943.82
D001882,A0262,Judge,Courts,Regular,2025-03-28,91539.08,9330.31,26786.95,32855.23,2565.34,101270.58
D001883,A0262,Judge,Courts,Regular,2025-01-04,83049.32,6263.73,22280.45,148958.78,51065.87,114738.52
D001884,A0262,Judge,Courts,Regular,2025-07-31,129863.51,9858.57,17631.44,616361.89,52843.38,198100.79
D001885,A0263,Judge,Courts,Initial,2021-10-03,81956.88,11509.29,5094.34,110089.71,56537.39,218347.97
D001886,A0263,Judge,Courts,Regular,2023-06-27,76635.95,14177.78,6606.92,109690.14,23697.63,131378.38
D001887,A0263,Judge,Courts,Regular,2022-05-28,79147.52,9795.95,4625.66,150313.1,6385.6,128093.87
D001888,A0263,Judge,Courts,Regular,2023-02-02,77589.43,13741.44,6384.84,143240.38,53591.01,193856.09
D001889,A0263,Judge,Courts,Regular,2023-06-28,106308.06,16295.36,6087.42,365819.39,45348.03,60571.52
D001890,A0264,Judge,Courts,Initial,2025-08-19,93824.86,19031.01,3820.13,3244.0,17747.04,271832.31
D001891,A0264,Judge,Courts,Regular,2018-10-20,86328.87,18128.93,2364.48,188974.92,39695.1,2113.69
D001892,A0264,Judge,Courts,Regular,2024-09-13,92892.68,16894.73,2706.37,85704.78,35381.45,95687.9
D001893,A0264,Judge,Courts,Regular,2024-11-23,101143.28,22439.8,5642.39,99998.97,21089.82,51156.44
D001894,A0264,Judge,Courts,Regular,2025-08-20,138738.73,23844.3,4850.75,816677.41,35227.48,176127.15
D001895,A0265,Judge,Courts,Initial,2019-01-13,98484.82,19892.77,7599.35,192553.65,45542.97,196052.51
D001896,A0265,Judge,Courts,Regular,2018-12-06,95886.48,26469.91,8597.13,18801.13,22791.07,67476.54
D001897,A0265,Judge,Courts,Regular,2024-10-08,117709.06,10629.54,6154.05,155432.75,51278.53,43311.07
D001898,A0265,Judge,Courts,Regular,2022-08-09,91441.79,23549.53,8309.35,135048.54,1694.14,101258.91
D001899,A0265,Judge,Courts,Exceptional,2020-01-13,101595.95,23814.25,6749.57,184996.09,39222.14,9742.98
D001900,A0265,Judge,Courts,Exceptional,2024-07-26,84582.14,20225.7,5121.34,90345.19,51213.3,7963.3
D001901,A0265,Judge,Courts,Regular,2024-10-09,134005.55,18435.26,9018.96,489574.27,4609.24,96429.24
D001902,A0266,Judge,Courts,Initial,2025-08-29,68730.37,14890.62,13077.43,35326.32,22603.18,152257.82
D001903,A0266,Judge,Courts,Regular,2024-07-18,79291.58,10851.28,12353.81,140156.01,54699.31,20307.54
D001904,A0266,Judge,Courts,Regular,2019-07-25,64579.03,22020.2,14453.25,4735.64,29768.74,158867.47
D001905,A0266,Judge,Courts,Regular,2022-10-28,62280.8,15265.49,15611.99,126966.4,6379.69,94731.6
D001906,A0266,Judge,Courts,Regular,2025-08-30,91711.67,13732.95,7391.04,376551.25,56919.72,71528.52
D001907,A0267,Judge,Courts,Initial,2023-01-02,121927.45,18132.32,17510.66,24202.18,9719.72,364943.5
D001908,A0267,Judge,Courts,Regular,2025-05-26,146185.66,15835.27,13360.75,13363.78,47399.89,37102.04
D001909,A0267,Judge,Courts,Regular,2022-08-20,113972.28,9787.03,12300.31,60068.62,44798.53,78141.95
D001910,A0267,Judge,Courts,Regular,2022-03-04,111929.17,23356.01,10729.7,133182.24,35134.37,1771.5
D001911,A0267,Judge,Courts,Regular,2025-05-27,131954.4,25761.17,23824.75,649139.95,11320.02,94951.91
D001912,A0268,Judge,Courts,Initial,2023-09-20,39904.7,7757.15,12667.93,108280.57,48232.2,67783.16
D001913,A0268,Judge,Courts,Regular,2019-08-19,46223.84,4406.02,12837.49,197472.34,33969.44,49413.56
D001914,A0268,Judge,Courts,Regular,2022-08-21,45967.47,6684.51,9188.58,52493.69,3580.38,86374.21
D001915,A0268,Judge,Courts,Regular,2021-08-05,45259.5,4093.18,14842.46,186156.0,23446.57,121287.3
D001916,A0268,Judge,Courts,Regular,2023-09-21,57828.5,4866.27,14123.42,337486.52,53324.65,129208.19
D001917,A0269,Judge,Courts,Initial,2018-12-14,45728.51,11979.58,5752.55,154619.83,25964.49,60959.36
D001918,A0269,Judge,Courts,Regular,2025-11-25,53387.82,7733.58,6565.97,73904.23,23596.04,92901.42
D001919,A0269,Judge,Courts,Regular,2021-10-30,45319.2,12402.35,4757.87,61628.37,56909.76,102287.99
D001920,A0269,Judge,Courts,Regular,2022-05-01,51546.34,16046.74,6267.76,112037.54,40931.03,119868.38
D001921,A0269,Judge,Courts,Regular,2025-11-26,49494.73,10027.81,6853.73,173831.51,31964.35,123273.33
D001922,A0270,Judge,Courts,Initial,2020-09-07,92912.14,18683.22,17495.03,118886.76,13670.53,238763.93
D001923,A0270,Judge,Courts,Regular,2024-05-07,88952.22,27508.06,12103.88,66999.7,40566.01,55704.43
D001924,A0270,Judge,Courts,Regular,2024-09-14,95435.11,21655.93,22189.19,178110.08,8356.66,153981.81
D001925,A0270,Judge,Courts,Regular,2021-04-23,88915.97,22157.92,21214.84,110580.64,12267.87,92538.09
D001926,A0270,Judge,Courts,Regular,2024-09-15,99446.32,22844.76,13846.64,447313.28,35887.87,126688.85
D001927,A0271,Judge,Courts,Initial,2021-10-30,118727.33,16191.55,7499.97,78326.05,43022.49,296985.58
D001928,A0271,Judge,Courts,Regular,2019-08-23,115927.46,9262.38,4683.2,75312.4,33041.01,78616.19
D001929,A0271,Judge,Courts,Regular,2018-09-30,113583.87,23220.66,10708.5,90952.11,59451.23,116716.72
D001930,A0271,Judge,Courts,Regular,2021-02-08,125059.71,14904.21,5742.74,196315.53,37686.76,97911.92
D001931,A0271,Judge,Courts,Exceptional,2022-11-26,117948.75,10029.77,5108.27,72266.99,48077.99,10900.43
D001932,A0271,Judge,Courts,Exceptional,2018-10-15,111446.73,16976.69,5763.09,156774.13,55544.87,137344.85
D001933,A0271,Judge,Courts,Regular,2022-11-27,133323.15,22527.49,7999.23,504651.65,20256.35,124872.0
D001934,A0272,Judge,Courts,Initial,2019-09-14,72980.26,4609.77,12366.24,114123.42,16004.15,250752.81
D001935,A0272,Judge,Courts,Regular,2018-04-05,77805.21,3764.88,8902.11,161142.06,49507.16,40628.24
D001936,A0272,Judge,Courts,Regular,2024-11-29,66064.08,3044.27,13247.21,122826.45,58445.16,161910.07
D001937,A0272,Judge,Courts,Regular,2019-05-26,67777.14,6201.9,8915.73,91901.32,9938.55,34708.62
D001938,A0272,Judge,Courts,Regular,2024-11-30,77682.54,3405.56,9998.03,289437.7,35982.98,77340.66
D001939,A0273,Judge,Courts,Initial,2022-04-07,40036.66,1639.94,14248.5,88505.51,44349.86,97073.51
D001940,A0273,Judge,Courts,Regular,2018-04-05,42534.12,1265.58,19688.67,98303.97,47375.27,104787.08
D001941,A0273,Judge,Courts,Regular,2021-08-12,36281.81,1652.34,12651.25,88437.89,12328.17,28903.15
D001942,A0273,Judge,Courts,Regular,2018-11-13,43251.05,1966.17,12505.4,157613.99,12427.85,62842.36
D001943,A0273,Judge,Courts,Regular,2022-04-08,46012.51,1296.67,10414.16,274675.04,28182.78,4855.2
D001944,A0274,Judge,Courts,Initial,2023-07-04,54407.29,13951.62,9044.92,160020.13,23332.19,145314.56
D001945,A0274,Judge,Courts,Regular,2022-11-23,60786.74,19660.45,5331.62,50985.15,13713.41,73318.95
D001946,A0274,Judge,Courts,Regular,2020-11-30,56777.23,9327.24,12243.62,129001.79,35946.31,162028.43
D001947,A0274,Judge,Courts,Regular,2018-05-29,64948.62,12062.18,11403.02,17994.5,54951.0,18475.36
D001948,A0274,Judge,Courts,Regular,2023-07-05,56041.63,8081.55,12952.41,244790.47,17589.17,171700.05
D001949,A0275,Judge,Courts,Initial,2025-05-05,121596.29,4581.77,6231.97,104101.59,13908.94,156048.16
D001950,A0275,Judge,Courts,Regular,2019-12-22,119951.44,4445.46,5753.75,33585.24,1030.91,192268.43
D001951,A0275,Judge,Courts,Regular,2024-10-04,135428.93,2599.62,3748.59,163457.95,10723.84,24827.46
D001952,A0275,Judge,Courts,Regular,2023-03-10,129625.48,3981.24,4231.03,106731.47,11208.4,157381.67
D001953,A0275,Judge,Courts,Regular,2025-05-06,134130.04,3538.68,8184.48,416717.82,53690.29,78761.14
D001954,A0276,Judge,Courts,Initial,2023-02-07,76906.69,16930.74,4838.51,121793.82,22031.45,191641.35
D001955,A0276,Judge,Courts,Regular,2019-12-19,85601.97,20544.27,3203.51,121202.15,2536.41,196571.26
D001956,A0276,Judge,Courts,Regular,2019-07-11,69229.25,16266.6,6284.44,135505.08,23701.02,108293.79
D001957,A0276,Judge,Courts,Regular,2022-07-13,89722.25,16365.6,5551.48,103931.23,47183.08,115494.38
D001958,A0276,Judge,Courts,Regular,2023-02-08,95604.18,12722.26,6952.31,296897.43,51475.61,25247.97
D001959,A0277,Judge,Courts,Initial,2018-04-08,37341.71,19894.29,16838.92,23107.24,54249.91,135749.13
D001960,A0277,Judge,Courts,Regular,2021-07-12,39065.64,24874.06,12049.43,155014.41,45020.85,89988.09
D001961,A0277,Judge,Courts,Regular,2024-08-15,42463.39,24852.45,19349.12,60394.43,14669.51,3275.61
D001962,A0277,Judge,Courts,Regular,2020-07-19,43730.84,14978.81,15142.22,142578.06,22294.03,40938.48
D001963,A0277,Judge,Courts,Exceptional,2018-07-30,34454.56,12842.51,19196.75,20256.97,22442.14,70111.02
D001964,A0277,Judge,Courts,Exceptional,2022-05-03,46435.28,27297.21,9734.98,58790.21,49265.65,110321.35
D001965,A0277,Judge,Courts,Regular,2024-08-16,38249.66,29470.56,22684.97,342837.78,19887.14,62068.35
D001966,A0278,Judge,Courts,Initial,2022-03-01,31105.62,2026.05,14886.75,112318.02,3593.22,111828.65
D001967,A0278,Judge,Courts,Regular,2018-04-09,32179.0,1689.81,16567.86,69385.15,19592.68,73593.51
D001968,A0278,Judge,Courts,Regular,2023-10-19,33459.89,2803.11,18734.87,86681.64,30838.3,133264.0
D001969,A0278,Judge,Courts,Regular,2024-02-23,34794.72,2160.48,8445.09,193625.89,55976.85,75585.0
D001970,A0278,Judge,Courts,Regular,2024-02-24,39314.92,2476.94,11419.72,181905.68,54899.69,18637.92
D001971,A0279,Judge,Courts,Initial,2019-09-14,69439.94,837.83,6058.21,190711.93,11669.61,132645.74
D001972,A0279,Judge,Courts,Regular,2022-10-15,73892.21,632.69,8578.85,113.4,3973.7,171768.13
D001973,A0279,Judge,Courts,Regular,2020-12-23,77645.75,1078.3,4356.42,183026.8,9936.24,134522.36
D001974,A0279,Judge,Courts,Regular,2019-04-13,64161.87,803.99,8477.89,123359.67,58767.49,170118.77
D001975,A0279,Judge,Courts,Regular,2022-10-16,80192.72,886.9,8415.88,337712.8,19835.99,132988.3
D001976,A0280,Judge,Courts,Initial,2018-04-02,96775.19,16707.17,11795.59,136520.29,48371.34,196621.68
D001977,A0280,Judge,Courts,Regular,2022-11-13,101131.89,13836.11,11899.81,99774.87,43456.61,80941.82
D001978,A0280,Judge,Courts,Regular,2024-08-20,95817.38,22773.98,7153.99,29594.39,13417.51,156695.29
D001979,A0280,Judge,Courts,Regular,2020-10-15,100578.86,10914.1,7060.81,108441.85,21779.57,148504.71
D001980,A0280,Judge,Courts,Regular,2024-08-21,116007.11,9709.03,7813.94,433010.54,55704.59,13264.12
D001981,A0281,Judge,Courts,Initial,2019-04-30,118930.65,8712.47,16301.22,30809.19,28390.45,422209.32
D001982,A0281,Judge,Courts,Regular,2021-06-15,115446.54,12015.42,16168.54,191654.85,35305.39,81063.54
D001983,A0281,Judge,Courts,Regular,2020-08-21,117258.52,9675.83,10838.59,31838.4,19628.57,75369.53
D001984,A0281,Judge,Courts,Regular,2018-12-06,110629.05,5073.36,20171.62,30009.25,25712.56,179316.26
D001985,A0281,Judge,Courts,Regular,2021-06-16,175559.91,10432.17,10626.56,675600.84,28272.49,6536.93
D001986,A0282,Judge,Courts,Initial,2021-06-22,114357.98,13574.79,18361.67,139996.88,39963.49,220124.58
D001987,A0282,Judge,Courts,Regular,2021-09-14,106351.94,20312.18,10692.84,7902.74,12.79,184510.22
D001988,A0282,Judge,Courts,Regular,2019-11-28,133697.84,17975.62,18184.67,53466.06,17485.71,167369.97
D001989,A0282,Judge,Courts,Regular,2018-10-21,131459.15,10648.68,10373.29,121233.55,15598.93,128692.81
D001990,A0282,Judge,Courts,Regular,2021-09-15,120953.25,15020.29,21832.62,663522.71,51129.39,133001.72
D001991,A0283,Judge,Courts,Initial,2020-08-21,111027.08,7175.04,10177.52,58730.65,42339.45,366417.88
D001992,A0283,Judge,Courts,Regular,2021-06-20,122116.09,5098.2,9783.51,140646.92,2207.86,11749.62
D001993,A0283,Judge,Courts,Regular,2019-04-28,104843.31,10749.83,6372.24,144553.95,16948.52,66545.64
D001994,A0283,Judge,Courts,Regular,2021-08-03,119218.78,8743.79,9519.39,24523.7,38658.66,188515.75
D001995,A0283,Judge,Courts,Regular,2021-08-04,150175.5,10313.66,7223.72,492726.01,2030.17,31306.19
D001996,A0284,Judge,Courts,Initial,2022-06-17,36605.54,627.59,17061.35,50436.39,11193.75,103650.0
D001997,A0284,Judge,Courts,Regular,2025-12-14,42417.48,595.97,22449.01,149056.25,42443.07,131680.96
D001998,A0284,Judge,Courts,Regular,2024-05-09,42478.53,429.25,23359.96,32835.82,15036.02,18643.27
D001999,A0284,Judge,Courts,Regular,2021-10-02,34572.11,868.72,12625.8,120784.37,57423.76,181461.38
D002000,A0284,Judge,Courts,Regular,2025-12-15,45783.35,797.58,19305.57,158525.2,48012.52,74604.78
D002001,A0285,Judge,Courts,Initial,2023-08-31,78279.84,16486.48,10021.54,42212.35,19951.08,219942.64
D002002,A0285,Judge,Courts,Regular,2021-01-25,82918.76,22909.39,14968.48,122492.76,36733.47,86987.53
D002003,A0285,Judge,Courts,Regular,2026-03-15,89245.58,15743.81,12217.33,109424.64,32327.54,151154.72
D002004,A0285,Judge,Courts,Regular,2018-07-02,77132.7,8538.59,10916.66,193017.15,3767.91,165910.55
D002005,A0285,Judge,Courts,Regular,2026-03-16,100051.48,22823.35,10742.06,417766.58,50088.13,44579.91
D002006,A0286,Judge,Courts,Initial,2020-07-27,119151.32,17043.29,16334.73,133686.45,34773.82,154398.39
D002007,A0286,Judge,Courts,Regular,2018-06-16,115164.55,22522.84,12071.03,450.08,2865.83,15221.14
D002008,A0286,Judge,Courts,Regular,2021-01-25,126369.18,23851.99,23520.65,3268.68,52112.76,146550.02
D002009,A0286,Judge,Courts,Regular,2025-03-06,135403.34,21626.25,19002.42,99327.12,34810.57,106818.0
D002010,A0286,Judge,Courts,Regular,2025-03-07,174890.89,23097.65,23287.26,953234.03,43543.27,35447.34
D002011,A0287,Judge,Courts,Initial,2026-03-14,31421.14,8590.01,6575.5,49119.26,28791.87,136384.7
D002012,A0287,Judge,Courts,Regular,2020-11-23,29872.29,6806.01,4978.26,32372.29,25586.96,145832.36
D002013,A0287,Judge,Courts,Regular,2022-01-20,29199.07,12298.67,5322.81,108463.91,32920.84,13717.95
D002014,A0287,Judge,Courts,Regular,2019-09-30,36510.3,11622.54,3309.63,47910.28,46719.89,158885.3
D002015,A0287,Judge,Courts,Regular,2026-03-15,49616.68,5268.86,6255.21,222633.86,45959.99,155907.51
D002016,A0288,Judge,Courts,Initial,2020-02-15,42209.75,13359.97,5566.01,16653.62,47340.0,118703.73
D002017,A0288,Judge,Courts,Regular,2024-02-12,49954.49,16370.17,7853.2,124068.39,58165.33,153296.79
D002018,A0288,Judge,Courts,Regular,2018-09-17,40043.87,11250.44,5688.95,137905.96,11650.23,198222.71
D002019,A0288,Judge,Courts,Regular,2025-01-30,42438.31,11224.79,4949.73,151351.26,6214.16,102483.95
D002020,A0288,Judge,Courts,Regular,2025-01-31,47587.95,9220.3,6331.28,300635.18,44864.06,13380.11
D002021,A0289,Judge,Courts,Initial,2020-03-26,52675.12,13140.51,18257.66,98875.03,46250.34,196073.85
D002022,A0289,Judge,Courts,Regular,2018-06-21,47982.5,9041.73,19552.84,3424.27,39874.81,74507.48
D002023,A0289,Judge,Courts,Regular,2021-10-19,53974.09,17575.69,26831.15,172401.37,5113.52,168604.48
D002024,A0289,Judge,Courts,Regular,2024-09-01,55633.05,16637.54,19953.53,94685.96,33215.1,110320.91
D002025,A0289,Judge,Courts,Regular,2024-09-02,56459.92,17224.97,23482.01,353802.99,14762.25,107416.31
D002026,A0290,Judge,Courts,Initial,2019-09-19,33893.88,2131.48,18780.97,132964.73,59904.19,128009.49
D002027,A0290,Judge,Courts,Regular,2021-02-23,33961.07,1943.98,10787.74,106192.47,4506.7,61677.03
D002028,A0290,Judge,Courts,Regular,2021-05-13,34641.62,1121.48,14745.98,36955.23,5584.58,27484.95
D002029,A0290,Judge,Courts,Regular,2023-11-21,36634.94,2880.85,16199.19,19031.45,15851.99,66757.03
D002030,A0290,Judge,Courts,Regular,2023-11-22,37607.68,1518.28,24422.24,253550.73,16590.89,168293.44
D002031,A0291,Judge,Courts,Initial,2024-03-12,84130.63,17185.05,16231.54,109787.3,34641.71,195376.67
D002032,A0291,Judge,Courts,Regular,2025-05-18,83227.39,23978.75,20326.79,8147.49,55130.3,84034.23
D002033,A0291,Judge,Courts,Regular,2025-05-18,84128.95,21328.27,10337.73,18862.99,56681.76,801.89
D002034,A0291,Judge,Courts,Regular,2023-05-08,76790.86,22503.84,14705.59,21378.19,9528.42,187931.43
D002035,A0291,Judge,Courts,Regular,2025-05-19,96627.86,14333.41,11120.7,548037.18,42041.85,20774.76
D002036,A0292,Judge,Courts,Initial,2022-07-29,77031.57,14574.97,2533.23,147572.33,49330.54,150974.72
D002037,A0292,Judge,Courts,Regular,2018-01-22,85075.46,20041.65,2727.5,145970.25,50510.41,98530.56
D002038,A0292,Judge,Courts,Regular,2020-09-01,70700.46,10362.92,2955.98,38494.36,31666.87,68853.57
D002039,A0292,Judge,Courts,Regular,2022-07-15,91830.6,13285.71,2731.66,53872.05,36983.09,177913.54
D002040,A0292,Judge,Courts,Regular,2022-07-30,88817.36,16109.08,1270.29,473140.34,35444.24,149357.13
D002041,A0293,Judge,Courts,Initial,2020-10-20,87661.6,16288.92,11604.08,193434.87,14926.81,173110.57
D002042,A0293,Judge,Courts,Regular,2018-07-10,98126.27,19287.2,7344.94,43627.13,57563.99,114914.94
D002043,A0293,Judge,Courts,Regular,2025-04-23,84423.51,9948.86,13881.08,82671.17,20481.42,89414.9
D002044,A0293,Judge,Courts,Regular,2019-08-26,97943.8,20941.0,15883.68,65022.32,24667.61,131904.05
D002045,A0293,Judge,Courts,Regular,2025-04-24,110983.71,11427.48,13171.23,633184.29,21190.69,173990.21
D002046,A0294,Judge,Courts,Initial,2018-09-02,96230.36,9798.27,18982.86,87490.16,15126.68,153181.32
D002047,A0294,Judge,Courts,Regular,2023-02-23,101742.87,6896.41,11587.45,57441.99,17006.77,35412.02
D002048,A0294,Judge,Courts,Regular,2018-02-26,100269.16,12371.62,10730.92,90885.81,18191.74,44863.15
D002049,A0294,Judge,Courts,Regular,2020-04-02,106481.71,7599.69,18543.13,78118.98,9627.5,44113.13
D002050,A0294,Judge,Courts,Regular,2023-02-24,97220.32,7196.05,18715.25,584869.82,56910.92,101939.54
D002051,A0295,Judge,Courts,Initial,2022-07-12,40982.44,14424.85,10440.56,137981.57,16308.73,182068.66
D002052,A0295,Judge,Courts,Regular,2018-03-25,37658.37,21019.23,6338.67,179755.13,15125.93,48858.84
D002053,A0295,Judge,Courts,Regular,2025-06-30,48335.16,19557.94,11217.49,184886.13,55309.65,125503.87
D002054,A0295,Judge,Courts,Regular,2023-12-05,36925.64,21040.4,8638.28,137927.56,33232.34,113590.21
D002055,A0295,Judge,Courts,Exceptional,2020-03-03,36625.43,17780.35,12746.68,84969.74,41761.62,54388.31
D002056,A0295,Judge,Courts,Exceptional,2020-03-28,45671.79,16874.72,15250.05,113043.13,21413.25,75984.3
D002057,A0295,Judge,Courts,Regular,2025-07-01,56341.49,20054.25,8610.49,318399.92,21412.84,151785.31
D002058,A0296,Judge,Courts,Initial,2018-06-29,79315.05,8616.46,11248.71,137945.86,6191.54,146481.47
D002059,A0296,Judge,Courts,Regular,2020-04-19,82497.56,8917.87,13932.82,20523.03,59386.48,109713.61
D002060,A0296,Judge,Courts,Regular,2026-01-21,74612.97,10667.39,8081.86,19371.24,15387.39,183640.69
D002061,A0296,Judge,Courts,Regular,2022-08-03,74245.49,6724.38,12245.64,89967.38,12545.07,68162.86
D002062,A0296,Judge,Courts,Regular,2026-01-22,84967.64,11248.07,14523.2,283786.23,37746.42,152182.15
D002063,A0297,Judge,Courts,Initial,2020-06-05,98899.67,10821.5,13145.94,139173.77,381.4,335418.22
D002064,A0297,Judge,Courts,Regular,2022-08-14,115340.8,6493.91,13194.59,45865.85,34540.49,18.58
D002065,A0297,Judge,Courts,Regular,2025-10-23,99363.28,9272.94,12519.61,139187.8,1613.96,19502.24
D002066,A0297,Judge,Courts,Regular,2025-01-13,105972.11,12631.93,9104.15,164462.81,14053.17,9040.83
D002067,A0297,Judge,Courts,Exceptional,2020-05-06,88893.23,8603.09,7378.49,89893.4,37118.77,6298.18
D002068,A0297,Judge,Courts,Exceptional,2026-02-20,124229.91,7620.11,14817.19,176033.27,17975.62,137351.95
D002069,A0297,Judge,Courts,Regular,2026-02-21,108033.81,6095.41,18419.52,512425.53,457.37,74907.13
D002070,A0298,Judge,Courts,Initial,2020-07-28,98443.96,17858.01,2170.49,152883.51,12707.11,168750.68
D002071,A0298,Judge,Courts,Regular,2025-11-05,112598.22,13681.74,2214.47,110999.47,40628.5,189993.38
D002072,A0298,Judge,Courts,Regular,2024-08-20,115149.17,25307.26,3221.89,177277.64,9443.83,199443.53
D002073,A0298,Judge,Courts,Regular,2023-12-23,108106.73,12778.97,2059.92,34427.0,50201.4,89015.16
D002074,A0298,Judge,Courts,Regular,2025-11-06,134254.81,25469.32,2817.95,711998.28,11776.18,59106.84
D002075,A0299,Judge,Courts,Initial,2023-12-26,76486.84,1820.49,11628.05,159320.36,7606.74,217646.52
D002076,A0299,Judge,Courts,Regular,2019-04-09,81689.43,1628.63,13368.25,142489.79,49002.26,10566.34
D002077,A0299,Judge,Courts,Regular,2020-01-07,81206.66,1332.24,7284.13,181600.25,30504.96,121380.28
D002078,A0299,Judge,Courts,Regular,2018-10-31,74379.51,1915.67,9757.24,107513.29,15579.49,66415.17
D002079,A0299,Judge,Courts,Exceptional,2020-01-01,62872.89,1803.22,15557.19,27942.49,47401.69,139755.1
D002080,A0299,Judge,Courts,Exceptional,2019-01-02,80997.84,2047.77,6644.68,144183.97,32803.58,147548.22
D002081,A0299,Judge,Courts,Regular,2023-12-27,91256.86,1209.96,9026.99,441725.7,1797.61,153095.89
D002082,A0300,Judge,Courts,Initial,2025-02-22,107530.43,13817.67,17257.72,144618.0,5018.03,332035.41
D002083,A0300,Judge,Courts,Regular,2024-07-27,99392.41,16414.79,16926.02,161074.65,26338.74,178858.86
D002084,A0300,Judge,Courts,Regular,2025-04-06,108762.92,17789.78,21545.77,120974.15,43153.52,197680.58
D002085,A0300,Judge,Courts,Regular,2021-07-05,109005.05,8500.04,24406.88,129121.41,45151.76,52160.81
D002086,A0300,Judge,Courts,Exceptional,2019-08-29,118302.19,14873.13,16856.96,98227.84,54615.22,15320.78
D002087,A0300,Judge,Courts,Exceptional,2019-12-21,130346.07,10901.83,19357.2,8491.97,22766.72,8076.63
D002088,A0300,Judge,Courts,Regular,2025-04-07,135575.86,7271.57,18969.88,550358.55,15677.12,49122.57
D002089,A0301,Judge,Courts,Initial,2019-09-04,64148.91,7229.33,10317.81,106007.04,24311.0,132592.81
D002090,A0301,Judge,Courts,Regular,2021-01-08,67581.19,10776.53,8972.02,9799.58,18607.58,34047.13
D002091,A0301,Judge,Courts,Regular,2024-06-20,64957.04,3917.38,12528.8,125003.38,3182.2,41583.3
D002092,A0301,Judge,Courts,Regular,2022-08-08,69321.29,8054.99,9905.35,71015.41,59924.46,154473.3
D002093,A0301,Judge,Courts,Regular,2024-06-21,100833.32,9804.11,10584.24,573151.81,3642.71,160398.74
D002094,A0302,Judge,Courts,Initial,2026-03-23,116525.13,5056.3,10571.52,178041.0,54914.1,224281.64
D002095,A0302,Judge,Courts,Regular,2020-11-25,138507.09,5783.28,11073.43,94728.35,52827.24,49803.07
D002096,A0302,Judge,Courts,Regular,2020-03-05,118089.64,6390.42,10870.92,12833.18,16067.97,30972.19
D002097,A0302,Judge,Courts,Regular,2018-09-26,109819.14,4551.09,12452.22,145197.92,31303.41,129037.22
D002098,A0302,Judge,Courts,Regular,2026-03-24,138023.78,4032.84,5504.69,655347.44,45388.77,26102.08
D002099,A0303,Judge,Courts,Initial,2022-05-18,114503.96,8617.78,2081.86,192154.73,15111.0,145767.63
D002100,A0303,Judge,Courts,Regular,2021-04-09,135530.99,9752.16,1367.1,189228.34,22419.9,58122.38
D002101,A0303,Judge,Courts,Regular,2018-06-23,109463.12,11105.38,2542.21,73809.52,32608.15,37391.06
D002102,A0303,Judge,Courts,Regular,2020-02-25,136003.86,12163.42,1089.36,16921.37,22636.27,82238.33
D002103,A0303,Judge,Courts,Regular,2022-05-19,134468.92,9270.23,2737.06,661285.88,55083.09,154407.38
D002104,A0304,Judge,Courts,Initial,2023-03-23,66837.18,11121.81,10019.4,35690.93,58938.0,245476.79
D002105,A0304,Judge,Courts,Regular,2024-11-03,76831.08,6245.23,11905.62,7508.2,41209.65,11504.69
D002106,A0304,Judge,Courts,Regular,2021-04-08,64942.02,15753.88,7103.12,153009.29,21303.81,165705.12
D002107,A0304,Judge,Courts,Regular,2020-11-21,71925.93,15386.8,6233.87,145690.2,48402.3,161189.6
D002108,A0304,Judge,Courts,Exceptional,2025-12-23,73516.06,11413.32,12236.21,157474.62,32662.67,121291.3
D002109,A0304,Judge,Courts,Exceptional,2020-03-24,61526.84,6577.64,11810.69,98516.21,8082.42,128805.65
D002110,A0304,Judge,Courts,Regular,2025-12-24,106917.17,5997.0,9084.06,518570.63,4610.44,16773.06
D002111,A0305,Judge,Courts,Initial,2024-03-13,106135.36,9933.33,19234.02,198284.39,5718.47,319451.43
D002112,A0305,Judge,Courts,Regular,2026-01-29,123032.61,13825.44,9822.27,36965.76,49220.93,199452.62
D002113,A0305,Judge,Courts,Regular,2018-05-01,114183.29,8290.24,17599.56,109948.09,50255.81,104773.95
D002114,A0305,Judge,Courts,Regular,2018-02-23,103303.22,8714.42,18700.72,140567.72,15833.23,56729.84
D002115,A0305,Judge,Courts,Regular,2026-01-30,113758.06,12166.12,17608.95,512322.36,37263.49,42740.35
D002116,A0306,Judge,Courts,Initial,2024-06-13,109208.25,2678.53,1158.9,62245.57,4254.76,246755.66
D002117,A0306,Judge,Courts,Regular,2021-03-20,101853.82,2122.04,847.56,105977.7,20577.02,5275.23
D002118,A0306,Judge,Courts,Regular,2019-07-25,123072.94,2430.17,777.16,144590.81,56496.01,121313.67
D002119,A0306,Judge,Courts,Regular,2023-09-03,103132.42,1982.49,898.17,67538.94,4604.68,51029.47
D002120,A0306,Judge,Courts,Exceptional,2026-03-13,103417.4,2731.24,1051.41,149429.06,49774.98,126095.59
D002121,A0306,Judge,Courts,Exceptional,2021-10-14,100343.2,3845.27,1076.24,193257.58,44625.43,103867.85
D002122,A0306,Judge,Courts,Regular,2026-03-14,115497.69,3338.36,1073.74,561359.39,56330.71,188769.59
D002123,A0307,Judge,Courts,Initial,2022-05-02,35538.75,17698.75,7226.44,79566.06,36445.64,156085.6
D002124,A0307,Judge,Courts,Regular,2019-09-23,39287.1,10135.71,10408.31,42570.69,57167.2,153518.93
D002125,A0307,Judge,Courts,Regular,2020-11-06,41553.61,15146.5,9520.1,101815.16,11004.23,114408.3
D002126,A0307,Judge,Courts,Regular,2023-06-12,38663.08,17438.05,9127.37,128830.19,8555.75,42171.72
D002127,A0307,Judge,Courts,Regular,2023-06-13,41163.46,22117.47,3904.75,249055.69,53781.63,991.8
D002128,A0308,Judge,Courts,Initial,2019-07-14,74743.0,3881.38,5968.81,95377.38,40026.41,277178.06
D002129,A0308,Judge,Courts,Regular,2022-07-27,68302.86,2847.96,5218.54,144771.47,3204.02,133405.15
D002130,A0308,Judge,Courts,Regular,2023-01-24,82765.34,2010.77,7892.29,101479.89,59591.43,116168.73
D002131,A0308,Judge,Courts,Regular,2018-09-23,85280.71,3049.85,4069.4,3154.66,59721.81,198378.82
D002132,A0308,Judge,Courts,Regular,2023-01-25,82169.51,4875.87,7199.34,371768.13,37557.75,153325.7
D002133,A0309,Judge,Courts,Initial,2025-08-10,67586.8,15610.37,5928.23,110539.71,36279.6,221155.36
D002134,A0309,Judge,Courts,Regular,2023-02-12,62645.96,15957.12,3824.78,156706.15,34756.77,127355.4
D002135,A0309,Judge,Courts,Regular,2024-05-18,65860.65,12962.13,3574.39,4254.67,30026.3,61918.66
D002136,A0309,Judge,Courts,Regular,2024-12-09,76892.8,21180.7,8615.43,178107.94,6501.29,167837.28
D002137,A0309,Judge,Courts,Regular,2025-08-11,76631.05,19989.52,7566.02,282294.39,33834.91,192125.61
D002138,A0310,Judge,Courts,Initial,2018-05-06,92221.79,459.21,11158.17,31000.16,38414.37,200576.69
D002139,A0310,Judge,Courts,Regular,2025-03-14,95227.92,573.68,9032.56,188606.3,43464.08,103998.76
D002140,A0310,Judge,Courts,Regular,2020-06-21,92012.76,533.86,15709.14,130037.92,53911.31,104041.7
D002141,A0310,Judge,Courts,Regular,2025-05-16,107818.31,577.24,14907.0,196187.33,49680.82,179450.16
D002142,A0310,Judge,Courts,Regular,2025-05-17,141317.87,283.7,7168.64,579537.15,36600.42,68267.95
D002143,A0311,Judge,Courts,Initial,2024-03-05,114897.17,2944.85,11810.24,71744.44,40593.25,178139.9
D002144,A0311,Judge,Courts,Regular,2022-04-16,123155.29,2487.56,13349.74,184692.28,12997.93,112358.81
D002145,A0311,Judge,Courts,Regular,2022-10-11,106794.15,3918.46,16325.14,153298.2,48433.95,62738.94
D002146,A0311,Judge,Courts,Regular,2021-10-11,137203.57,3682.3,8880.48,38408.18,16022.82,108293.62
D002147,A0311,Judge,Courts,Regular,2024-03-06,169791.61,2387.51,11916.9,910392.27,2433.72,5890.82
D002148,A0312,Judge,Courts,Initial,2018-09-14,77841.73,4474.69,130.27,170441.55,26054.89,259449.23
D002149,A0312,Judge,Courts,Regular,2018-08-14,72784.76,6620.98,115.57,40411.73,4872.85,38666.58
D002150,A0312,Judge,Courts,Regular,2024-11-11,77876.94,6575.53,176.44,9583.23,3973.35,105562.48
D002151,A0312,Judge,Courts,Regular,2024-11-12,85196.65,2595.79,147.18,14632.56,44263.82,10864.71
D002152,A0312,Judge,Courts,Regular,2024-11-13,86117.36,5054.33,90.65,273208.65,26598.82,82226.99
D002153,A0313,Judge,Courts,Initial,2019-10-27,102997.64,4410.22,5596.0,3363.58,29716.13,212632.49
D002154,A0313,Judge,Courts,Regular,2018-08-27,114769.71,4185.41,3579.93,80643.85,51780.98,134278.69
D002155,A0313,Judge,Courts,Regular,2024-09-08,96937.04,2290.94,7267.35,149172.6,29525.65,125077.94
D002156,A0313,Judge,Courts,Regular,2023-04-27,121212.63,6276.13,8293.18,113084.27,55949.11,13358.82
D002157,A0313,Judge,Courts,Regular,2024-09-09,104402.63,6335.6,6573.25,420390.93,58217.82,39687.85
D002158,A0314,Judge,Courts,Initial,2022-07-02,38918.68,2653.31,18627.73,71575.79,55836.66,158549.1
D002159,A0314,Judge,Courts,Regular,2019-03-22,40481.57,3786.72,17961.88,40983.41,59766.65,181527.58
D002160,A0314,Judge,Courts,Regular,2025-08-09,36213.72,2926.41,9322.52,22524.01,45020.26,47594.6
D002161,A0314,Judge,Courts,Regular,2023-10-04,46463.59,2169.76,18026.57,109222.56,58585.99,75196.22
D002162,A0314,Judge,Courts,Exceptional,2023-01-07,32581.48,3098.74,14841.24,52919.73,2951.05,192247.57
D002163,A0314,Judge,Courts,Exceptional,2024-06-28,37420.76,1700.38,16682.78,102053.72,58384.71,18903.25
D002164,A0314,Judge,Courts,Regular,2025-08-10,45349.42,3966.51,13719.46,230924.9,15007.56,20323.09
D002165,A0315,Judge,Courts,Initial,2018-02-27,40828.26,2835.46,9264.1,158187.36,40036.58,73275.49
D002166,A0315,Judge,Courts,Regular,2019-10-24,44572.98,3907.79,12916.62,117798.62,49639.37,20467.59
D002167,A0315,Judge,Courts,Regular,2020-03-03,39943.49,4056.38,8521.75,114503.96,20408.25,165949.48
D002168,A0315,Judge,Courts,Regular,2026-03-15,45157.44,2659.47,11653.11,173316.71,13897.73,164508.82
D002169,A0315,Judge,Courts,Regular,2026-03-16,43645.06,2878.85,9667.2,227039.17,24505.51,67694.25
D002170,A0316,Judge,Courts,Initial,2019-05-03,74964.33,14775.71,9856.52,140563.86,32675.9,146115.11
D002171,A0316,Judge,Courts,Regular,2023-02-01,78225.0,8290.49,13413.78,99292.88,54018.75,103655.48
D002172,A0316,Judge,Courts,Regular,2019-08-24,86810.96,7616.31,12463.93,75223.37,8617.77,131782.11
D002173,A0316,Judge,Courts,Regular,2019-12-02,71526.06,16684.36,8160.12,31843.43,59529.05,135749.42
D002174,A0316,Judge,Courts,Regular,2023-02-02,75631.46,12338.47,14675.11,310891.95,41204.85,80986.94
D002175,A0317,Judge,Courts,Initial,2023-02-14,37286.22,13026.03,18741.34,14550.66,34237.1,121828.44
D002176,A0317,Judge,Courts,Regular,2024-08-30,44238.88,13775.37,19383.41,136372.4,14113.15,124687.4
D002177,A0317,Judge,Courts,Regular,2024-01-29,36788.12,13634.69,9673.65,31667.39,53530.59,7557.63
D002178,A0317,Judge,Courts,Regular,2021-09-17,42488.22,18905.99,22335.81,45959.81,50505.83,86630.17
D002179,A0317,Judge,Courts,Regular,2024-08-31,53321.18,9779.57,27532.26,414433.11,17888.24,121119.53
D002180,A0318,Judge,Courts,Initial,2018-05-27,90973.0,11070.82,1320.35,16802.83,20806.76,187362.93
D002181,A0318,Judge,Courts,Regular,2025-10-18,99747.33,6550.22,1879.71,47056.18,32638.13,89515.83
D002182,A0318,Judge,Courts,Regular,2023-05-11,87224.6,14050.06,1527.28,5243.58,36934.97,54980.01
D002183,A0318,Judge,Courts,Regular,2018-11-16,108172.09,6238.2,1489.11,194671.48,29693.9,106439.46
D002184,A0318,Judge,Courts,Regular,2025-10-19,99156.04,12439.63,1868.71,501482.43,43112.38,30783.06
D002185,A0319,Judge,Courts,Initial,2018-01-03,62011.63,11536.09,9878.14,149952.9,47431.68,210880.51
D002186,A0319,Judge,Courts,Regular,2022-06-21,67782.73,13639.56,12766.56,73736.18,41730.1,176604.09
D002187,A0319,Judge,Courts,Regular,2025-06-10,72455.32,9925.15,14762.62,76187.84,37172.35,137122.48
D002188,A0319,Judge,Courts,Regular,2024-05-20,56523.27,13531.96,6597.81,179953.35,10554.43,149294.56
D002189,A0319,Judge,Courts,Regular,2025-06-11,71995.09,7874.02,10111.12,411524.87,23644.02,28070.83
D002190,A0320,Judge,Courts,Initial,2022-05-23,91138.74,3713.78,4932.5,190327.97,41011.54,243025.81
D002191,A0320,Judge,Courts,Regular,2020-06-29,105710.7,2579.47,7203.79,184754.24,56072.18,68037.21
D002192,A0320,Judge,Courts,Regular,2019-11-05,89153.61,4398.86,6984.4,37320.36,45689.89,144484.17
D002193,A0320,Judge,Courts,Regular,2023-06-03,86888.9,5366.5,4385.37,193725.6,10311.43,189212.95
D002194,A0320,Judge,Courts,Regular,2023-06-04,129121.6,3131.92,5464.9,649953.9,6133.24,172090.04
D002195,A0321,Judge,Courts,Initial,2024-04-07,40621.06,14212.31,7384.63,5131.85,38749.25,177032.66
D002196,A0321,Judge,Courts,Regular,2021-08-21,36749.46,11660.36,7294.3,136020.61,49491.72,44841.34
D002197,A0321,Judge,Courts,Regular,2020-03-06,40295.52,15962.98,10174.17,178773.43,49459.71,14901.93
D002198,A0321,Judge,Courts,Regular,2019-04-09,47695.79,15619.34,4909.41,39829.56,49981.47,66723.03
D002199,A0321,Judge,Courts,Regular,2024-04-08,59959.57,8328.56,6381.97,219209.65,5292.44,58730.0
D002200,A0322,Judge,Courts,Initial,2026-03-01,112759.93,4045.94,4331.92,34701.93,37162.77,216479.2
D002201,A0322,Judge,Courts,Regular,2023-11-19,104778.04,5254.89,4103.74,63464.05,963.41,124154.16
D002202,A0322,Judge,Courts,Regular,2019-09-06,125066.3,4625.78,2638.59,190077.36,47547.26,7038.44
D002203,A0322,Judge,Courts,Regular,2021-12-20,107482.48,3572.29,4458.46,199518.7,41764.73,104744.2
D002204,A0322,Judge,Courts,Regular,2026-03-02,153696.65,5400.98,5448.53,598178.79,21659.2,47001.99
D002205,A0323,Judge,Courts,Initial,2022-10-20,85780.48,15339.72,8043.87,178037.05,56110.44,303109.01
D002206,A0323,Judge,Courts,Regular,2022-09-01,78704.51,12646.91,10239.25,101287.89,47537.74,89955.93
D002207,A0323,Judge,Courts,Regular,2022-12-17,84396.11,20901.79,5133.75,141220.33,30612.5,196630.79
D002208,A0323,Judge,Courts,Regular,2025-07-04,84398.05,17367.21,9917.19,84392.92,21822.59,173358.74
D002209,A0323,Judge,Courts,Regular,2025-07-05,129094.98,12088.2,8060.21,399997.99,36862.95,23731.55
D002210,A0324,Judge,Courts,Initial,2021-06-10,99318.02,19707.72,507.91,186514.9,375.45,92340.82
D002211,A0324,Judge,Courts,Regular,2022-03-06,108430.4,21409.12,700.11,14549.63,14185.28,128530.1
D002212,A0324,Judge,Courts,Regular,2019-04-20,113202.05,26969.72,289.13,1113.94,20395.79,6757.86
D002213,A0324,Judge,Courts,Regular,2020-04-15,108259.16,18243.1,628.88,136398.99,17034.57,56872.59
D002214,A0324,Judge,Courts,Regular,2022-03-07,136080.11,17457.61,568.85,650402.44,8644.34,192619.06
D002215,A0325,Judge,Courts,Initial,2018-01-27,123665.31,8461.45,17977.38,157765.53,43161.65,267241.2
D002216,A0325,Judge,Courts,Regular,2019-06-16,124888.14,8591.03,22269.45,33541.79,22130.06,41830.16
D002217,A0325,Judge,Courts,Regular,2018-10-13,130806.77,11045.44,12096.51,108672.94,48981.36,147409.24
D002218,A0325,Judge,Courts,Regular,2020-02-19,142326.61,5299.37,19893.39,175732.8,38708.87,125382.39
D002219,A0325,Judge,Courts,Regular,2020-02-20,128041.91,10477.78,24907.33,503275.69,24922.08,97907.57
D002220,A0326,Judge,Courts,Initial,2019-12-26,85274.6,6900.14,10650.26,153387.0,24241.52,277638.39
D002221,A0326,Judge,Courts,Regular,2020-01-11,99767.49,6762.69,8742.26,149365.32,21791.24,125546.91
D002222,A0326,Judge,Courts,Regular,2023-06-05,80217.82,4517.9,11408.76,6538.76,8546.75,18046.81
D002223,A0326,Judge,Courts,Regular,2025-07-06,95726.74,6088.77,12329.57,48217.79,6135.0,10619.29
D002224,A0326,Judge,Courts,Regular,2025-07-07,122025.69,10076.63,12199.03,536786.89,27430.0,43013.7
D002225,A0327,Judge,Courts,Initial,2020-01-15,101719.44,4345.4,11289.7,116510.89,11168.91,117912.6
D002226,A0327,Judge,Courts,Regular,2019-12-08,96283.29,6323.39,15914.43,42819.7,24716.42,34238.52
D002227,A0327,Judge,Courts,Regular,2019-02-17,113909.65,5646.42,13064.97,117035.35,38421.45,47254.41
D002228,A0327,Judge,Courts,Regular,2024-03-05,95937.89,6069.25,9315.16,72738.46,57849.09,157870.34
D002229,A0327,Judge,Courts,Regular,2024-03-06,134686.51,3564.11,16253.73,548013.99,7329.39,144957.21
D002230,A0328,Judge,Courts,Initial,2020-11-05,104366.0,9862.04,3231.23,78616.36,14828.12,256051.85
D002231,A0328,Judge,Courts,Regular,2024-06-23,119314.24,12573.41,3590.59,145005.95,10827.63,89365.34
D002232,A0328,Judge,Courts,Regular,2024-07-12,107668.02,6773.19,2178.92,13976.5,3326.25,49297.87
D002233,A0328,Judge,Courts,Regular,2024-09-06,108598.39,10128.31,3223.8,22502.62,29419.65,179076.54
D002234,A0328,Judge,Courts,Regular,2024-09-07,140658.98,10437.11,4572.13,683040.15,8954.37,162464.15
D002235,A0329,Judge,Courts,Initial,2018-07-02,39855.64,15864.67,7942.63,158117.15,51778.69,85901.59
D002236,A0329,Judge,Courts,Regular,2020-12-22,44969.08,15689.3,10411.47,137202.91,27936.12,100692.14
D002237,A0329,Judge,Courts,Regular,2024-05-19,41111.53,18777.38,9478.1,144408.9,52710.92,133469.58
D002238,A0329,Judge,Courts,Regular,2022-01-03,38077.95,18044.91,7103.46,12176.2,50271.27,150121.37
D002239,A0329,Judge,Courts,Regular,2024-05-20,58234.72,11136.92,6180.4,342573.32,55352.68,129081.37
D002240,A0330,Judge,Courts,Initial,2026-03-01,115518.56,11477.05,2189.62,13281.69,50111.04,188574.23
D002241,A0330,Judge,Courts,Regular,2024-05-25,135106.11,15695.92,1144.82,29843.08,34631.31,155844.1
D002242,A0330,Judge,Courts,Regular,2026-03-09,136606.28,14338.02,2548.73,18495.01,11930.37,55436.84
D002243,A0330,Judge,Courts,Regular,2026-03-30,121688.91,6389.14,2897.41,182330.89,34592.95,198435.69
D002244,A0330,Judge,Courts,Exceptional,2025-09-14,126694.12,6805.08,3213.08,29036.81,2904.99,30186.34
D002245,A0330,Judge,Courts,Exceptional,2019-09-14,99089.49,7545.06,2992.62,184797.5,57606.84,82022.3
D002246,A0330,Judge,Courts,Regular,2026-03-31,167686.27,7341.12,1346.98,607083.96,40406.26,23186.78
D002247,A0331,Judge,Courts,Initial,2023-12-08,40450.55,18265.71,837.02,123501.59,1915.04,93566.87
D002248,A0331,Judge,Courts,Regular,2022-11-28,47720.36,12748.57,939.95,145936.19,2221.38,114376.77
D002249,A0331,Judge,Courts,Regular,2022-11-03,41020.3,12939.46,429.73,35767.54,39037.59,133028.76
D002250,A0331,Judge,Courts,Regular,2021-05-19,45830.26,11025.72,1058.3,56409.0,6027.52,56890.09
D002251,A0331,Judge,Courts,Regular,2023-12-09,57028.2,20555.28,536.21,382807.87,524.53,132984.7
D002252,A0332,Judge,Courts,Initial,2021-12-04,45012.81,5734.26,2576.15,167998.28,35484.07,92084.06
D002253,A0332,Judge,Courts,Regular,2026-02-03,45649.68,7402.79,3375.95,147196.65,74.16,186140.15
D002254,A0332,Judge,Courts,Regular,2026-01-10,49517.92,6285.91,1618.34,138912.12,29793.48,3417.71
D002255,A0332,Judge,Courts,Regular,2019-02-03,43602.06,5468.96,1653.58,38151.29,56110.13,109938.99
D002256,A0332,Judge,Courts,Regular,2026-02-04,55474.74,7239.92,1623.83,276801.62,15561.44,14989.8
D002257,A0333,Judge,Courts,Initial,2024-04-02,45617.06,2816.92,9637.05,10763.08,7386.77,105459.99
D002258,A0333,Judge,Courts,Regular,2023-07-20,44858.87,1877.06,10787.95,88622.92,43292.85,17074.72
D002259,A0333,Judge,Courts,Regular,2022-10-12,52851.43,1471.5,7017.71,25296.56,16883.93,130018.85
D002260,A0333,Judge,Courts,Regular,2019-03-15,45741.0,2143.85,13145.47,165553.53,41066.92,128408.2
D002261,A0333,Judge,Courts,Regular,2024-04-03,65059.0,2212.56,7224.87,262562.17,36968.23,181596.1
D002262,A0334,Judge,Courts,Initial,2022-12-19,79638.7,18284.13,12796.77,73713.22,53582.55,119440.92
D002263,A0334,Judge,Courts,Regular,2024-08-14,87851.09,27390.35,11158.4,85034.02,10348.95,49219.51
D002264,A0334,Judge,Courts,Regular,2023-05-19,91781.5,11644.42,16764.9,92349.18,163.92,8824.72
D002265,A0334,Judge,Courts,Regular,2018-09-01,90051.23,23719.25,12978.27,7746.08,1598.72,182293.58
D002266,A0334,Judge,Courts,Regular,2024-08-15,106103.12,10977.38,11499.67,506747.19,5398.84,32374.87
D002267,A0335,Judge,Courts,Initial,2026-01-27,84437.26,10337.04,16246.72,134038.89,26865.67,58926.65
D002268,A0335,Judge,Courts,Regular,2019-03-20,100671.2,12448.93,15652.99,39097.15,2547.04,90592.63
D002269,A0335,Judge,Courts,Regular,2020-10-06,77358.46,12534.91,13519.54,193755.06,48779.83,57545.06
D002270,A0335,Judge,Courts,Regular,2023-12-14,100156.63,10254.68,11364.49,80123.43,6852.35,39310.72
D002271,A0335,Judge,Courts,Exceptional,2022-11-18,75222.03,10664.64,16703.62,71066.7,25554.5,85896.98
D002272,A0335,Judge,Courts,Exceptional,2020-11-05,88497.6,7283.08,17241.96,66752.54,59985.52,160730.69
D002273,A0335,Judge,Courts,Regular,2026-01-28,123802.16,11442.72,10667.35,686513.72,56324.43,184393.85
D002274,A0336,Judge,Courts,Initial,2023-04-30,118963.65,8736.18,2978.27,70646.75,3844.47,199370.49
D002275,A0336,Judge,Courts,Regular,2018-03-19,108212.36,12927.99,2689.33,85112.71,18636.08,66066.35
D002276,A0336,Judge,Courts,Regular,2024-08-10,107957.14,4960.5,1836.04,89386.28,29139.22,93471.72
D002277,A0336,Judge,Courts,Regular,2020-10-30,108400.3,10911.68,2271.51,47190.39,46096.36,110406.93
D002278,A0336,Judge,Courts,Regular,2024-08-11,159143.92,10482.83,3596.28,686298.44,34450.13,63009.4
D002279,A0337,Judge,Courts,Initial,2025-04-02,100772.89,6333.32,3442.41,51104.34,36530.95,233340.94
D002280,A0337,Judge,Courts,Regular,2024-09-15,115537.48,9051.96,3080.96,121221.82,59381.87,127776.32
D002281,A0337,Judge,Courts,Regular,2025-04-08,92664.26,6100.55,3232.48,24055.59,24874.58,120597.4
D002282,A0337,Judge,Courts,Regular,2021-04-13,93780.93,8917.79,5010.26,29687.97,29097.33,190509.27
D002283,A0337,Judge,Courts,Regular,2025-04-09,135298.77,4738.85,4581.56,605240.87,26213.62,42187.08
D002284,A0338,Judge,Courts,Initial,2018-10-02,81538.81,11819.5,5782.12,113692.51,6836.31,231247.48
D002285,A0338,Judge,Courts,Regular,2025-12-24,93505.76,9031.44,7999.13,169624.31,57345.26,27913.32
D002286,A0338,Judge,Courts,Regular,2020-05-27,84815.09,12003.55,7631.32,108110.07,10291.69,17804.56
D002287,A0338,Judge,Courts,Regular,2018-08-13,93957.84,13719.56,6703.0,126164.93,39626.41,51898.3
D002288,A0338,Judge,Courts,Regular,2025-12-25,125664.5,12360.22,8518.44,580346.4,22162.62,140363.4
D002289,A0339,Judge,Courts,Initial,2022-12-26,81295.52,10089.14,19861.03,116942.59,54049.95,105114.54
D002290,A0339,Judge,Courts,Regular,2018-04-02,90993.02,10467.5,22362.73,192916.44,55668.2,101643.5
D002291,A0339,Judge,Courts,Regular,2018-10-17,96835.36,14408.05,27689.52,60822.82,8294.44,151566.53
D002292,A0339,Judge,Courts,Regular,2023-01-23,96257.23,13957.73,20296.9,147489.11,13988.27,196571.2
D002293,A0339,Judge,Courts,Regular,2023-01-24,99528.45,14452.76,20637.59,501077.53,1541.58,108019.0
D002294,A0340,Judge,Courts,Initial,2022-07-10,62019.81,13331.68,16576.21,35965.99,11334.86,164205.59
D002295,A0340,Judge,Courts,Regular,2019-01-10,70044.12,15571.19,23772.75,102179.66,29981.06,163428.43
D002296,A0340,Judge,Courts,Regular,2021-01-12,70543.75,14663.54,15307.71,180762.32,9026.22,145241.09
D002297,A0340,Judge,Courts,Regular,2022-05-26,66583.16,19984.83,23707.55,95427.14,38123.31,53426.89
D002298,A0340,Judge,Courts,Regular,2022-07-11,70553.89,8237.83,23284.96,377176.37,34858.48,22498.6
D002299,A0341,Judge,Courts,Initial,2020-07-07,79435.55,11036.96,4962.23,97501.36,40451.55,214800.42
D002300,A0341,Judge,Courts,Regular,2021-09-27,88718.35,9426.03,6346.84,92047.9,47871.85,160962.31
D002301,A0341,Judge,Courts,Regular,2025-07-07,86771.66,7524.17,5656.94,176953.49,55573.63,140402.21
D002302,A0341,Judge,Courts,Regular,2021-03-05,91392.66,9671.85,5194.45,144070.99,56133.39,85861.65
D002303,A0341,Judge,Courts,Regular,2025-07-08,103823.88,7192.67,4684.08,322412.87,20281.07,77187.04
D002304,A0342,Judge,Courts,Initial,2024-06-08,123341.76,11599.95,4863.16,126063.23,16513.03,125234.76
D002305,A0342,Judge,Courts,Regular,2020-06-28,120847.23,10441.47,5819.69,45590.41,2465.28,87181.65
D002306,A0342,Judge,Courts,Regular,2020-11-24,125630.56,7555.49,7234.06,105441.86,36116.55,13629.97
D002307,A0342,Judge,Courts,Regular,2018-04-01,134069.0,6535.53,3890.04,42890.36,49781.78,117299.59
D002308,A0342,Judge,Courts,Regular,2024-06-09,176978.47,9949.82,6105.66,913392.12,48891.8,199715.8
D002309,A0343,Judge,Courts,Initial,2018-06-29,101473.48,2159.21,4266.88,143942.89,53666.55,293227.82
D002310,A0343,Judge,Courts,Regular,2020-11-08,101104.65,2183.05,3842.78,155951.77,42019.9,182001.95
D002311,A0343,Judge,Courts,Regular,2022-01-15,118919.68,1680.76,3422.41,28928.91,7474.16,19472.29
D002312,A0343,Judge,Courts,Regular,2021-07-26,111122.16,2964.68,5107.51,54720.02,47261.88,83278.17
D002313,A0343,Judge,Courts,Regular,2022-01-16,130091.81,2678.14,5959.02,599556.97,3920.01,103157.44
D002314,A0344,Judge,Courts,Initial,2022-06-30,89454.72,11464.69,10932.42,8366.18,32462.51,107113.57
D002315,A0344,Judge,Courts,Regular,2023-03-07,102872.78,7400.0,8434.35,88570.19,24821.97,169558.18
D002316,A0344,Judge,Courts,Regular,2019-03-05,101636.94,15359.64,12272.16,183823.34,37595.41,189436.99
D002317,A0344,Judge,Courts,Regular,2024-02-15,91839.18,13335.36,12215.96,183027.61,41932.84,116353.92
D002318,A0344,Judge,Courts,Regular,2024-02-16,118950.74,9304.92,11005.92,456894.21,41321.35,173346.45
D002319,A0345,Judge,Courts,Initial,2020-01-10,88835.22,19577.92,16071.59,9860.11,7447.01,291345.09
D002320,A0345,Judge,Courts,Regular,2018-08-28,102466.59,25080.22,24021.94,49279.3,55724.9,177830.76
D002321,A0345,Judge,Courts,Regular,2018-07-02,89313.0,11166.93,9299.12,136553.21,3712.03,166504.8
D002322,A0345,Judge,Courts,Regular,2024-01-12,100011.75,20659.4,14382.23,84249.77,14913.17,195172.85
D002323,A0345,Judge,Courts,Regular,2024-01-13,94165.78,21129.84,13301.71,335170.85,22738.98,1535.67
D002324,A0346,Judge,Courts,Initial,2022-03-22,95606.4,11448.0,16139.87,59742.68,58276.49,125870.46
D002325,A0346,Judge,Courts,Regular,2022-03-17,105618.54,8860.43,22644.72,172312.85,36803.43,86268.0
D002326,A0346,Judge,Courts,Regular,2022-08-09,87479.92,14758.5,12300.69,2871.02,47430.18,62148.42
D002327,A0346,Judge,Courts,Regular,2022-10-02,110860.74,11333.85,15221.45,107503.59,1751.05,90124.26
D002328,A0346,Judge,Courts,Regular,2022-10-03,139662.14,16768.54,11173.43,540058.09,36516.64,85030.29
D002329,A0347,Judge,Courts,Initial,2021-10-10,108223.06,5161.77,8088.73,76252.08,7848.37,282381.89
D002330,A0347,Judge,Courts,Regular,2025-11-09,106789.87,3140.41,9161.49,120730.09,20821.41,185070.46
D002331,A0347,Judge,Courts,Regular,2018-02-07,119958.52,6066.46,5340.7,37347.61,10494.47,58822.47
D002332,A0347,Judge,Courts,Regular,2023-01-26,111302.5,7130.23,9657.54,94789.69,24074.17,152761.78
D002333,A0347,Judge,Courts,Regular,2025-11-10,133556.57,3115.94,5475.08,709689.46,5994.88,74501.85
D002334,A0348,Judge,Courts,Initial,2024-01-08,80336.05,19130.91,10668.18,103413.9,23294.7,290713.37
D002335,A0348,Judge,Courts,Regular,2018-03-03,74913.72,20829.92,15810.01,96240.07,29672.05,111765.87
D002336,A0348,Judge,Courts,Regular,2020-03-13,93381.47,12872.98,11687.25,188353.71,26645.3,157118.7
D002337,A0348,Judge,Courts,Regular,2018-02-25,94739.95,14791.96,6773.33,143655.66,47551.7,170548.36
D002338,A0348,Judge,Courts,Regular,2024-01-09,100821.17,12382.95,6517.27,515710.06,12233.46,50245.7
D002339,A0349,Judge,Courts,Initial,2023-03-05,118449.79,6843.01,8601.67,139286.86,43769.77,285169.32
D002340,A0349,Judge,Courts,Regular,2024-03-19,119054.64,9025.93,5752.83,196680.21,56879.28,34965.69
D002341,A0349,Judge,Courts,Regular,2019-06-08,110990.04,7236.43,10762.23,100692.54,52719.0,72405.84
D002342,A0349,Judge,Courts,Regular,2021-01-04,108280.25,8046.15,7993.0,61100.62,22045.63,130441.41
D002343,A0349,Judge,Courts,Regular,2024-03-20,128800.55,4768.27,11870.78,604621.77,56667.86,30832.77
D002344,A0350,Judge,Courts,Initial,2018-12-14,74744.94,15395.02,12295.53,147295.8,58629.03,248547.99
D002345,A0350,Judge,Courts,Regular,2023-01-21,77100.64,19606.38,15543.49,48579.24,17608.19,128303.13
D002346,A0350,Judge,Courts,Regular,2019-11-13,78241.92,8170.21,16815.49,111017.77,22770.42,33943.19
D002347,A0350,Judge,Courts,Regular,2018-10-26,87400.89,13141.65,6302.88,108580.4,48071.77,13454.31
D002348,A0350,Judge,Courts,Regular,2023-01-22,117901.9,20424.6,9282.27,733222.12,11661.72,77322.6
D002349,A0351,Judge,Courts,Initial,2020-07-29,127886.09,6499.99,10906.37,165948.7,16005.92,226293.51
D002350,A0351,Judge,Courts,Regular,2021-06-05,115550.78,8825.94,14867.82,157567.85,44418.38,102940.44
D002351,A0351,Judge,Courts,Regular,2026-01-08,148575.0,6113.51,10962.61,102837.72,4017.65,84996.93
D002352,A0351,Judge,Courts,Regular,2019-12-07,125795.95,4903.55,12760.74,71892.89,15713.25,10697.44
D002353,A0351,Judge,Courts,Regular,2026-01-09,190763.78,8963.55,12961.51,971051.37,37172.46,90067.29
D002354,A0352,Judge,Courts,Initial,2019-05-21,40715.31,12835.74,13018.22,182069.66,43561.62,142886.28
D002355,A0352,Judge,Courts,Regular,2019-08-26,43198.51,18744.61,13180.85,51091.35,32332.0,77199.31
D002356,A0352,Judge,Courts,Regular,2024-12-23,43580.43,11880.57,14142.03,102898.49,9300.21,177344.96
D002357,A0352,Judge,Courts,Regular,2025-09-29,43958.5,10346.57,19335.75,96248.17,42184.65,167502.09
D002358,A0352,Judge,Courts,Exceptional,2023-01-15,46436.3,9675.49,9536.51,162044.77,51710.87,197299.14
D002359,A0352,Judge,Courts,Exceptional,2024-01-23,47793.65,11312.63,9797.94,53559.92,54273.51,166328.31
D002360,A0352,Judge,Courts,Regular,2025-09-30,56562.47,14021.67,8627.62,380107.0,34080.79,20640.67
D002361,A0353,Judge,Courts,Initial,2019-12-08,128533.05,13190.62,9999.38,78379.43,49014.68,276414.62
D002362,A0353,Judge,Courts,Regular,2023-10-19,149108.65,18785.47,12116.16,111409.17,12725.47,29141.14
D002363,A0353,Judge,Courts,Regular,2018-07-03,147152.9,6791.89,7299.74,177792.73,976.65,138332.99
D002364,A0353,Judge,Courts,Regular,2022-04-30,133467.79,11599.86,5452.76,5960.1,50476.5,119373.3
D002365,A0353,Judge,Courts,Regular,2023-10-20,199448.62,15521.87,12147.91,689072.24,32864.46,163565.97
D002366,A0354,Judge,Courts,Initial,2020-09-26,68371.59,1858.81,1234.24,144901.19,53864.46,98804.4
D002367,A0354,Judge,Courts,Regular,2025-03-11,80885.07,2025.42,1549.11,157233.76,16581.82,156607.68
D002368,A0354,Judge,Courts,Regular,2024-03-04,74692.84,1291.85,998.9,173270.91,35322.1,166411.51
D002369,A0354,Judge,Courts,Regular,2019-02-05,62249.65,1298.48,1571.3,3380.34,50118.06,80855.54
D002370,A0354,Judge,Courts,Exceptional,2022-02-24,82639.71,1447.92,1023.71,148438.9,22751.36,166818.23
D002371,A0354,Judge,Courts,Exceptional,2021-09-19,55365.44,2210.18,1155.14,194488.82,40106.52,84416.36
D002372,A0354,Judge,Courts,Regular,2025-03-12,72146.83,953.65,1416.05,216188.84,17945.45,17308.35
D002373,A0355,Judge,Courts,Initial,2024-11-20,114072.35,19862.35,4495.91,56438.51,48465.77,108634.43
D002374,A0355,Judge,Courts,Regular,2024-08-19,111866.11,22218.3,2436.59,123035.11,22037.06,112339.57
D002375,A0355,Judge,Courts,Regular,2020-03-08,117376.9,20820.41,3570.66,28165.34,32057.75,113493.61
D002376,A0355,Judge,Courts,Regular,2024-12-22,116533.68,17646.0,4312.09,3085.33,14044.79,86689.81
D002377,A0355,Judge,Courts,Regular,2024-12-23,175514.41,21168.35,4372.17,845548.35,39624.71,97059.01
D002378,A0356,Judge,Courts,Initial,2022-03-25,66408.44,7419.92,11827.24,36122.02,27212.06,167126.46
D002379,A0356,Judge,Courts,Regular,2018-04-06,73578.16,5466.6,6177.09,17395.09,25896.78,140308.44
D002380,A0356,Judge,Courts,Regular,2022-01-08,68823.42,10858.25,12087.16,111813.56,52360.91,76028.08
D002381,A0356,Judge,Courts,Regular,2021-05-24,79247.4,7815.37,5982.74,188721.62,53839.34,73708.75
D002382,A0356,Judge,Courts,Exceptional,2018-10-26,79157.7,6390.08,11951.39,194303.08,7066.71,97331.58
D002383,A0356,Judge,Courts,Exceptional,2021-04-06,76571.13,8688.45,7545.42,59359.57,36127.39,156811.67
D002384,A0356,Judge,Courts,Regular,2022-03-26,70256.35,8703.37,15786.83,376227.21,16819.85,121710.33
D002385,A0357,Judge,Courts,Initial,2023-01-15,123996.54,8714.85,3540.52,28182.65,56581.51,281535.41
D002386,A0357,Judge,Courts,Regular,2018-08-07,141771.3,12040.8,5004.22,52866.76,43884.68,53280.21
D002387,A0357,Judge,Courts,Regular,2019-06-25,115511.55,9181.55,4181.41,74569.68,50006.34,9074.29
D002388,A0357,Judge,Courts,Regular,2022-11-18,140593.56,5459.15,4761.73,28307.19,50673.85,73433.77
D002389,A0357,Judge,Courts,Regular,2023-01-16,176841.88,4514.83,4370.13,888908.07,23957.91,185068.15
D002390,A0358,Judge,Courts,Initial,2019-12-29,71000.87,19012.78,9187.16,42254.42,8160.75,191703.45
D002391,A0358,Judge,Courts,Regular,2023-08-23,67371.77,20153.36,7607.87,144223.9,47252.85,1011.37
D002392,A0358,Judge,Courts,Regular,2018-12-31,74241.53,21901.77,12976.08,103342.03,9655.07,52363.51
D002393,A0358,Judge,Courts,Regular,2023-01-28,69020.74,12096.88,8449.3,77897.21,56037.62,184839.2
D002394,A0358,Judge,Courts,Regular,2023-08-24,86896.9,18660.48,5134.87,551502.96,33747.5,139602.99
D002395,A0359,Judge,Courts,Initial,2025-05-14,39146.68,11487.22,19494.49,122083.68,50630.43,87047.58
D002396,A0359,Judge,Courts,Regular,2018-12-19,38931.18,10653.29,24319.99,8723.92,21763.64,189400.85
D002397,A0359,Judge,Courts,Regular,2022-12-10,35857.27,12285.72,13638.53,6565.61,4252.81,86037.59
D002398,A0359,Judge,Courts,Regular,2021-07-09,43223.64,5796.49,19179.98,181210.19,49798.63,130729.16
D002399,A0359,Judge,Courts,Regular,2025-05-15,52628.86,9330.59,23615.17,385826.17,13620.2,129171.95
D002400,A0360,Judge,Courts,Initial,2021-02-16,82190.3,8264.09,11106.66,42667.71,51447.8,215069.06
D002401,A0360,Judge,Courts,Regular,2023-04-19,92858.38,7548.58,13691.21,191867.23,47581.89,102934.08
D002402,A0360,Judge,Courts,Regular,2019-08-02,98071.21,5802.91,9005.89,107683.96,12793.04,154102.47
D002403,A0360,Judge,Courts,Regular,2018-10-17,74847.13,6878.12,7260.75,154936.64,39839.27,80656.34
D002404,A0360,Judge,Courts,Regular,2023-04-20,85579.2,11506.93,7922.78,329138.82,47440.07,71988.61
D002405,A0361,Judge,Courts,Initial,2024-02-14,106394.09,16477.13,6747.9,183679.25,25240.61,361073.34
D002406,A0361,Judge,Courts,Regular,2022-11-19,96996.87,15311.65,4681.4,109590.74,59383.59,199291.17
D002407,A0361,Judge,Courts,Regular,2021-05-12,125468.92,16532.82,7066.15,193534.6,19075.17,45570.3
D002408,A0361,Judge,Courts,Regular,2025-01-27,126684.95,13147.35,9548.31,108038.42,19850.9,10614.59
D002409,A0361,Judge,Courts,Regular,2025-01-28,165571.25,19849.8,6029.07,905805.15,20133.81,16012.32
D002410,A0362,Judge,Courts,Initial,2021-08-22,45945.58,11291.42,14583.73,1946.63,2040.86,182064.8
D002411,A0362,Judge,Courts,Regular,2019-03-15,41936.9,12747.38,11805.14,5511.27,59406.77,20343.34
D002412,A0362,Judge,Courts,Regular,2020-08-14,42725.66,6586.68,8751.95,155781.84,56484.23,18950.94
D002413,A0362,Judge,Courts,Regular,2025-09-13,41614.24,9355.33,11593.07,188485.9,40918.63,10796.68
D002414,A0362,Judge,Courts,Regular,2025-09-14,50582.13,5914.37,17749.67,364158.52,14028.47,163514.53
D002415,A0363,Judge,Courts,Initial,2021-07-09,99863.26,1663.16,3542.53,130.01,4961.58,200644.69
D002416,A0363,Judge,Courts,Regular,2024-05-06,100582.61,2431.5,1808.73,171986.32,45572.79,139927.21
D002417,A0363,Judge,Courts,Regular,2018-07-27,92241.89,1016.18,2531.49,143894.85,10985.57,175701.56
D002418,A0363,Judge,Courts,Regular,2025-05-05,110440.34,1809.85,3330.53,178119.35,20387.06,87612.34
D002419,A0363,Judge,Courts,Exceptional,2023-07-10,84878.43,1568.26,2448.82,25827.03,35697.63,9903.5
D002420,A0363,Judge,Courts,Exceptional,2021-12-20,115257.03,1812.65,3068.39,5610.07,13835.98,150199.22
D002421,A0363,Judge,Courts,Regular,2025-05-06,103803.64,847.75,3162.31,475863.24,37322.44,193966.94
D002422,A0364,Judge,Courts,Initial,2022-10-21,31220.48,13800.59,11579.56,600.84,20892.59,156232.5
D002423,A0364,Judge,Courts,Regular,2018-07-06,32842.22,16543.17,14593.92,12881.89,32565.66,125372.2
D002424,A0364,Judge,Courts,Regular,2019-01-20,37046.96,20569.58,9689.9,123074.72,53514.41,191968.87
D002425,A0364,Judge,Courts,Regular,2022-01-11,31340.13,17251.32,16319.11,137204.94,20428.06,9140.92
D002426,A0364,Judge,Courts,Regular,2022-10-22,31843.47,12524.82,11427.79,221105.4,782.89,3844.32
D002427,A0365,Judge,Courts,Initial,2025-10-19,124290.46,18176.66,10949.96,14737.55,23211.44,217481.59
D002428,A0365,Judge,Courts,Regular,2020-09-16,149003.72,18194.0,13078.5,25061.28,53385.81,43560.79
D002429,A0365,Judge,Courts,Regular,2020-03-04,133125.37,14340.95,11837.49,192636.03,22498.12,45005.66
D002430,A0365,Judge,Courts,Regular,2018-01-12,126501.48,17421.9,13783.4,169302.26,20050.46,1609.99
D002431,A0365,Judge,Courts,Exceptional,2021-11-26,150916.1,10413.02,7802.03,75896.59,15306.23,179768.79
D002432,A0365,Judge,Courts,Exceptional,2020-01-23,117197.77,17438.3,8264.71,116422.59,37664.18,132298.29
D002433,A0365,Judge,Courts,Regular,2025-10-20,166997.82,23249.74,7871.22,487422.29,19861.8,19049.78
D002434,A0366,Judge,Courts,Initial,2025-02-22,108745.49,11426.35,12863.02,178469.4,50335.82,203242.64
D002435,A0366,Judge,Courts,Regular,2024-01-25,116002.7,10443.74,9689.42,2788.9,53183.91,23329.65
D002436,A0366,Judge,Courts,Regular,2022-04-22,110678.4,8226.34,8181.92,185503.68,16895.39,135667.66
D002437,A0366,Judge,Courts,Regular,2023-02-13,108769.95,15727.89,13667.9,157990.88,32581.82,64655.52
D002438,A0366,Judge,Courts,Regular,2025-02-23,120885.93,7666.99,15910.87,430433.57,18701.09,79048.27
D002439,A0367,Judge,Courts,Initial,2021-12-19,114316.43,8381.61,16082.14,35836.19,508.28,277115.8
D002440,A0367,Judge,Courts,Regular,2023-11-03,109282.11,6335.11,23854.69,177985.63,41694.18,25216.47
D002441,A0367,Judge,Courts,Regular,2022-12-28,106812.73,10905.75,21579.88,45129.95,45116.06,1223.84
D002442,A0367,Judge,Courts,Regular,2020-02-14,117681.3,12215.65,9632.79,159052.34,43533.43,34183.36
D002443,A0367,Judge,Courts,Regular,2023-11-04,176759.65,10776.03,16440.03,763603.51,43367.36,137279.09
D002444,A0368,Judge,Courts,Initial,2024-08-07,73373.48,15456.05,10062.66,42287.2,22285.7,135377.2
D002445,A0368,Judge,Courts,Regular,2021-07-05,78560.44,14895.77,14820.4,33495.88,41443.91,76343.95
D002446,A0368,Judge,Courts,Regular,2023-10-18,67014.73,8506.14,15017.66,67933.88,14179.99,106995.6
D002447,A0368,Judge,Courts,Regular,2025-11-04,79328.64,11065.72,10540.52,75087.54,56556.29,101704.06
D002448,A0368,Judge,Courts,Regular,2025-11-05,112960.59,20150.14,7809.74,392772.98,18659.5,10684.09
D002449,A0369,Judge,Courts,Initial,2024-01-08,81391.36,3362.43,15079.86,32502.72,3238.46,227749.47
D002450,A0369,Judge,Courts,Regular,2019-06-07,88519.75,4501.22,10987.76,132497.07,9329.22,50392.4
D002451,A0369,Judge,Courts,Regular,2021-02-10,80058.45,5001.28,17414.72,146228.45,55473.29,172050.86
D002452,A0369,Judge,Courts,Regular,2019-03-26,74864.73,4956.01,21964.69,115454.87,42632.41,140220.16
D002453,A0369,Judge,Courts,Regular,2024-01-09,117320.08,4151.88,9463.83,574055.8,58720.53,55399.64
D002454,A0370,Judge,Courts,Initial,2019-02-27,44926.77,17047.51,2611.69,87781.34,21550.52,175932.18
D002455,A0370,Judge,Courts,Regular,2020-09-25,45460.46,11830.34,3652.48,151860.81,30200.29,83585.74
D002456,A0370,Judge,Courts,Regular,2018-07-12,45921.78,15272.4,1313.38,196872.24,3446.47,143049.46
D002457,A0370,Judge,Courts,Regular,2024-09-02,43544.95,22642.1,2499.17,71171.78,54185.6,19190.76
D002458,A0370,Judge,Courts,Regular,2024-09-03,48485.49,9734.77,1365.7,286613.68,35892.9,83142.11
D002459,A0371,Judge,Courts,Initial,2023-12-15,98578.77,14845.93,9393.53,75624.02,36487.11,116685.65
D002460,A0371,Judge,Courts,Regular,2020-06-12,92249.96,19079.36,7173.56,168429.37,44512.44,164235.59
D002461,A0371,Judge,Courts,Regular,2018-10-01,107059.17,13240.82,6113.64,16231.97,52118.06,187777.2
D002462,A0371,Judge,Courts,Regular,2022-09-16,103118.75,14862.07,8143.18,111436.01,22114.46,168247.71
D002463,A0371,Judge,Courts,Regular,2023-12-16,152249.66,14259.58,11771.43,837330.17,22989.88,140085.24
D002464,A0372,Judge,Courts,Initial,2020-11-09,38411.27,10242.9,7874.33,72334.1,18191.8,135734.55
D002465,A0372,Judge,Courts,Regular,2021-05-15,42129.79,9638.32,7334.82,195939.31,41091.47,120931.83
D002466,A0372,Judge,Courts,Regular,2020-02-12,42835.63,10934.84,6644.28,60460.17,36271.1,33454.97
D002467,A0372,Judge,Courts,Regular,2020-02-17,36062.14,6851.92,4997.75,176412.84,7048.27,59103.54
D002468,A0372,Judge,Courts,Exceptional,2020-06-05,45821.39,11937.74,11178.67,147768.8,56450.3,110961.05
D002469,A0372,Judge,Courts,Exceptional,2021-08-06,35848.37,6671.26,9285.23,170030.07,38173.93,190991.96
D002470,A0372,Judge,Courts,Regular,2021-08-07,50713.65,10171.12,11703.84,350484.81,37061.96,147981.06
D002471,A0373,Judge,Courts,Initial,2020-12-15,44751.89,4802.04,6222.7,164132.12,5078.12,137708.51
D002472,A0373,Judge,Courts,Regular,2020-06-22,42975.42,4028.12,4601.2,26795.58,57941.63,197864.78
D002473,A0373,Judge,Courts,Regular,2023-03-03,53354.66,3297.37,5386.57,11520.64,31897.73,44982.57
D002474,A0373,Judge,Courts,Regular,2020-12-03,53020.72,6959.91,3327.49,137904.87,4652.9,141281.17
D002475,A0373,Judge,Courts,Regular,2023-03-04,62700.83,4799.68,3285.52,309570.71,16024.57,172713.42
D002476,A0374,Judge,Courts,Initial,2026-01-30,69040.43,13796.58,13502.79,99875.9,47763.96,237146.78
D002477,A0374,Judge,Courts,Regular,2021-01-03,77085.28,19904.9,19122.47,67100.71,11962.1,193410.87
D002478,A0374,Judge,Courts,Regular,2022-11-24,69814.76,13412.87,18326.61,78605.49,55871.6,118929.45
D002479,A0374,Judge,Courts,Regular,2023-08-22,70054.8,18030.66,12569.86,181188.95,7588.39,35416.64
D002480,A0374,Judge,Courts,Regular,2026-01-31,69956.98,16524.73,6858.33,445624.23,50326.31,123665.08
D002481,A0375,Judge,Courts,Initial,2022-04-11,80804.56,16295.32,3707.3,79820.19,8555.72,163320.51
D002482,A0375,Judge,Courts,Regular,2022-06-15,80047.1,15426.52,2271.99,184527.59,812.77,174023.15
D002483,A0375,Judge,Courts,Regular,2021-02-05,76038.11,14143.4,4513.28,197459.83,15941.71,76961.19
D002484,A0375,Judge,Courts,Regular,2021-03-17,74000.15,19028.01,2835.24,108892.35,11724.8,158527.71
D002485,A0375,Judge,Courts,Exceptional,2022-08-29,97635.26,13052.51,3027.88,61789.25,43103.66,11167.31
D002486,A0375,Judge,Courts,Exceptional,2024-05-09,81315.62,18866.48,3551.21,20849.97,54447.62,180733.38
D002487,A0375,Judge,Courts,Regular,2024-05-10,82258.44,18668.19,4563.2,292930.95,31849.81,71253.57
D002488,A0376,Judge,Courts,Initial,2020-05-06,123192.12,1588.02,14597.79,89326.83,54969.01,202380.18
D002489,A0376,Judge,Courts,Regular,2022-01-25,141017.24,1838.83,18088.48,35243.64,53350.81,101097.19
D002490,A0376,Judge,Courts,Regular,2023-03-02,120473.08,2134.52,16794.56,135742.52,2916.57,99444.02
D002491,A0376,Judge,Courts,Regular,2025-03-17,146532.35,2175.1,20929.71,135341.09,41490.06,82184.43
D002492,A0376,Judge,Courts,Regular,2025-03-18,178035.17,1028.38,20508.98,812210.9,7923.41,85994.94
D002493,A0377,Judge,Courts,Initial,2025-01-21,70673.76,3899.58,68.11,55731.47,3716.72,198160.08
D002494,A0377,Judge,Courts,Regular,2025-11-08,71177.88,2544.48,63.97,107401.98,1475.2,187210.18
D002495,A0377,Judge,Courts,Regular,2021-08-26,77368.2,4516.83,37.16,5063.45,9118.98,171266.97
D002496,A0377,Judge,Courts,Regular,2019-12-31,79073.09,2206.04,46.74,92622.94,50800.91,38973.51
D002497,A0377,Judge,Courts,Regular,2025-11-09,96295.07,2833.86,73.12,357162.53,46154.36,43523.34
D002498,A0378,Judge,Courts,Initial,2021-11-17,110612.3,13882.56,9887.54,32895.68,2104.94,210481.42
D002499,A0378,Judge,Courts,Regular,2021-12-08,123084.52,14133.79,8807.48,181296.84,1607.34,128975.07
D002500,A0378,Judge,Courts,Regular,2024-06-15,123650.87,18823.98,12696.52,68793.88,43148.19,193272.04
D002501,A0378,Judge,Courts,Regular,2021-12-13,127002.18,18877.59,11695.83,181908.92,8901.52,30155.26
D002502,A0378,Judge,Courts,Regular,2024-06-16,164680.58,10090.39,11033.99,646891.43,36203.38,34861.27
D002503,A0379,Judge,Courts,Initial,2022-09-30,115286.41,13823.8,16566.11,156342.46,13323.57,197692.8
D002504,A0379,Judge,Courts,Regular,2022-10-15,106770.47,11750.34,8858.87,79419.2,54443.88,110245.42
D002505,A0379,Judge,Courts,Regular,2023-02-24,105333.56,9503.0,18340.91,157582.44,7247.59,101133.28
D002506,A0379,Judge,Courts,Regular,2019-10-11,132455.95,9675.32,8922.08,2831.89,7480.88,79285.14
D002507,A0379,Judge,Courts,Regular,2023-02-25,173758.88,18297.55,17454.42,1031475.38,33496.55,112044.13
D002508,A0380,Judge,Courts,Initial,2023-12-28,100608.7,19273.15,9859.9,158751.16,37816.01,305206.84
D002509,A0380,Judge,Courts,Regular,2020-11-23,114070.67,18858.32,8127.63,150750.33,7861.45,41964.04
D002510,A0380,Judge,Courts,Regular,2020-06-06,120191.75,28571.9,6326.45,32277.16,42724.25,3377.47
D002511,A0380,Judge,Courts,Regular,2019-03-11,113317.02,15265.05,14761.64,69221.22,59423.37,171612.87
D002512,A0380,Judge,Courts,Regular,2023-12-29,143911.98,22453.3,11687.22,637890.79,10718.29,191670.86
D002513,A0381,Judge,Courts,Initial,2020-09-19,67702.69,16421.06,12358.65,198611.62,12663.81,259085.04
D002514,A0381,Judge,Courts,Regular,2025-02-15,76985.19,16072.74,16050.65,13333.82,38865.26,106314.53
D002515,A0381,Judge,Courts,Regular,2021-01-17,68992.15,21232.15,9587.59,165534.63,378.77,133800.48
D002516,A0381,Judge,Courts,Regular,2020-07-27,78334.15,23806.89,15722.3,130640.23,19437.53,2710.41
D002517,A0381,Judge,Courts,Regular,2025-02-16,76629.36,14538.66,11138.76,315646.84,47072.7,132794.04
D002518,A0382,Judge,Courts,Initial,2021-07-28,112817.19,9470.53,7307.5,12651.51,43829.85,207622.28
D002519,A0382,Judge,Courts,Regular,2020-10-26,120782.44,12304.89,10499.3,131937.65,22097.25,85623.81
D002520,A0382,Judge,Courts,Regular,2026-01-29,110594.74,5469.17,9254.42,134646.09,19796.9,54323.84
D002521,A0382,Judge,Courts,Regular,2024-05-21,133124.69,5600.15,8921.7,118485.01,12691.2,64208.11
D002522,A0382,Judge,Courts,Regular,2026-01-30,137033.59,6486.01,7140.6,538894.36,8225.27,50724.19
D002523,A0383,Judge,Courts,Initial,2021-06-13,45829.57,298.18,12454.99,130405.79,5765.64,82570.34
D002524,A0383,Judge,Courts,Regular,2018-10-28,54181.56,319.52,15592.37,85999.29,56798.09,80706.73
D002525,A0383,Judge,Courts,Regular,2023-12-19,49035.76,284.43,6680.05,190978.21,28473.99,14838.67
D002526,A0383,Judge,Courts,Regular,2022-10-13,47991.12,293.37,7222.68,120388.42,46229.47,26370.32
D002527,A0383,Judge,Courts,Regular,2023-12-20,64389.17,157.53,18173.62,299246.42,57830.08,106953.03
D002528,A0384,Judge,Courts,Initial,2025-10-31,84469.66,7048.34,16813.2,187193.88,56442.28,302592.96
D002529,A0384,Judge,Courts,Regular,2025-10-09,83847.14,4336.76,9948.3,153992.68,19728.94,37675.22
D002530,A0384,Judge,Courts,Regular,2023-10-01,93054.66,9061.61,19115.5,36337.8,7481.35,9136.14
D002531,A0384,Judge,Courts,Regular,2019-05-11,90874.83,6004.99,8802.03,69821.09,48453.25,54457.49
D002532,A0384,Judge,Courts,Regular,2025-11-01,116910.26,9159.6,13183.1,709842.57,2996.5,28056.09
D002533,A0385,Judge,Courts,Initial,2023-01-18,76426.72,6123.41,10895.11,152503.06,29784.71,165422.25
D002534,A0385,Judge,Courts,Regular,2021-06-21,89071.07,3606.85,14340.32,77131.38,20853.52,138125.24
D002535,A0385,Judge,Courts,Regular,2018-05-19,74674.98,5086.26,5698.73,48852.78,18884.08,44118.16
D002536,A0385,Judge,Courts,Regular,2020-03-26,69646.95,7587.6,16070.85,113009.26,36987.52,192577.21
D002537,A0385,Judge,Courts,Regular,2023-01-19,81466.76,6950.0,12530.18,322623.04,41756.73,44548.03
D002538,A0386,Judge,Courts,Initial,2022-08-21,99472.15,11871.29,14380.32,35849.25,20985.87,184028.77
D002539,A0386,Judge,Courts,Regular,2025-07-25,95683.36,9493.58,21389.98,170665.07,36844.89,183233.03
D002540,A0386,Judge,Courts,Regular,2024-12-17,114888.51,15913.42,18168.82,122344.81,20920.86,56338.59
D002541,A0386,Judge,Courts,Regular,2025-05-16,102494.85,9479.66,11941.52,52345.04,54067.59,184669.15
D002542,A0386,Judge,Courts,Regular,2025-07-26,117818.29,8991.29,8239.83,643343.11,36719.2,79104.39
D002543,A0387,Judge,Courts,Initial,2020-07-16,88908.83,15059.63,4849.16,141137.44,51463.49,220710.68
D002544,A0387,Judge,Courts,Regular,2024-06-12,103514.35,20738.22,3703.76,105164.91,40561.3,131476.53
D002545,A0387,Judge,Courts,Regular,2024-04-18,84587.96,10911.14,5301.69,100100.85,7698.22,144590.01
D002546,A0387,Judge,Courts,Regular,2026-02-11,104961.65,22413.66,5668.71,106635.72,46232.22,104476.99
D002547,A0387,Judge,Courts,Regular,2026-02-12,103291.18,11282.33,2927.01,343098.87,53652.97,114201.39
D002548,A0388,Judge,Courts,Initial,2020-02-29,99127.19,2302.87,9574.74,8670.35,19609.41,239937.59
D002549,A0388,Judge,Courts,Regular,2021-03-21,107958.35,2957.74,8335.24,94523.53,35136.31,171828.7
D002550,A0388,Judge,Courts,Regular,2019-05-30,90323.48,1174.83,7676.75,113337.0,50895.39,76300.29
D002551,A0388,Judge,Courts,Regular,2018-09-20,93627.07,2558.35,10212.17,164592.1,8486.11,147459.34
D002552,A0388,Judge,Courts,Regular,2021-03-22,107237.41,1415.8,11813.69,441497.96,51508.3,172863.83
D002553,A0389,Judge,Courts,Initial,2022-10-29,89490.56,3806.29,11647.01,125600.89,50374.97,206249.0
D002554,A0389,Judge,Courts,Regular,2018-11-20,105313.33,4223.02,16822.72,52218.29,21629.77,59668.93
D002555,A0389,Judge,Courts,Regular,2020-11-28,99220.77,3412.53,8400.84,14495.8,56072.93,110146.01
D002556,A0389,Judge,Courts,Regular,2018-07-16,104301.73,3032.18,7961.51,165762.71,9454.28,134149.7
D002557,A0389,Judge,Courts,Exceptional,2020-10-15,80313.43,3644.6,7956.2,81315.49,39361.4,3743.31
D002558,A0389,Judge,Courts,Exceptional,2020-08-08,101271.35,4621.62,10664.99,148290.3,40487.83,131606.55
D002559,A0389,Judge,Courts,Regular,2022-10-30,131448.98,3959.58,6149.86,461442.14,54096.39,189908.16
D002560,A0390,Judge,Courts,Initial,2025-05-02,100784.64,2817.37,17207.11,76285.82,34954.0,333113.65
D002561,A0390,Judge,Courts,Regular,2019-01-03,110257.38,4147.95,16142.92,57209.27,27948.97,37664.73
D002562,A0390,Judge,Courts,Regular,2018-06-03,99840.23,3779.42,9609.23,45676.18,47636.35,166943.04
D002563,A0390,Judge,Courts,Regular,2018-07-12,95645.72,3705.02,19091.32,56066.18,23450.61,36234.81
D002564,A0390,Judge,Courts,Regular,2025-05-03,144918.2,3532.67,21659.9,701041.5,8008.59,198803.26
D002565,A0391,Judge,Courts,Initial,2020-07-29,53377.31,2725.84,2688.84,80254.53,59490.39,164098.44
D002566,A0391,Judge,Courts,Regular,2018-03-31,51553.83,2054.3,2604.0,13544.16,41535.48,134065.5
D002567,A0391,Judge,Courts,Regular,2022-10-19,60582.93,2358.4,3537.94,87507.92,25612.09,155181.14
D002568,A0391,Judge,Courts,Regular,2024-11-02,57807.01,3409.77,2191.91,179729.0,3399.93,55598.8
D002569,A0391,Judge,Courts,Regular,2024-11-03,55172.39,3929.47,1809.7,268414.58,34903.27,153916.49
D002570,A0392,Judge,Courts,Initial,2023-02-21,47062.73,580.87,5417.06,183579.96,47544.23,114420.39
D002571,A0392,Judge,Courts,Regular,2018-10-06,55720.6,754.87,7093.64,159432.65,55036.28,3277.1
D002572,A0392,Judge,Courts,Regular,2023-02-04,52489.53,846.68,6294.18,26480.55,3127.15,74659.98
D002573,A0392,Judge,Courts,Regular,2022-12-05,53853.76,709.94,7672.14,51788.7,52985.87,92513.99
D002574,A0392,Judge,Courts,Regular,2023-02-22,49931.4,823.29,6187.33,160903.11,19266.9,52090.02
D002575,A0393,Judge,Courts,Initial,2024-01-08,108665.97,12014.4,17245.31,185131.86,3002.79,302775.31
D002576,A0393,Judge,Courts,Regular,2022-12-11,102822.55,14148.62,19468.62,67895.68,52332.59,12817.8
D002577,A0393,Judge,Courts,Regular,2019-09-30,108122.36,6489.02,25105.47,156388.22,20594.53,78840.58
D002578,A0393,Judge,Courts,Regular,2023-12-27,106984.28,9067.54,17368.33,147899.52,56829.26,97093.56
D002579,A0393,Judge,Courts,Regular,2024-01-09,138095.08,15251.34,9938.63,445105.85,7799.44,17190.54
D002580,A0394,Judge,Courts,Initial,2024-11-20,83091.59,19320.21,839.27,139377.82,58951.21,287189.66
D002581,A0394,Judge,Courts,Regular,2018-07-24,91474.1,26871.61,1173.98,90882.92,2969.03,164875.83
D002582,A0394,Judge,Courts,Regular,2021-04-08,92071.77,25076.42,1202.29,119652.85,21151.31,117551.39
D002583,A0394,Judge,Courts,Regular,2024-12-12,90168.92,23076.92,569.2,63667.89,53144.97,152863.62
D002584,A0394,Judge,Courts,Regular,2024-12-13,91699.72,12405.6,832.75,386374.28,15271.63,44062.41
D002585,A0395,Judge,Courts,Initial,2020-12-03,46354.98,7214.33,5785.23,28868.39,22540.83,96568.19
D002586,A0395,Judge,Courts,Regular,2024-08-18,53944.26,6366.65,8435.52,181754.33,44402.27,301.55
D002587,A0395,Judge,Courts,Regular,2024-01-20,53073.49,5067.03,4569.73,60408.38,52632.55,166702.77
D002588,A0395,Judge,Courts,Regular,2021-06-02,48703.37,7348.26,5834.83,116022.12,19835.62,54192.42
D002589,A0395,Judge,Courts,Exceptional,2019-11-12,37323.28,6306.7,6844.6,153191.05,41061.28,14274.29
D002590,A0395,Judge,Courts,Exceptional,2021-07-06,41475.34,8526.41,5766.92,124782.81,54226.42,79452.19
D002591,A0395,Judge,Courts,Regular,2024-08-19,64006.79,5116.43,8374.86,216713.32,18991.94,46634.29
D002592,A0396,Judge,Courts,Initial,2022-06-24,122128.19,9483.31,15895.81,32003.59,21521.56,283604.23
D002593,A0396,Judge,Courts,Regular,2021-12-01,129800.42,6086.01,17558.29,5555.39,22133.13,145025.55
D002594,A0396,Judge,Courts,Regular,2019-10-08,115444.46,7452.34,9081.85,184812.11,57303.01,153720.99
D002595,A0396,Judge,Courts,Regular,2020-06-13,111455.71,10350.2,12967.87,132968.1,34893.94,46518.28
D002596,A0396,Judge,Courts,Regular,2022-06-25,171104.65,12445.55,18212.66,893937.14,37345.38,59331.8
D002597,A0397,Judge,Courts,Initial,2021-10-23,47988.54,8629.29,1519.96,132649.07,37410.14,139063.38
D002598,A0397,Judge,Courts,Regular,2019-02-02,45990.27,10560.97,1098.98,107661.95,51080.0,8721.88
D002599,A0397,Judge,Courts,Regular,2024-06-08,50883.68,11658.1,1830.59,31406.78,49135.32,16741.59
D002600,A0397,Judge,Courts,Regular,2019-09-14,44548.16,11466.91,1948.75,74422.64,17764.35,132549.26
D002601,A0397,Judge,Courts,Regular,2024-06-09,68467.04,8960.02,2081.93,247846.27,32147.13,198286.79
D002602,A0398,Judge,Courts,Initial,2021-06-05,30843.61,15271.52,2194.71,65343.32,33376.32,67749.54
D002603,A0398,Judge,Courts,Regular,2019-07-02,35505.67,17924.48,1190.8,77653.43,34201.04,100495.23
D002604,A0398,Judge,Courts,Regular,2023-08-02,31851.37,15644.41,1634.07,62735.68,19637.53,147349.79
D002605,A0398,Judge,Courts,Regular,2022-05-08,33660.92,11938.8,3007.22,149786.87,46504.25,23750.39
D002606,A0398,Judge,Courts,Regular,2023-08-03,33236.48,12159.1,1493.04,139136.89,42891.54,87223.74
D002607,A0399,Judge,Courts,Initial,2019-04-07,37510.37,3660.43,6112.77,12792.77,17059.33,97209.54
D002608,A0399,Judge,Courts,Regular,2021-02-26,42004.93,5262.46,8662.01,113670.39,51712.34,173168.22
D002609,A0399,Judge,Courts,Regular,2019-01-04,39060.22,4081.37,3994.23,152070.28,35287.65,118812.29
D002610,A0399,Judge,Courts,Regular,2024-11-15,36884.16,4358.31,3646.48,32176.73,41898.54,22178.73
D002611,A0399,Judge,Courts,Regular,2024-11-16,38793.52,5033.77,5637.49,127296.49,41291.33,33618.3
D002612,A0400,Judge,Courts,Initial,2018-01-16,30538.26,18724.92,14959.91,107848.27,11603.51,176716.29
D002613,A0400,Judge,Courts,Regular,2021-08-10,33272.74,15478.72,10164.67,48854.36,31767.61,46988.66
D002614,A0400,Judge,Courts,Regular,2025-12-17,27501.95,16015.02,17789.02,184980.97,50547.08,123188.89
D002615,A0400,Judge,Courts,Regular,2025-05-27,34615.31,23730.22,8414.17,90220.37,32038.91,86439.11
D002616,A0400,Judge,Courts,Regular,2025-12-18,44395.67,26843.35,20312.49,431025.51,33348.6,177907.08
D002617,A0401,Judge,Courts,Initial,2018-12-08,80160.17,17859.14,13463.5,176552.79,12230.8,223263.8
D002618,A0401,Judge,Courts,Regular,2023-09-03,80229.64,10966.31,15228.64,108466.2,48679.52,165430.3
D002619,A0401,Judge,Courts,Regular,2022-07-07,76401.45,17053.26,10068.44,110430.0,57907.93,21732.03
D002620,A0401,Judge,Courts,Regular,2018-11-01,76710.2,20784.89,17382.75,40225.02,13536.53,121754.76
D002621,A0401,Judge,Courts,Exceptional,2024-01-24,98162.08,21986.2,9744.96,179542.3,27665.2,120017.33
D002622,A0401,Judge,Courts,Exceptional,2018-09-17,85304.64,14740.34,19359.11,147256.64,42019.03,81212.12
D002623,A0401,Judge,Courts,Regular,2024-01-25,123237.58,17734.27,8010.4,672237.75,45331.06,144670.33
D002624,A0402,Judge,Courts,Initial,2018-11-04,46704.81,12696.08,18686.65,104529.33,51378.04,118220.54
D002625,A0402,Judge,Courts,Regular,2024-12-19,43819.89,14050.74,27217.52,23355.78,55093.25,138958.71
D002626,A0402,Judge,Courts,Regular,2021-12-14,55624.55,11667.69,25287.31,128650.3,32461.07,59781.72
D002627,A0402,Judge,Courts,Regular,2025-05-30,49004.73,15672.35,9654.2,143238.1,43913.06,140299.04
D002628,A0402,Judge,Courts,Regular,2025-05-31,66206.82,16783.91,19319.5,463194.69,36698.13,70780.37
D002629,A0403,Judge,Courts,Initial,2020-07-04,43836.58,8964.35,6160.96,101445.96,33930.26,94336.54
D002630,A0403,Judge,Courts,Regular,2024-10-03,43040.89,8383.06,7001.69,152799.26,44290.45,177318.89
D002631,A0403,Judge,Courts,Regular,2024-06-30,50784.5,4683.65,4732.34,95035.9,45889.93,82401.15
D002632,A0403,Judge,Courts,Regular,2024-08-14,52452.17,7211.93,7790.35,114818.86,23781.44,4318.74
D002633,A0403,Judge,Courts,Exceptional,2024-09-04,45092.16,10631.73,6148.82,111829.99,41135.04,170121.65
D002634,A0403,Judge,Courts,Exceptional,2021-03-10,43959.94,5156.9,6216.77,160545.54,48118.96,169395.98
D002635,A0403,Judge,Courts,Regular,2024-10-04,46796.72,8624.09,4860.84,208921.32,56623.43,68672.54
D002636,A0404,Judge,Courts,Initial,2021-07-18,88152.5,16168.55,2136.36,76164.13,46584.34,167656.45
D002637,A0404,Judge,Courts,Regular,2018-02-10,100291.15,10779.01,2435.47,161240.71,52550.3,65333.4
D002638,A0404,Judge,Courts,Regular,2019-12-02,82464.92,22435.95,1135.26,79694.32,57670.77,7816.9
D002639,A0404,Judge,Courts,Regular,2022-06-28,87003.29,17814.98,1198.94,167973.46,10748.49,106928.26
D002640,A0404,Judge,Courts,Regular,2022-06-29,115660.49,20536.84,1069.34,565049.84,34388.06,37990.78
D002641,A0405,Judge,Courts,Initial,2019-03-11,34114.9,9649.35,13335.15,108171.42,14217.67,125539.02
D002642,A0405,Judge,Courts,Regular,2024-03-16,34261.25,14322.03,9822.17,29875.46,57607.88,157660.56
D002643,A0405,Judge,Courts,Regular,2018-02-22,31186.92,6878.58,15730.9,144040.77,45586.34,80659.41
D002644,A0405,Judge,Courts,Regular,2024-08-22,39797.81,12337.22,11413.43,40661.15,54669.63,190063.11
D002645,A0405,Judge,Courts,Regular,2024-08-23,36102.26,7343.73,14206.37,268287.91,58724.87,132993.29
D002646,A0406,Judge,Courts,Initial,2023-12-15,59418.97,8976.51,1035.73,152234.0,54838.84,157600.58
D002647,A0406,Judge,Courts,Regular,2023-04-18,56364.76,12371.31,1350.22,6246.0,37861.4,40808.98
D002648,A0406,Judge,Courts,Regular,2022-03-06,69316.19,5591.25,757.04,183786.8,18180.97,193785.79
D002649,A0406,Judge,Courts,Regular,2019-06-23,64198.39,12909.5,925.31,54851.75,20576.65,84387.89
D002650,A0406,Judge,Courts,Regular,2023-12-16,73710.51,12715.64,688.59,241407.31,22669.79,157479.49
D002651,A0407,Judge,Courts,Initial,2020-01-25,62360.73,6883.86,11947.13,174448.54,8215.62,229417.95
D002652,A0407,Judge,Courts,Regular,2020-01-11,58461.02,3496.41,8792.03,186374.03,38850.98,58979.04
D002653,A0407,Judge,Courts,Regular,2018-05-01,60962.97,5557.36,16735.14,60714.8,17314.42,157093.47
D002654,A0407,Judge,Courts,Regular,2022-03-06,67298.84,7577.63,9871.41,19277.78,49445.37,46352.05
D002655,A0407,Judge,Courts,Regular,2022-03-07,62589.22,9158.54,17555.7,262124.92,43719.25,43632.27
D002656,A0408,Judge,Courts,Initial,2018-10-06,112889.95,17989.42,1127.13,148204.46,23663.19,409138.11
D002657,A0408,Judge,Courts,Regular,2026-01-16,127987.83,13255.12,1441.38,28637.28,58194.63,98930.7
D002658,A0408,Judge,Courts,Regular,2022-10-10,127759.84,18638.33,1178.5,49276.15,20790.3,64197.0
D002659,A0408,Judge,Courts,Regular,2025-07-28,112480.01,14836.3,767.51,133718.68,10218.67,168339.63
D002660,A0408,Judge,Courts,Exceptional,2021-07-04,96035.66,11075.29,1129.79,97850.71,36896.87,89725.34
D002661,A0408,Judge,Courts,Exceptional,2018-08-13,109276.81,9934.21,1523.52,9432.72,18510.83,18549.23
D002662,A0408,Judge,Courts,Regular,2026-01-17,143250.81,14522.07,1095.14,429628.23,38317.71,71324.4
D002663,A0409,Judge,Courts,Initial,2021-12-30,73836.04,10578.49,14867.0,146449.73,6728.1,196170.2
D002664,A0409,Judge,Courts,Regular,2024-07-06,73103.89,13813.15,15923.69,39887.76,17363.1,180260.4
D002665,A0409,Judge,Courts,Regular,2020-04-12,67264.2,7736.77,15023.77,6057.03,11714.14,105970.23
D002666,A0409,Judge,Courts,Regular,2022-09-22,68294.19,13619.97,17667.66,47929.19,38658.58,183688.83
D002667,A0409,Judge,Courts,Regular,2024-07-07,92758.33,5685.25,14486.91,311660.65,10504.95,182721.74
D002668,A0410,Judge,Courts,Initial,2018-09-14,109440.39,9598.38,9504.36,1928.54,49632.6,211890.0
D002669,A0410,Judge,Courts,Regular,2021-07-07,104456.67,9072.1,7657.94,65342.95,39653.63,185316.43
D002670,A0410,Judge,Courts,Regular,2026-03-05,105930.4,12594.69,12205.96,10000.51,30713.04,172695.4
D002671,A0410,Judge,Courts,Regular,2021-12-30,112445.26,9390.73,7532.56,173871.31,29793.84,147044.13
D002672,A0410,Judge,Courts,Regular,2026-03-06,134320.56,6359.75,12441.89,479471.28,3918.26,62078.33
D002673,A0411,Judge,Courts,Initial,2021-10-30,69605.38,11753.22,11511.84,177731.76,37746.3,263740.86
D002674,A0411,Judge,Courts,Regular,2018-08-04,75374.09,12636.06,14853.68,137898.75,6729.93,106453.2
D002675,A0411,Judge,Courts,Regular,2024-03-19,69750.53,8554.87,5951.18,181184.17,49959.62,136751.63
D002676,A0411,Judge,Courts,Regular,2021-10-26,66063.7,14154.07,11975.79,81919.75,31324.03,180920.42
D002677,A0411,Judge,Courts,Exceptional,2021-04-22,69252.56,14528.41,11679.91,103340.56,37155.19,187832.61
D002678,A0411,Judge,Courts,Exceptional,2025-07-07,77090.47,11257.48,10023.49,34139.31,54650.32,74187.05
D002679,A0411,Judge,Courts,Regular,2025-07-08,101977.32,11638.95,13067.19,498716.91,45254.02,25283.68
D002680,A0412,Judge,Courts,Initial,2025-05-28,41116.19,11846.72,3583.0,14291.42,44711.54,143479.91
D002681,A0412,Judge,Courts,Regular,2025-06-06,47436.51,15857.91,4729.57,59847.95,32426.87,127859.55
D002682,A0412,Judge,Courts,Regular,2023-01-25,48090.07,11397.99,5110.19,150122.55,31747.25,183180.82
D002683,A0412,Judge,Courts,Regular,2020-12-11,48419.75,15529.68,4621.74,158961.01,12366.64,99267.95
D002684,A0412,Judge,Courts,Regular,2025-06-07,54020.23,10558.01,3666.74,203951.24,43567.17,127639.06
D002685,A0413,Judge,Courts,Initial,2023-07-07,80277.75,15039.71,16978.43,22815.39,4914.96,323753.81
D002686,A0413,Judge,Courts,Regular,2024-01-16,74171.5,21736.29,14203.46,2271.3,49263.97,147577.7
D002687,A0413,Judge,Courts,Regular,2024-12-03,88065.28,20551.26,22814.08,114571.73,50755.39,166678.9
D002688,A0413,Judge,Courts,Regular,2022-12-29,83521.22,8226.63,13847.99,112054.8,25513.53,84591.69
D002689,A0413,Judge,Courts,Regular,2024-12-04,119924.33,13139.73,19151.73,410527.08,44670.81,107692.21
D002690,A0414,Judge,Courts,Initial,2019-05-13,102191.24,19223.7,237.77,167226.9,19105.01,256084.06
D002691,A0414,Judge,Courts,Regular,2019-05-15,109620.74,24745.99,137.87,49723.96,51458.94,25130.05
D002692,A0414,Judge,Courts,Regular,2024-06-07,122162.23,15520.71,272.57,63029.82,7275.75,144701.39
D002693,A0414,Judge,Courts,Regular,2018-06-23,109568.45,22877.82,196.9,107002.3,6063.86,100457.7
D002694,A0414,Judge,Courts,Exceptional,2021-03-06,98499.08,26515.62,190.06,142926.73,12395.04,13935.76
D002695,A0414,Judge,Courts,Exceptional,2021-11-06,129408.14,24896.12,245.13,41128.32,45451.56,27972.18
D002696,A0414,Judge,Courts,Regular,2024-06-08,129161.8,13784.02,201.79,476794.46,24056.59,49069.21
D002697,A0415,Judge,Courts,Initial,2022-10-29,109847.92,1207.07,142.29,66772.68,19305.43,268932.18
D002698,A0415,Judge,Courts,Regular,2019-01-06,110948.09,1757.05,135.23,49262.05,39039.69,172154.84
D002699,A0415,Judge,Courts,Regular,2022-03-19,106752.69,1191.8,97.6,69343.47,52633.24,20252.4
D002700,A0415,Judge,Courts,Regular,2021-04-03,106973.17,1758.12,158.43,132004.93,50299.15,182202.71
D002701,A0415,Judge,Courts,Regular,2022-10-30,121824.24,637.54,93.68,428511.48,59806.11,130031.38
D002702,A0416,Judge,Courts,Initial,2025-08-29,64311.54,4987.48,3541.78,16441.36,48434.28,172276.54
D002703,A0416,Judge,Courts,Regular,2022-08-16,59357.18,6949.06,3979.02,139313.57,57533.98,64665.96
D002704,A0416,Judge,Courts,Regular,2020-04-18,64339.11,6843.78,4019.26,59922.62,49694.13,8570.74
D002705,A0416,Judge,Courts,Regular,2022-03-10,76466.45,2680.64,4141.33,109372.59,8122.14,196025.84
D002706,A0416,Judge,Courts,Exceptional,2019-08-08,67096.44,3533.78,2246.63,171443.01,52341.75,52659.42
D002707,A0416,Judge,Courts,Exceptional,2020-11-27,73200.43,4754.5,3644.03,115802.32,35518.66,158849.39
D002708,A0416,Judge,Courts,Regular,2025-08-30,100064.84,5363.26,3807.89,469557.81,29717.83,52025.55
D002709,A0417,Judge,Courts,Initial,2021-02-13,121744.27,17205.34,12533.92,138411.08,215.63,274258.59
D002710,A0417,Judge,Courts,Regular,2024-11-18,128165.58,21769.24,17186.12,150879.76,21036.3,171135.72
D002711,A0417,Judge,Courts,Regular,2020-08-29,139926.47,21797.78,13005.67,178551.33,8147.09,98192.0
D002712,A0417,Judge,Courts,Regular,2023-02-01,119280.73,11984.31,14311.28,84963.65,33167.75,111990.13
D002713,A0417,Judge,Courts,Exceptional,2019-03-09,143509.65,23040.42,16554.32,155131.93,45940.0,7022.96
D002714,A0417,Judge,Courts,Exceptional,2021-06-03,155048.09,18764.96,15792.83,180229.17,30435.43,41109.29
D002715,A0417,Judge,Courts,Regular,2024-11-19,156068.36,19818.83,10768.45,584816.74,43937.89,42889.81
D002716,A0418,Judge,Courts,Initial,2021-11-30,77489.63,278.49,5021.38,46509.64,505.72,233412.72
D002717,A0418,Judge,Courts,Regular,2020-03-01,81658.21,316.62,4615.3,4638.41,32697.07,79179.6
D002718,A0418,Judge,Courts,Regular,2021-11-29,75889.64,185.71,2709.13,52393.21,39312.53,34077.14
D002719,A0418,Judge,Courts,Regular,2020-08-10,90533.59,309.46,6146.98,71219.9,27709.52,1464.56
D002720,A0418,Judge,Courts,Regular,2021-12-01,80571.46,155.01,5976.15,341260.36,50331.94,54422.28
D002721,A0419,Judge,Courts,Initial,2024-11-28,45956.1,7424.63,15615.66,168037.74,38594.79,157004.22
D002722,A0419,Judge,Courts,Regular,2021-06-21,42722.5,8421.69,10063.4,150130.57,32639.17,93123.22
D002723,A0419,Judge,Courts,Regular,2024-08-02,51427.5,7855.41,10166.16,77954.92,15345.56,186660.37
D002724,A0419,Judge,Courts,Regular,2022-07-25,44182.47,5029.86,9027.86,99201.78,17912.84,28830.61
D002725,A0419,Judge,Courts,Regular,2024-11-29,53263.53,10320.78,17890.65,364295.54,25152.96,21576.46
D002726,A0420,Judge,Courts,Initial,2019-09-04,35161.77,3848.38,7651.44,86324.23,41252.54,100165.94
D002727,A0420,Judge,Courts,Regular,2024-02-16,35858.21,4596.73,5125.2,186850.02,9086.79,7029.58
D002728,A0420,Judge,Courts,Regular,2024-09-01,35181.68,4973.73,6816.85,160517.53,43286.5,14015.69
D002729,A0420,Judge,Courts,Regular,2022-01-16,33719.37,5612.61,8289.51,1995.28,27890.78,120983.04
D002730,A0420,Judge,Courts,Exceptional,2019-01-28,36830.77,2449.73,11135.25,112617.16,739.46,159706.01
D002731,A0420,Judge,Courts,Exceptional,2020-06-04,38947.57,2268.52,9584.46,6921.46,27088.26,32049.54
D002732,A0420,Judge,Courts,Regular,2024-09-02,37464.66,4004.38,6738.43,198437.17,30558.97,176919.9
D002733,A0421,Judge,Courts,Initial,2022-07-28,79561.43,3712.76,499.03,164725.48,18972.8,212537.28
D002734,A0421,Judge,Courts,Regular,2019-04-04,95444.92,2268.34,332.95,161548.62,57864.78,94792.2
D002735,A0421,Judge,Courts,Regular,2018-01-26,82460.36,2993.94,452.66,196650.08,8681.99,45116.58
D002736,A0421,Judge,Courts,Regular,2021-05-20,78601.97,4776.53,699.84,36733.43,8653.48,129589.16
D002737,A0421,Judge,Courts,Exceptional,2021-11-03,70852.78,5240.07,384.2,16456.43,57260.99,182772.48
D002738,A0421,Judge,Courts,Exceptional,2025-06-14,92705.98,4022.18,401.77,164658.57,47870.18,94892.07
D002739,A0421,Judge,Courts,Regular,2025-06-15,88168.12,4147.24,353.44,259789.13,38493.17,70624.45
D002740,A0422,Judge,Courts,Initial,2025-08-05,122294.93,9406.5,1578.06,93123.74,49100.47,109778.1
D002741,A0422,Judge,Courts,Regular,2019-07-03,119984.1,7947.98,1881.11,116869.22,21045.33,76452.99
D002742,A0422,Judge,Courts,Regular,2019-06-23,113945.93,10111.72,963.31,191016.52,32221.44,184437.47
D002743,A0422,Judge,Courts,Regular,2019-01-08,116329.24,8746.79,2179.05,198673.54,42187.12,146501.37
D002744,A0422,Judge,Courts,Regular,2025-08-06,187225.91,7104.72,1666.43,703922.17,54498.06,102739.03
D002745,A0423,Judge,Courts,Initial,2023-09-25,51389.39,7587.38,1175.75,1934.32,31531.13,93292.13
D002746,A0423,Judge,Courts,Regular,2020-08-03,53007.98,8781.25,1735.9,195344.14,6572.13,6505.8
D002747,A0423,Judge,Courts,Regular,2021-04-09,55804.43,8097.66,688.7,60155.11,3021.11,114256.12
D002748,A0423,Judge,Courts,Regular,2026-02-22,58030.31,10874.92,1491.48,188477.53,12096.0,121585.89
D002749,A0423,Judge,Courts,Regular,2026-02-23,55331.7,5291.29,971.21,198659.34,32419.95,101972.3
D002750,A0424,Judge,Courts,Initial,2020-02-07,124454.89,781.45,3154.41,44800.29,57927.85,206256.64
D002751,A0424,Judge,Courts,Regular,2019-08-30,138683.17,398.33,1785.14,33299.94,44608.82,98333.6
D002752,A0424,Judge,Courts,Regular,2019-08-31,144350.99,671.49,2614.54,175729.85,45681.75,395.67
D002753,A0424,Judge,Courts,Regular,2018-03-26,112687.94,796.3,2361.6,58338.16,42859.04,80661.22
D002754,A0424,Judge,Courts,Regular,2020-02-08,132760.75,394.5,3205.38,415739.73,46688.7,199854.46
D002755,A0425,Judge,Courts,Initial,2025-01-15,41911.1,15966.42,462.85,190988.99,51023.68,138756.11
D002756,A0425,Judge,Courts,Regular,2019-09-16,48035.14,10200.37,460.29,186763.76,44529.87,116394.45
D002757,A0425,Judge,Courts,Regular,2023-12-19,49602.67,17198.55,444.26,143272.17,2683.77,1781.28
D002758,A0425,Judge,Courts,Regular,2026-03-22,41955.17,16658.2,621.45,16440.1,51274.19,181948.19
D002759,A0425,Judge,Courts,Regular,2026-03-23,67057.12,14186.29,250.23,319505.34,35803.51,168231.5
D002760,A0426,Judge,Courts,Initial,2019-01-29,57733.0,4382.36,8691.24,178063.72,43380.75,125094.76
D002761,A0426,Judge,Courts,Regular,2023-11-14,67242.44,3586.27,10100.55,111059.19,22162.8,51827.58
D002762,A0426,Judge,Courts,Regular,2023-08-16,54410.84,4703.73,11340.82,30016.25,1090.27,127184.39
D002763,A0426,Judge,Courts,Regular,2025-06-15,52168.2,3782.06,7161.08,47834.7,24772.38,5994.27
D002764,A0426,Judge,Courts,Regular,2025-06-16,90413.91,4852.19,6521.76,358731.81,42243.22,172646.04
D002765,A0427,Judge,Courts,Initial,2025-12-03,44826.98,1073.37,1171.2,27589.64,52874.07,117337.59
D002766,A0427,Judge,Courts,Regular,2024-01-18,52585.41,1275.93,763.87,27554.55,13349.53,89347.67
D002767,A0427,Judge,Courts,Regular,2021-03-29,53364.01,696.93,1628.77,28147.68,31852.71,100159.42
D002768,A0427,Judge,Courts,Regular,2018-10-14,47026.38,1276.05,1645.35,93513.8,47380.12,71702.2
D002769,A0427,Judge,Courts,Regular,2025-12-04,55897.08,708.18,1675.47,165335.2,27266.03,1684.25
D002770,A0428,Judge,Courts,Initial,2022-09-11,91975.49,19849.81,11200.27,27897.85,42073.17,186567.25
D002771,A0428,Judge,Courts,Regular,2018-10-12,100115.56,25532.84,16515.4,69190.31,1073.94,133111.73
D002772,A0428,Judge,Courts,Regular,2022-06-17,85935.16,10554.28,10804.32,34578.61,3322.88,85294.11
D002773,A0428,Judge,Courts,Regular,2018-04-07,84261.94,12461.45,8314.0,28664.85,5199.96,17946.21
D002774,A0428,Judge,Courts,Regular,2022-09-12,142049.27,13904.87,15726.08,448863.9,59412.31,125429.34
D002775,A0429,Judge,Courts,Initial,2022-11-18,38957.13,587.3,18088.99,189300.78,42919.81,132809.64
D002776,A0429,Judge,Courts,Regular,2021-08-24,37683.87,772.24,25165.5,182689.28,45235.16,62411.31
D002777,A0429,Judge,Courts,Regular,2026-02-19,35599.07,807.73,20894.44,178766.73,58708.16,83792.38
D002778,A0429,Judge,Courts,Regular,2020-06-15,45020.38,469.75,23971.84,5030.64,37322.35,66579.26
D002779,A0429,Judge,Courts,Exceptional,2023-08-07,45174.27,762.64,26826.61,192807.78,18547.66,169068.86
D002780,A0429,Judge,Courts,Exceptional,2020-11-28,35740.8,621.56,16675.44,98233.81,24589.94,33815.39
D002781,A0429,Judge,Courts,Regular,2026-02-20,60933.66,738.16,22601.35,297715.52,27530.84,190542.81
D002782,A0430,Judge,Courts,Initial,2022-06-28,128686.56,10187.76,16946.08,140718.47,23245.61,356382.35
D002783,A0430,Judge,Courts,Regular,2019-09-18,148861.75,7906.33,9770.91,185319.56,52759.26,176774.83
D002784,A0430,Judge,Courts,Regular,2022-08-02,148721.82,9596.85,22983.28,53912.5,37412.72,94661.0
D002785,A0430,Judge,Courts,Regular,2018-11-26,141390.17,10984.25,19303.48,72321.12,2189.97,194993.45
D002786,A0430,Judge,Courts,Exceptional,2023-09-22,122465.09,10856.33,25307.64,194710.86,7533.24,62641.4
D002787,A0430,Judge,Courts,Exceptional,2021-01-18,155176.37,8227.63,13679.53,83855.23,44335.24,75680.74
D002788,A0430,Judge,Courts,Regular,2023-09-23,140450.6,6219.25,9945.33,690505.38,25969.42,50555.56
D002789,A0431,Judge,Courts,Initial,2021-03-05,65628.03,7138.34,11496.64,34413.51,58193.79,134265.46
D002790,A0431,Judge,Courts,Regular,2025-03-17,75177.44,9040.11,6910.35,142051.49,29583.46,39112.96
D002791,A0431,Judge,Courts,Regular,2024-03-04,60646.36,4616.74,8611.88,171434.91,25742.07,61344.6
D002792,A0431,Judge,Courts,Regular,2021-10-13,72397.59,9201.0,11501.73,172800.02,48377.49,144803.13
D002793,A0431,Judge,Courts,Regular,2025-03-18,76544.37,9289.63,11920.18,234037.39,24309.1,173234.27
D002794,A0432,Judge,Courts,Initial,2025-05-13,114674.22,16331.17,19859.27,36348.97,9659.87,291395.88
D002795,A0432,Judge,Courts,Regular,2021-02-16,106036.79,20025.41,14837.54,5861.52,42493.98,10191.54
D002796,A0432,Judge,Courts,Regular,2024-11-08,128801.2,16786.69,10012.87,189193.62,29800.28,20096.02
D002797,A0432,Judge,Courts,Regular,2026-03-10,125288.24,16416.69,10979.62,11690.83,9789.34,199900.5
D002798,A0432,Judge,Courts,Regular,2026-03-11,155590.53,17160.12,21690.82,913594.35,57477.98,16036.38
D002799,A0433,Judge,Courts,Initial,2023-07-27,33243.37,264.13,5956.28,187357.36,48797.48,93839.63
D002800,A0433,Judge,Courts,Regular,2019-02-10,35800.06,255.31,6863.01,82988.18,46840.46,20992.46
D002801,A0433,Judge,Courts,Regular,2025-01-25,37475.29,365.58,3904.87,197538.96,21286.71,143057.8
D002802,A0433,Judge,Courts,Regular,2018-07-28,37117.14,200.31,6443.71,56979.07,58690.96,93331.87
D002803,A0433,Judge,Courts,Regular,2025-01-26,50543.27,375.39,6722.77,190532.2,57492.26,68145.22
D002804,A0434,Judge,Courts,Initial,2018-01-15,46564.85,2387.6,9450.96,33293.56,31709.07,113562.76
D002805,A0434,Judge,Courts,Regular,2023-04-16,43830.58,2311.15,11912.5,143011.77,28076.9,189098.68
D002806,A0434,Judge,Courts,Regular,2019-03-10,47869.85,2513.01,9564.24,155839.45,28198.9,166957.91
D002807,A0434,Judge,Courts,Regular,2019-06-16,54393.66,2809.83,13033.97,117615.73,59270.65,50262.84
D002808,A0434,Judge,Courts,Regular,2023-04-17,49934.68,1666.46,7927.92,279290.95,26844.52,83845.06
D002809,A0435,Judge,Courts,Initial,2021-12-12,119967.03,139.48,15965.38,109405.98,40424.18,253689.94
D002810,A0435,Judge,Courts,Regular,2023-03-22,139178.49,139.55,8217.87,130266.37,40147.78,58632.04
D002811,A0435,Judge,Courts,Regular,2019-07-07,115646.56,124.87,10955.81,194055.57,7292.5,117016.04
D002812,A0435,Judge,Courts,Regular,2022-04-24,129653.1,176.22,16787.37,169383.19,15574.9,133276.36
D002813,A0435,Judge,Courts,Exceptional,2022-12-18,136896.79,119.47,14958.45,138018.71,14754.47,169940.89
D002814,A0435,Judge,Courts,Exceptional,2022-02-02,137781.02,200.8,23043.18,17888.54,3295.12,23088.02
D002815,A0435,Judge,Courts,Regular,2023-03-23,149232.19,111.33,10300.73,510076.61,28820.56,1929.24
D002816,A0436,Judge,Courts,Initial,2020-05-17,34642.07,18820.34,16267.4,104536.35,15481.66,106599.39
D002817,A0436,Judge,Courts,Regular,2025-11-18,38952.14,11527.58,16888.71,44426.28,8217.21,108365.86
D002818,A0436,Judge,Courts,Regular,2021-04-14,36409.39,13558.0,8299.94,182574.94,44315.41,120137.4
D002819,A0436,Judge,Courts,Regular,2018-11-02,39637.95,15364.79,11852.97,29472.02,22098.06,14253.65
D002820,A0436,Judge,Courts,Regular,2025-11-19,42223.03,24608.4,17081.58,254494.76,17448.1,142583.03
D002821,A0437,Judge,Courts,Initial,2019-05-01,96774.66,18714.36,17250.04,46534.51,32997.04,182627.63
D002822,A0437,Judge,Courts,Regular,2021-02-05,113577.18,17228.65,21885.25,31093.62,30333.86,161676.96
D002823,A0437,Judge,Courts,Regular,2022-10-05,111935.07,11645.56,16774.95,110361.91,19257.1,152983.67
D002824,A0437,Judge,Courts,Regular,2019-04-01,91069.28,23775.26,24250.67,181521.47,19770.95,19696.11
D002825,A0437,Judge,Courts,Regular,2022-10-06,118381.5,19889.39,17365.43,743027.65,15575.84,75276.11
D002826,A0438,Judge,Courts,Initial,2021-04-13,34561.44,13428.93,11971.16,32155.23,44061.12,95017.82
D002827,A0438,Judge,Courts,Regular,2022-11-18,38968.5,18029.36,10412.65,56036.72,46389.85,93712.76
D002828,A0438,Judge,Courts,Regular,2018-05-31,34818.27,12643.92,6312.59,40714.84,49614.6,92769.05
D002829,A0438,Judge,Courts,Regular,2022-01-21,35089.62,10253.99,13794.83,106311.73,38473.04,45976.03
D002830,A0438,Judge,Courts,Regular,2022-11-19,35830.57,8026.51,9793.01,262945.73,31804.58,155263.34
D002831,A0439,Judge,Courts,Initial,2019-10-26,59650.69,1457.92,6034.28,169335.23,42340.67,111666.88
D002832,A0439,Judge,Courts,Regular,2024-04-23,56777.16,1107.38,7553.36,137050.24,24169.6,29500.11
D002833,A0439,Judge,Courts,Regular,2023-01-21,57012.99,1481.53,4828.98,9138.65,24997.17,50134.33
D002834,A0439,Judge,Courts,Regular,2018-02-12,61654.7,2029.96,7139.72,28763.37,56735.72,171933.36
D002835,A0439,Judge,Courts,Regular,2024-04-24,93403.87,1032.57,6326.88,344380.34,28553.28,138325.71
D002836,A0440,Judge,Courts,Initial,2025-10-13,42538.03,17862.33,8624.75,100789.94,28511.01,192480.47
D002837,A0440,Judge,Courts,Regular,2018-05-04,48459.3,18166.21,12386.23,198729.63,35479.31,46751.19
D002838,A0440,Judge,Courts,Regular,2018-08-24,47139.65,22866.86,11017.43,51941.65,20811.19,5079.87
D002839,A0440,Judge,Courts,Regular,2023-11-20,50325.77,19719.73,5561.15,40002.96,25087.2,16761.6
D002840,A0440,Judge,Courts,Regular,2025-10-14,57754.26,16958.0,12519.21,389358.15,18856.24,136362.29
D002841,A0441,Judge,Courts,Initial,2019-10-13,71149.39,1155.46,9473.8,119075.75,27802.4,179415.02
D002842,A0441,Judge,Courts,Regular,2022-11-23,82189.04,1255.63,12909.52,48248.01,46875.38,51934.39
D002843,A0441,Judge,Courts,Regular,2020-01-12,74212.87,1571.79,11838.26,26047.58,43718.56,36052.48
D002844,A0441,Judge,Courts,Regular,2025-12-02,67792.5,1668.13,6131.68,20657.49,45694.6,167183.32
D002845,A0441,Judge,Courts,Regular,2025-12-03,98950.96,1144.02,10485.1,486055.59,6396.48,32876.34
D002846,A0442,Judge,Courts,Initial,2018-05-13,45761.46,17660.82,7438.98,57790.02,50228.98,142362.4
D002847,A0442,Judge,Courts,Regular,2022-03-16,43597.7,10659.46,6879.8,115716.97,12439.82,171295.58
D002848,A0442,Judge,Courts,Regular,2020-01-04,43755.01,24698.46,9275.49,198980.36,59036.82,158942.69
D002849,A0442,Judge,Courts,Regular,2018-02-26,42498.51,26125.62,5699.31,135721.65,16118.26,165765.05
D002850,A0442,Judge,Courts,Exceptional,2024-02-16,37187.44,10092.32,7175.29,177411.83,1159.61,43207.53
D002851,A0442,Judge,Courts,Exceptional,2018-11-26,45762.88,12256.93,10318.56,7867.53,20546.0,2156.06
D002852,A0442,Judge,Courts,Regular,2024-02-17,46664.74,19132.01,5271.84,234780.33,27530.28,50761.04
D002853,A0443,Judge,Courts,Initial,2020-09-16,87757.21,17056.23,17260.51,88113.92,33792.08,244494.68
D002854,A0443,Judge,Courts,Regular,2024-03-24,79121.8,12319.59,18344.84,148286.59,45373.92,65019.28
D002855,A0443,Judge,Courts,Regular,2018-09-07,83095.73,14494.28,21205.01,163524.73,33002.5,21745.14
D002856,A0443,Judge,Courts,Regular,2024-10-08,84746.71,18842.21,10826.15,140142.87,59478.39,98651.26
D002857,A0443,Judge,Courts,Regular,2024-10-09,92338.48,23790.16,10664.8,649438.74,20883.7,9551.6
D002858,A0444,Judge,Courts,Initial,2019-12-05,86321.22,8584.76,2508.77,86089.42,25186.88,173304.85
D002859,A0444,Judge,Courts,Regular,2023-02-02,100037.99,9039.45,2016.36,195446.1,35286.73,52955.0
D002860,A0444,Judge,Courts,Regular,2025-01-10,92874.32,4493.22,3067.69,101133.1,32767.89,60270.53
D002861,A0444,Judge,Courts,Regular,2018-01-12,88531.8,8543.22,2166.04,82556.66,52262.24,33929.23
D002862,A0444,Judge,Courts,Regular,2025-01-11,120768.95,12210.67,2671.96,397390.99,10305.44,9291.49
D002863,A0445,Judge,Courts,Initial,2024-01-30,37775.43,7428.07,16505.59,59858.62,48830.88,103493.35
D002864,A0445,Judge,Courts,Regular,2024-06-02,44354.44,8057.84,11114.09,31375.49,57427.1,49453.24
D002865,A0445,Judge,Courts,Regular,2019-12-11,34072.24,4960.26,14153.89,8147.4,48575.25,181173.64
D002866,A0445,Judge,Courts,Regular,2021-09-19,37896.91,10944.71,10126.55,176947.25,13574.53,67528.92
D002867,A0445,Judge,Courts,Regular,2024-06-03,54047.13,10380.45,11983.66,306525.65,30257.62,110876.8
D002868,A0446,Judge,Courts,Initial,2022-06-03,99514.26,4163.02,3872.82,155152.97,11564.89,307991.26
D002869,A0446,Judge,Courts,Regular,2019-10-31,107239.42,2632.13,5080.54,5330.46,33859.84,148083.78
D002870,A0446,Judge,Courts,Regular,2025-03-27,96443.99,2607.41,5677.24,53893.16,16213.37,32338.46
D002871,A0446,Judge,Courts,Regular,2024-07-02,91280.42,5328.99,4846.28,78564.36,54460.41,122345.71
D002872,A0446,Judge,Courts,Regular,2025-03-28,156319.72,2572.35,2876.45,537589.53,11885.27,96224.42
D002873,A0447,Judge,Courts,Initial,2024-05-08,67169.53,3201.06,18128.29,76786.16,35717.85,220819.69
D002874,A0447,Judge,Courts,Regular,2020-04-12,78622.34,2694.97,26938.34,19557.78,7946.35,79104.64
D002875,A0447,Judge,Courts,Regular,2018-11-08,74618.44,1920.24,15814.7,144509.42,7686.53,84710.44
D002876,A0447,Judge,Courts,Regular,2021-01-27,69993.05,2084.35,24528.43,125911.06,23918.51,76619.03
D002877,A0447,Judge,Courts,Regular,2024-05-09,72887.01,1681.85,20318.38,249382.97,48519.09,45713.73
D002878,A0448,Judge,Courts,Initial,2019-11-12,89309.15,13196.9,17587.19,180477.15,18924.3,167962.47
D002879,A0448,Judge,Courts,Regular,2025-11-28,83215.44,11267.94,12843.43,66372.98,595.99,18817.43
D002880,A0448,Judge,Courts,Regular,2020-05-09,99663.53,8440.39,19027.35,21013.49,14265.77,168263.24
D002881,A0448,Judge,Courts,Regular,2023-10-21,103188.3,13000.45,19192.54,127542.25,15655.7,121092.93
D002882,A0448,Judge,Courts,Exceptional,2025-10-07,104547.48,17947.38,11490.16,18684.86,32715.37,141639.2
D002883,A0448,Judge,Courts,Exceptional,2020-11-07,99503.01,15511.71,21111.87,107940.13,6567.68,36066.54
D002884,A0448,Judge,Courts,Regular,2025-11-29,139018.85,6696.42,22364.94,591706.29,2486.84,98541.86
D002885,A0449,Judge,Courts,Initial,2019-01-26,87458.11,19232.85,17612.55,151510.74,35334.7,227049.46
D002886,A0449,Judge,Courts,Regular,2022-01-06,101607.27,27748.31,11728.71,93453.99,32574.1,57967.22
D002887,A0449,Judge,Courts,Regular,2022-11-10,85925.94,26607.11,14680.83,100691.24,47063.28,147048.18
D002888,A0449,Judge,Courts,Regular,2023-12-13,83752.65,23825.99,11832.05,154967.51,41968.24,142120.29
D002889,A0449,Judge,Courts,Regular,2023-12-14,108685.81,12922.57,21833.51,640033.12,28935.3,131692.43
D002890,A0450,Judge,Courts,Initial,2022-05-24,66241.26,18479.56,17245.27,127529.59,19132.93,286807.45
D002891,A0450,Judge,Courts,Regular,2019-11-23,70655.23,12429.6,23618.72,1724.57,6377.37,36670.21
D002892,A0450,Judge,Courts,Regular,2026-03-07,75431.86,26496.47,15619.65,151386.59,59331.42,89444.43
D002893,A0450,Judge,Courts,Regular,2024-03-12,67788.44,20123.91,12967.62,36056.02,762.74,170216.33
D002894,A0450,Judge,Courts,Exceptional,2019-10-28,61130.21,14294.43,13580.19,114679.53,35641.3,157612.2
D002895,A0450,Judge,Courts,Exceptional,2024-10-16,76249.18,16955.09,11558.49,138724.81,2385.45,81981.87
D002896,A0450,Judge,Courts,Regular,2026-03-08,66251.07,26214.37,24002.92,406949.51,3156.93,116142.49
D002897,A0451,Judge,Courts,Initial,2018-12-12,48511.15,9544.28,5700.81,7867.62,43030.59,74820.45
D002898,A0451,Judge,Courts,Regular,2024-06-12,46856.04,8310.54,3995.08,123837.39,8068.13,59575.73
D002899,A0451,Judge,Courts,Regular,2023-03-15,45022.9,13835.75,4117.08,170435.59,41689.67,83974.4
D002900,A0451,Judge,Courts,Regular,2018-03-29,57220.33,6142.38,5620.16,7454.37,23998.46,80046.66
D002901,A0451,Judge,Courts,Regular,2024-06-13,70293.51,12702.99,3163.34,259051.41,52218.5,78184.46
D002902,A0452,Judge,Courts,Initial,2019-01-05,82572.16,18787.86,206.47,114488.58,13696.15,157275.98
D002903,A0452,Judge,Courts,Regular,2022-12-27,94780.34,21775.78,280.26,134659.34,12335.16,173469.34
D002904,A0452,Judge,Courts,Regular,2020-03-22,93797.86,11548.26,235.97,158512.84,15538.51,142510.26
D002905,A0452,Judge,Courts,Regular,2022-11-18,81738.27,27029.93,250.94,77817.88,16561.31,163425.47
D002906,A0452,Judge,Courts,Exceptional,2020-03-16,85039.69,18110.03,239.19,77672.3,21720.73,190204.39
D002907,A0452,Judge,Courts,Exceptional,2018-05-10,83480.03,22405.4,266.35,120881.03,10803.64,194935.61
D002908,A0452,Judge,Courts,Regular,2022-12-28,123137.68,25927.24,270.24,597944.35,51500.88,20017.35
D002909,A0453,Judge,Courts,Initial,2018-06-18,31977.28,1730.85,16924.62,123944.51,33877.92,123183.73
D002910,A0453,Judge,Courts,Regular,2019-11-22,31533.1,1244.82,13669.21,154299.13,4666.16,99242.05
D002911,A0453,Judge,Courts,Regular,2020-06-16,31356.94,1606.93,14136.14,39274.12,49434.88,114519.9
D002912,A0453,Judge,Courts,Regular,2023-01-12,34250.28,2591.84,11263.47,174829.29,46362.65,73944.62
D002913,A0453,Judge,Courts,Regular,2023-01-13,48133.48,1102.23,17930.14,254823.1,41292.86,34591.32
D002914,A0454,Judge,Courts,Initial,2021-10-13,103394.22,5324.41,13056.74,195850.57,192.77,210640.75
D002915,A0454,Judge,Courts,Regular,2025-01-07,120525.7,5227.02,18848.79,34876.22,23448.89,55705.43
D002916,A0454,Judge,Courts,Regular,2021-08-08,117256.18,5874.98,17433.74,6500.28,46860.75,95391.12
D002917,A0454,Judge,Courts,Regular,2018-11-15,101176.94,4937.54,10507.08,169285.99,38105.46,147407.84
D002918,A0454,Judge,Courts,Regular,2025-01-08,131658.73,7753.32,13351.17,536591.0,27422.19,79235.86
D002919,A0455,Judge,Courts,Initial,2023-03-30,84223.22,9027.45,13036.5,171227.82,52708.22,208034.23
D002920,A0455,Judge,Courts,Regular,2019-06-23,92968.2,8013.66,9566.71,110690.54,48548.11,192935.14
D002921,A0455,Judge,Courts,Regular,2018-10-03,85092.65,7194.28,15565.67,103893.44,48988.59,149308.96
D002922,A0455,Judge,Courts,Regular,2024-05-28,76648.81,5053.66,12421.33,184900.56,10016.23,168624.66
D002923,A0455,Judge,Courts,Exceptional,2023-10-19,80351.71,4883.94,12442.33,168251.53,33725.97,4086.77
D002924,A0455,Judge,Courts,Exceptional,2020-08-25,82679.45,11310.48,12103.15,67492.19,2190.3,141177.58
D002925,A0455,Judge,Courts,Regular,2024-05-29,106670.75,12772.45,14237.69,510180.35,1622.99,96609.4
D002926,A0456,Judge,Courts,Initial,2026-03-30,51099.03,16348.47,9420.06,158291.69,54285.81,92988.46
D002927,A0456,Judge,Courts,Regular,2020-01-22,52437.26,22689.26,9188.09,114927.21,16872.56,16256.45
D002928,A0456,Judge,Courts,Regular,2018-03-08,57809.83,15565.73,10805.22,86181.58,13081.8,151985.5
D002929,A0456,Judge,Courts,Regular,2025-08-01,55153.15,21685.45,8357.58,150285.97,34358.47,40870.07
D002930,A0456,Judge,Courts,Regular,2026-03-31,56285.38,16594.3,10530.85,215373.6,45356.33,197482.28
D002931,A0457,Judge,Courts,Initial,2019-07-24,114383.46,15976.4,12753.61,169632.11,50630.55,313687.57
D002932,A0457,Judge,Courts,Regular,2019-04-29,126775.86,8925.74,14640.02,112206.89,45899.65,152968.47
D002933,A0457,Judge,Courts,Regular,2024-02-11,132604.24,18896.79,12023.87,81426.99,12355.96,167787.18
D002934,A0457,Judge,Courts,Regular,2018-10-13,116747.28,10590.1,18249.55,135233.21,52779.59,94913.31
D002935,A0457,Judge,Courts,Regular,2024-02-12,154203.77,10821.0,17051.29,855529.54,4805.53,199039.26
D002936,A0458,Judge,Courts,Initial,2020-08-13,123048.87,9810.76,11237.05,83735.91,19371.49,200162.96
D002937,A0458,Judge,Courts,Regular,2023-03-15,114082.44,12141.19,15979.7,106778.69,49341.51,61592.2
D002938,A0458,Judge,Courts,Regular,2020-12-10,117079.12,10667.36,7391.0,41249.37,41727.36,107112.45
D002939,A0458,Judge,Courts,Regular,2025-06-16,119397.43,13580.81,13198.72,47481.06,19610.1,137417.58
D002940,A0458,Judge,Courts,Regular,2025-06-17,174163.05,6013.55,9650.29,951528.56,58703.69,89928.23
D002941,A0459,Judge,Courts,Initial,2023-12-13,89881.44,1270.19,6799.57,107721.65,11391.06,305024.7
D002942,A0459,Judge,Courts,Regular,2019-10-28,106741.13,980.02,7217.14,102525.94,46546.43,131737.79
D002943,A0459,Judge,Courts,Regular,2020-10-01,102780.95,1520.89,8722.56,138747.57,49321.56,15068.94
D002944,A0459,Judge,Courts,Regular,2026-02-16,95421.12,1161.31,6813.16,185484.6,23181.88,75381.03
D002945,A0459,Judge,Courts,Regular,2026-02-17,125653.73,1496.03,5737.07,634666.42,34793.9,151121.05
D002946,A0460,Judge,Courts,Initial,2025-05-02,35180.5,7592.27,17018.28,176496.87,34855.13,71423.23
D002947,A0460,Judge,Courts,Regular,2023-09-25,32645.61,3807.32,24497.52,154942.13,6866.26,10879.84
D002948,A0460,Judge,Courts,Regular,2024-09-19,41977.31,6926.18,13586.44,89253.31,2875.45,6217.57
D002949,A0460,Judge,Courts,Regular,2025-01-20,37355.59,7725.76,23795.88,192187.96,3935.4,31866.81
D002950,A0460,Judge,Courts,Exceptional,2019-11-10,38709.78,6944.04,11467.82,174023.76,17758.95,59829.48
D002951,A0460,Judge,Courts,Exceptional,2023-11-27,33883.21,10982.42,19749.94,3848.11,8838.31,101528.47
D002952,A0460,Judge,Courts,Regular,2025-05-03,47411.79,6369.0,18123.57,194685.63,28015.6,55122.02
D002953,A0461,Judge,Courts,Initial,2019-12-04,83983.69,8459.65,11846.73,22466.65,35990.45,305766.52
D002954,A0461,Judge,Courts,Regular,2023-04-19,85818.18,5350.15,12527.55,106076.75,50440.32,48021.55
D002955,A0461,Judge,Courts,Regular,2019-05-07,87081.58,9606.8,15453.64,198853.08,25276.75,134503.57
D002956,A0461,Judge,Courts,Regular,2020-12-19,82655.35,6076.92,15437.1,76297.04,39057.64,128385.0
D002957,A0461,Judge,Courts,Regular,2023-04-20,110283.38,11177.9,11663.73,417405.0,10718.56,147156.94
D002958,A0462,Judge,Courts,Initial,2019-01-04,96192.39,13154.99,5965.13,131525.89,22436.1,122661.23
D002959,A0462,Judge,Courts,Regular,2019-10-02,114184.92,12609.45,4465.76,36527.92,54568.36,113975.24
D002960,A0462,Judge,Courts,Regular,2022-07-18,110320.69,18770.14,3333.31,122008.97,38941.51,89771.86
D002961,A0462,Judge,Courts,Regular,2019-06-25,113072.93,10440.38,5222.07,26591.52,45891.31,137941.16
D002962,A0462,Judge,Courts,Exceptional,2021-12-24,87645.98,16629.2,4508.7,150779.85,41994.74,163030.51
D002963,A0462,Judge,Courts,Exceptional,2022-02-13,114415.3,10239.6,3079.61,48614.31,24006.47,140337.28
D002964,A0462,Judge,Courts,Regular,2022-07-19,144696.46,18402.01,6244.21,834043.48,52456.7,113991.11
D002965,A0463,Judge,Courts,Initial,2022-10-19,54876.97,7388.77,18781.4,80013.15,9136.21,121032.21
D002966,A0463,Judge,Courts,Regular,2018-06-07,55664.33,9655.63,20740.66,124985.88,31736.38,56740.76
D002967,A0463,Judge,Courts,Regular,2018-10-29,51518.74,7990.79,20038.77,96920.37,54682.26,177493.07
D002968,A0463,Judge,Courts,Regular,2019-12-15,51609.95,4067.5,14209.49,120966.44,23217.1,33157.11
D002969,A0463,Judge,Courts,Regular,2022-10-20,75287.33,3776.25,17221.66,366480.77,27222.29,186283.24
D002970,A0464,Judge,Courts,Initial,2019-09-25,47692.07,17850.81,7539.11,197053.35,54520.87,160986.76
D002971,A0464,Judge,Courts,Regular,2024-08-05,56011.66,19693.05,10941.88,109632.32,12920.17,150299.13
D002972,A0464,Judge,Courts,Regular,2026-03-29,49754.17,26285.98,7961.13,92798.26,29725.93,122183.01
D002973,A0464,Judge,Courts,Regular,2022-03-05,56033.86,16669.59,6039.64,49411.81,31511.51,9771.15
D002974,A0464,Judge,Courts,Regular,2026-03-30,70798.29,24905.67,9899.59,318048.3,12008.52,105576.04
D002975,A0465,Judge,Courts,Initial,2018-07-23,106443.58,1692.76,19820.84,80490.19,1759.86,242132.16
D002976,A0465,Judge,Courts,Regular,2025-04-26,127058.15,2028.59,28342.74,29358.82,37016.38,149398.59
D002977,A0465,Judge,Courts,Regular,2018-10-03,126345.89,1362.6,22834.86,45365.77,2025.34,56848.85
D002978,A0465,Judge,Courts,Regular,2024-04-29,98057.43,1355.08,10241.09,103317.24,34494.71,64279.43
D002979,A0465,Judge,Courts,Regular,2025-04-27,160322.12,1642.1,10567.92,719774.68,26086.72,65445.0
D002980,A0466,Judge,Courts,Initial,2025-12-15,59712.27,14845.66,13342.59,139458.95,17811.09,187327.38
D002981,A0466,Judge,Courts,Regular,2025-04-12,56451.95,15121.64,9787.22,166330.17,1858.81,186497.61
D002982,A0466,Judge,Courts,Regular,2022-10-14,61410.02,21413.51,8036.31,188655.44,33521.96,124088.23
D002983,A0466,Judge,Courts,Regular,2019-05-28,70138.75,15860.88,19703.86,155357.59,55273.02,195799.39
D002984,A0466,Judge,Courts,Exceptional,2022-02-24,59780.88,9378.13,6728.85,94771.61,21869.72,125589.51
D002985,A0466,Judge,Courts,Exceptional,2018-01-12,61162.38,13487.15,8012.28,105238.45,34312.26,195634.15
D002986,A0466,Judge,Courts,Regular,2025-12-16,65191.53,18772.05,18884.46,278197.23,46274.64,169914.82
D002987,A0467,Judge,Courts,Initial,2020-03-06,54790.88,18787.53,9815.05,24103.2,9802.01,71341.64
D002988,A0467,Judge,Courts,Regular,2023-05-29,60168.21,15325.9,8879.72,2546.55,29772.04,99173.62
D002989,A0467,Judge,Courts,Regular,2025-03-16,52098.87,18718.56,14434.81,12421.97,25142.62,151513.87
D002990,A0467,Judge,Courts,Regular,2025-06-09,52259.63,10238.99,11729.08,166665.2,44652.65,116765.73
D002991,A0467,Judge,Courts,Regular,2025-06-10,74212.7,19081.3,6805.52,431031.77,11392.64,146352.48
D002992,A0468,Judge,Courts,Initial,2018-04-16,115178.41,6210.18,16932.57,57322.23,36536.02,286984.25
D002993,A0468,Judge,Courts,Regular,2022-12-24,129568.54,6424.71,23129.92,154893.37,18912.79,13137.78
D002994,A0468,Judge,Courts,Regular,2018-01-22,127565.67,6026.58,13907.62,155478.43,36498.05,157285.52
D002995,A0468,Judge,Courts,Regular,2025-01-23,104839.4,8811.73,17903.88,156249.75,21436.8,96664.25
D002996,A0468,Judge,Courts,Regular,2025-01-24,160610.07,8469.92,18508.82,579513.93,21100.52,38517.13
D002997,A0469,Judge,Courts,Initial,2019-01-26,90501.85,1467.49,15895.72,101776.7,20658.79,102888.26
D002998,A0469,Judge,Courts,Regular,2021-08-07,105756.78,1396.89,12259.55,160153.34,23544.04,73149.08
D002999,A0469,Judge,Courts,Regular,2024-10-02,99544.95,2086.52,8693.22,98379.39,28367.69,10115.68
D003000,A0469,Judge,Courts,Regular,2018-02-16,97411.64,2043.13,20682.86,143364.9,19135.99,62351.65
D003001,A0469,Judge,Courts,Regular,2024-10-03,143972.81,2193.11,11900.24,438542.39,42710.6,29922.26
D003002,A0470,Judge,Courts,Initial,2020-09-04,83962.76,13619.45,11771.33,78731.25,9619.12,274644.71
D003003,A0470,Judge,Courts,Regular,2023-10-06,84930.35,17988.13,12415.02,136898.54,16722.07,194420.37
D003004,A0470,Judge,Courts,Regular,2018-03-28,92192.92,14084.94,6032.19,78348.43,9446.87,139562.9
D003005,A0470,Judge,Courts,Regular,2019-01-06,100020.46,12014.22,14032.0,141858.8,12398.8,40744.74
D003006,A0470,Judge,Courts,Regular,2023-10-07,120276.64,8609.55,6538.9,618703.44,59127.22,59996.21
D003007,A0471,Judge,Courts,Initial,2024-10-14,80313.76,10144.58,1068.44,153724.38,25920.15,199858.54
D003008,A0471,Judge,Courts,Regular,2024-04-06,83919.07,14900.57,1171.63,8205.25,40769.93,23496.89
D003009,A0471,Judge,Courts,Regular,2025-11-04,87103.49,10559.0,1306.57,138551.13,53143.55,56429.5
D003010,A0471,Judge,Courts,Regular,2020-06-29,74182.46,7098.08,1448.97,29051.89,23387.86,20052.0
D003011,A0471,Judge,Courts,Regular,2025-11-05,93598.15,8506.26,584.48,296309.62,23960.44,37294.14
D003012,A0472,Judge,Courts,Initial,2021-07-08,89399.96,8065.56,5905.37,90964.37,41024.65,147150.57
D003013,A0472,Judge,Courts,Regular,2020-07-14,96568.58,7826.69,2994.09,95481.41,16358.21,142233.63
D003014,A0472,Judge,Courts,Regular,2021-04-28,93340.2,9664.34,7617.69,172708.64,40733.77,135782.32
D003015,A0472,Judge,Courts,Regular,2019-07-18,105095.03,11254.68,3424.69,150143.01,17356.53,149179.57
D003016,A0472,Judge,Courts,Regular,2021-07-09,120097.85,9914.14,6357.6,679746.19,47560.33,160781.3
D003017,A0473,Judge,Courts,Initial,2018-02-25,43227.05,8148.9,4963.94,140624.6,34573.08,118084.57
D003018,A0473,Judge,Courts,Regular,2019-07-19,48617.99,4674.8,5135.8,3288.78,22438.22,162590.9
D003019,A0473,Judge,Courts,Regular,2023-01-11,38981.35,11464.28,5048.02,9683.74,55687.58,10366.76
D003020,A0473,Judge,Courts,Regular,2020-08-26,39442.91,7299.87,4636.19,1672.74,2641.01,146186.81
D003021,A0473,Judge,Courts,Regular,2023-01-12,45502.44,9235.05,3802.29,265884.41,32701.12,24136.61
D003022,A0474,Judge,Courts,Initial,2019-07-09,88664.17,11847.3,19768.73,11740.45,44446.8,118021.31
D003023,A0474,Judge,Courts,Regular,2018-04-06,95978.34,9939.49,23496.32,153478.52,27604.08,74205.49
D003024,A0474,Judge,Courts,Regular,2023-03-30,98313.85,10267.68,26835.42,114895.62,49462.79,193835.16
D003025,A0474,Judge,Courts,Regular,2018-06-20,81115.45,14413.52,18392.49,26609.59,58020.48,69763.38
D003026,A0474,Judge,Courts,Regular,2023-03-31,114890.85,9421.87,16243.59,389827.96,58888.95,118107.17
D003027,A0475,Judge,Courts,Initial,2019-05-25,61902.28,14943.33,19252.89,56303.18,17118.8,193972.14
D003028,A0475,Judge,Courts,Regular,2024-04-02,56014.57,15855.77,23457.07,119048.59,20871.65,70078.2
D003029,A0475,Judge,Courts,Regular,2020-05-15,60974.86,20008.64,15074.82,66034.26,58821.05,31380.05
D003030,A0475,Judge,Courts,Regular,2019-11-19,66800.94,17720.23,12502.98,98664.69,29702.49,62979.47
D003031,A0475,Judge,Courts,Regular,2024-04-03,62350.63,21959.34,17489.11,364641.95,50421.39,61919.38
D003032,A0476,Judge,Courts,Initial,2020-03-16,74764.49,5926.65,17273.85,30852.67,25295.96,96380.29
D003033,A0476,Judge,Courts,Regular,2021-12-18,85226.52,3336.04,17342.4,5434.63,22467.53,39809.56
D003034,A0476,Judge,Courts,Regular,2018-01-18,68809.91,4328.82,21174.91,190225.54,25389.63,161792.66
D003035,A0476,Judge,Courts,Regular,2021-07-18,76781.19,5019.05,16238.07,12367.68,7736.91,51132.01
D003036,A0476,Judge,Courts,Exceptional,2020-10-01,81894.43,4786.31,18434.1,11322.88,22522.57,52842.89
D003037,A0476,Judge,Courts,Exceptional,2022-02-05,67803.7,6993.51,14162.38,187793.82,55074.05,116704.93
D003038,A0476,Judge,Courts,Regular,2022-02-06,89088.68,5690.98,18529.14,467769.09,45508.28,186481.18
D003039,A0477,Judge,Courts,Initial,2022-05-10,83151.71,8694.54,14871.89,60068.85,43110.29,171716.16
D003040,A0477,Judge,Courts,Regular,2019-05-20,88649.59,6041.04,12228.69,121454.64,15830.59,134110.53
D003041,A0477,Judge,Courts,Regular,2023-02-28,84714.66,12649.22,13001.83,93741.48,46319.8,194113.83
D003042,A0477,Judge,Courts,Regular,2025-10-13,86767.2,8468.9,18307.84,108412.18,14661.64,1195.83
D003043,A0477,Judge,Courts,Regular,2025-10-14,111273.38,5772.68,16410.68,625621.94,14513.73,37930.74
D003044,A0478,State Secretary,Government,Initial,2021-03-30,99020.32,12074.09,9581.16,157226.8,7995.69,326402.29
D003045,A0478,State Secretary,Government,Regular,2020-11-27,90304.1,16524.32,13620.19,64432.0,45785.19,163095.43
D003046,A0478,State Secretary,Government,Regular,2023-02-28,100289.63,16414.31,11044.59,51657.46,26357.76,183689.24
D003047,A0478,State Secretary,Government,Regular,2024-12-22,116835.63,7962.3,11697.93,173493.24,39102.33,9346.82
D003048,A0478,State Secretary,Government,Regular,2024-12-23,109854.78,12982.44,7198.92,198315.06,3915.52,413724.64
D003049,A0479,State Secretary,Government,Initial,2023-11-22,109837.62,10325.31,5866.7,42483.56,17815.35,287075.98
D003050,A0479,State Secretary,Government,Regular,2019-09-04,128162.65,5256.54,6879.69,66279.88,19264.93,16820.74
D003051,A0479,State Secretary,Government,Regular,2021-01-05,121591.69,6472.3,5215.52,182967.75,26553.93,87283.5
D003052,A0479,State Secretary,Government,Regular,2025-09-26,118932.79,5879.65,6166.57,44227.45,1767.27,143324.2
D003053,A0479,State Secretary,Government,Regular,2025-09-27,128576.76,7701.19,6884.19,36861.01,45502.08,623820.58
D003054,A0480,State Secretary,Government,Initial,2023-09-05,45054.78,2565.62,8988.01,93372.43,12225.12,163448.81
D003055,A0480,State Secretary,Government,Regular,2025-11-06,53526.31,3732.83,8105.47,59747.55,28688.55,185102.62
D003056,A0480,State Secretary,Government,Regular,2022-12-20,40595.92,2715.74,4964.61,75690.43,2073.19,122872.53
D003057,A0480,State Secretary,Government,Regular,2019-11-26,48982.28,3325.43,5709.83,57532.79,43675.57,7518.71
D003058,A0480,State Secretary,Government,Regular,2025-11-07,64195.66,3150.39,5682.9,99211.8,1110.16,265138.41
D003059,A0481,State Secretary,Government,Initial,2022-10-27,108150.12,7336.48,3340.09,90688.62,8263.21,134676.42
D003060,A0481,State Secretary,Government,Regular,2019-10-17,97782.64,3961.77,4030.11,38182.05,30501.4,196422.38
D003061,A0481,State Secretary,Government,Regular,2025-02-11,124814.42,9607.65,3017.9,191039.91,15742.33,82324.61
D003062,A0481,State Secretary,Government,Regular,2018-10-18,106508.12,6953.64,2722.38,97140.24,35171.88,20897.44
D003063,A0481,State Secretary,Government,Regular,2025-02-12,171803.4,8796.31,3576.34,96881.05,34458.92,612828.55
D003064,A0482,State Secretary,Government,Initial,2021-07-14,129725.58,15791.87,5153.75,182778.96,30365.17,379614.57
D003065,A0482,State Secretary,Government,Regular,2021-07-08,117305.89,12350.75,6195.84,132367.77,8575.35,83389.19
D003066,A0482,State Secretary,Government,Regular,2022-11-23,128295.96,9910.33,6417.97,195071.93,15435.59,76201.2
D003067,A0482,State Secretary,Government,Regular,2019-06-20,120677.65,19243.99,5595.55,186912.07,32020.05,130183.3
D003068,A0482,State Secretary,Government,Regular,2022-11-24,200573.62,13100.06,4062.79,186557.13,13678.71,940710.44
D003069,A0483,State Secretary,Government,Initial,2024-08-20,48245.25,9008.6,14826.25,197542.05,52540.66,98625.04
D003070,A0483,State Secretary,Government,Regular,2023-12-16,53598.53,7244.59,14792.26,34525.0,53370.22,127394.99
D003071,A0483,State Secretary,Government,Regular,2021-10-28,49176.74,8658.12,14885.79,98339.03,50834.68,154870.25
D003072,A0483,State Secretary,Government,Regular,2023-11-26,45466.48,13199.32,10452.94,105171.92,32762.17,96615.77
D003073,A0483,State Secretary,Government,Regular,2024-08-21,64069.37,12141.97,8412.3,104431.31,23065.18,378456.4
D003074,A0484,State Secretary,Government,Initial,2021-01-15,99790.79,5108.36,12848.68,80162.81,28052.32,242988.91
D003075,A0484,State Secretary,Government,Regular,2022-05-23,90545.21,6025.04,13045.44,137339.71,37411.93,113473.8
D003076,A0484,State Secretary,Government,Regular,2022-05-04,95583.54,6019.03,9526.55,741.46,37253.73,183665.75
D003077,A0484,State Secretary,Government,Regular,2019-09-24,95838.99,6661.22,7075.71,108600.65,34435.81,28141.77
D003078,A0484,State Secretary,Government,Exceptional,2022-06-30,86439.2,3059.68,10569.98,180173.67,43947.29,136876.76
D003079,A0484,State Secretary,Government,Exceptional,2022-07-23,127287.3,4242.71,14975.26,104547.7,23915.83,65555.65
D003080,A0484,State Secretary,Government,Regular,2022-07-24,145214.5,7092.79,10947.91,198239.61,10328.87,549612.8
D003081,A0485,State Secretary,Government,Initial,2021-04-07,30684.86,7728.3,8928.22,104203.9,48557.7,127994.06
D003082,A0485,State Secretary,Government,Regular,2025-08-30,28145.59,4415.11,7880.17,51070.8,6390.68,35025.02
D003083,A0485,State Secretary,Government,Regular,2020-11-17,35547.56,5873.6,11337.41,117745.68,28338.57,59221.22
D003084,A0485,State Secretary,Government,Regular,2019-08-12,34996.16,10303.27,6263.96,81307.18,32064.64,85160.12
D003085,A0485,State Secretary,Government,Regular,2025-08-31,34981.62,6323.89,8659.94,8379.31,3811.38,148387.33
D003086,A0486,State Secretary,Government,Initial,2018-09-06,49398.59,17637.94,5965.98,187321.96,9232.97,168752.33
D003087,A0486,State Secretary,Government,Regular,2019-12-12,45128.9,21054.17,7346.04,108111.47,44153.07,44667.77
D003088,A0486,State Secretary,Government,Regular,2024-10-29,55971.45,13721.91,3395.62,53822.96,34703.18,116776.36
D003089,A0486,State Secretary,Government,Regular,2022-11-10,53913.17,23346.85,5820.59,96958.19,50678.02,164253.82
D003090,A0486,State Secretary,Government,Regular,2024-10-30,63832.22,23647.18,4991.35,30571.31,16123.57,314862.56
D003091,A0487,State Secretary,Government,Initial,2025-10-02,57030.18,263.65,6355.46,8447.47,12278.64,122423.71
D003092,A0487,State Secretary,Government,Regular,2023-07-09,56445.42,266.14,9429.41,114607.38,29895.92,127831.66
D003093,A0487,State Secretary,Government,Regular,2020-07-01,61131.29,310.27,8823.11,116895.6,37676.24,109701.36
D003094,A0487,State Secretary,Government,Regular,2019-07-29,62582.54,245.77,4249.17,123398.25,16215.89,130134.72
D003095,A0487,State Secretary,Government,Regular,2025-10-03,58545.87,193.33,3749.87,182269.51,36027.88,204029.72
D003096,A0488,State Secretary,Government,Initial,2022-12-08,58036.67,16830.63,351.24,38241.96,18730.73,83003.77
D003097,A0488,State Secretary,Government,Regular,2025-06-16,60239.21,13223.88,329.04,72514.84,21917.98,189723.82
D003098,A0488,State Secretary,Government,Regular,2025-05-12,57608.87,17057.6,325.03,53460.96,54543.2,104536.17
D003099,A0488,State Secretary,Government,Regular,2019-10-14,55740.74,16845.11,440.68,25827.29,36382.43,157341.57
D003100,A0488,State Secretary,Government,Regular,2025-06-17,71841.21,17071.36,504.94,21204.24,25217.08,377983.79
D003101,A0489,State Secretary,Government,Initial,2021-02-20,46831.53,17830.0,622.56,128565.01,43354.29,140684.6
D003102,A0489,State Secretary,Government,Regular,2019-11-10,48600.54,23868.02,493.4,103270.75,5919.42,196438.03
D003103,A0489,State Secretary,Government,Regular,2020-02-28,51980.1,15760.82,424.46,118071.1,39432.19,128448.31
D003104,A0489,State Secretary,Government,Regular,2025-08-22,43362.97,10560.23,816.78,184664.59,47893.74,18065.62
D003105,A0489,State Secretary,Government,Regular,2025-08-23,51034.6,22803.5,863.09,164665.74,49302.14,246021.68
D003106,A0490,State Secretary,Government,Initial,2025-05-01,84875.94,16719.51,18671.28,185570.21,14133.99,116904.42
D003107,A0490,State Secretary,Government,Regular,2023-04-25,79419.61,18804.0,26995.69,5394.97,9090.26,34252.56
D003108,A0490,State Secretary,Government,Regular,2023-04-16,93685.46,17943.53,10006.16,162510.28,45774.62,85682.66
D003109,A0490,State Secretary,Government,Regular,2021-01-22,98615.34,20305.3,21055.37,89604.2,40265.93,110437.85
D003110,A0490,State Secretary,Government,Regular,2025-05-02,135008.63,18072.54,22466.54,14120.26,47463.7,590005.63
D003111,A0491,State Secretary,Government,Initial,2023-01-28,50252.5,10496.63,19776.66,175705.54,32678.76,99589.72
D003112,A0491,State Secretary,Government,Regular,2020-05-10,52203.84,5944.33,21421.79,64081.12,36151.69,111565.27
D003113,A0491,State Secretary,Government,Regular,2021-05-24,50799.16,15614.43,24960.23,125437.5,10058.9,165354.85
D003114,A0491,State Secretary,Government,Regular,2020-05-10,52848.47,11026.64,18655.2,41072.6,1371.25,31110.92
D003115,A0491,State Secretary,Government,Exceptional,2023-05-16,50217.17,6832.65,21629.29,136251.75,10824.4,187130.84
D003116,A0491,State Secretary,Government,Exceptional,2025-06-28,55343.77,11882.55,16488.58,17643.15,52709.64,109364.56
D003117,A0491,State Secretary,Government,Regular,2025-06-29,54916.53,11200.66,25494.32,104598.95,23217.99,407542.1
D003118,A0492,State Secretary,Government,Initial,2024-09-07,81074.36,2676.3,16168.43,129771.2,29307.26,158137.21
D003119,A0492,State Secretary,Government,Regular,2018-05-31,94202.15,1464.14,17561.12,43889.21,46760.15,117895.94
D003120,A0492,State Secretary,Government,Regular,2019-08-13,82394.79,2961.85,11818.6,54980.19,42386.41,132550.72
D003121,A0492,State Secretary,Government,Regular,2022-11-24,89052.55,2963.93,15426.64,9244.03,42830.89,8847.74
D003122,A0492,State Secretary,Government,Regular,2024-09-08,103462.63,2981.89,22025.48,156588.12,51901.88,381909.35
D003123,A0493,State Secretary,Government,Initial,2025-05-19,65431.32,8921.82,16007.32,88451.84,44384.1,242076.42
D003124,A0493,State Secretary,Government,Regular,2020-06-12,60854.08,7398.6,18122.3,136269.11,46057.9,87995.66
D003125,A0493,State Secretary,Government,Regular,2018-05-15,65905.24,10203.95,16404.26,123573.46,40530.11,147830.14
D003126,A0493,State Secretary,Government,Regular,2023-10-17,64263.67,11796.15,12220.11,62235.93,58911.34,107478.98
D003127,A0493,State Secretary,Government,Exceptional,2018-11-09,62531.52,7213.91,15741.55,10281.25,55184.77,20480.55
D003128,A0493,State Secretary,Government,Exceptional,2019-09-17,82973.76,13184.46,20701.93,170166.35,11907.13,107150.83
D003129,A0493,State Secretary,Government,Regular,2025-05-20,82861.03,7354.25,20009.98,163827.1,46586.66,467718.88
D003130,A0494,State Secretary,Government,Initial,2025-03-01,88277.93,8758.21,17454.23,123582.03,32263.61,181458.88
D003131,A0494,State Secretary,Government,Regular,2021-05-24,100750.63,9875.44,14961.08,102475.62,15804.28,195265.34
D003132,A0494,State Secretary,Government,Regular,2024-06-11,100907.11,4595.78,22014.72,46380.51,46329.07,145125.85
D003133,A0494,State Secretary,Government,Regular,2022-10-17,104709.43,11511.82,9885.97,43585.84,8082.75,63859.6
D003134,A0494,State Secretary,Government,Regular,2025-03-02,114687.64,10176.21,23887.93,71013.45,56694.2,647632.9
D003135,A0495,State Secretary,Government,Initial,2020-05-03,46016.7,18200.24,13387.2,132509.28,14011.29,223443.34
D003136,A0495,State Secretary,Government,Regular,2025-12-20,41936.11,19382.07,7881.42,111842.12,55306.0,132377.76
D003137,A0495,State Secretary,Government,Regular,2025-03-16,43674.59,24054.27,9727.66,60017.18,22554.92,198533.05
D003138,A0495,State Secretary,Government,Regular,2022-03-08,42367.19,15414.87,16584.95,107508.83,34984.68,159419.39
D003139,A0495,State Secretary,Government,Exceptional,2023-03-27,57759.74,14558.21,17332.53,169311.81,42541.14,77755.24
D003140,A0495,State Secretary,Government,Exceptional,2026-02-26,39628.01,22623.09,14355.12,108953.87,39018.1,184315.62
D003141,A0495,State Secretary,Government,Regular,2026-02-27,59464.33,22581.47,19054.65,121951.87,25481.69,338116.68
D003142,A0496,State Secretary,Government,Initial,2021-03-20,124830.46,17951.2,1538.45,132880.87,24269.37,336660.91
D003143,A0496,State Secretary,Government,Regular,2019-02-10,120883.07,22676.1,2058.11,133529.27,23196.24,177871.84
D003144,A0496,State Secretary,Government,Regular,2025-11-28,134472.31,23647.08,1082.14,97370.68,26984.91,5166.09
D003145,A0496,State Secretary,Government,Regular,2019-06-11,134498.25,21881.89,962.11,81013.62,39866.28,199384.14
D003146,A0496,State Secretary,Government,Regular,2025-11-29,182550.85,9490.29,1002.4,192348.64,38064.89,804717.4
D003147,A0497,State Secretary,Government,Initial,2023-01-28,87513.8,12916.19,7689.42,163834.01,6994.5,192646.81
D003148,A0497,State Secretary,Government,Regular,2023-02-26,81994.68,16096.87,11456.83,82772.59,57152.79,299.13
D003149,A0497,State Secretary,Government,Regular,2021-07-07,98363.9,18279.91,5981.48,162261.55,55303.16,26885.46
D003150,A0497,State Secretary,Government,Regular,2019-06-09,82271.01,15485.85,5537.77,122743.71,32653.07,14474.11
D003151,A0497,State Secretary,Government,Regular,2023-02-27,125592.7,19011.98,8102.54,178220.66,29293.33,377517.46
D003152,A0498,State Secretary,Government,Initial,2021-04-18,77435.3,9046.79,1443.34,29943.99,18265.75,91466.29
D003153,A0498,State Secretary,Government,Regular,2018-04-21,84019.96,6434.88,1842.94,70092.37,27475.27,170293.24
D003154,A0498,State Secretary,Government,Regular,2022-01-16,79780.37,7302.3,1975.28,75378.83,3152.79,109917.09
D003155,A0498,State Secretary,Government,Regular,2020-10-05,81065.84,5683.56,1036.58,113522.33,46937.69,71340.84
D003156,A0498,State Secretary,Government,Regular,2022-01-17,95155.23,10063.11,1204.98,116529.57,9477.04,445398.9
D003157,A0499,State Secretary,Government,Initial,2024-02-21,67562.91,17615.97,16237.86,59726.11,2698.87,311974.86
D003158,A0499,State Secretary,Government,Regular,2021-08-17,60856.89,11959.5,21134.9,68655.01,43716.44,195753.95
D003159,A0499,State Secretary,Government,Regular,2021-01-15,76605.95,25109.1,12272.86,109865.3,28866.67,36113.59
D003160,A0499,State Secretary,Government,Regular,2024-01-05,65441.98,8821.97,15731.59,48240.07,14005.51,50538.19
D003161,A0499,State Secretary,Government,Regular,2024-02-22,82884.98,21825.08,9477.91,137327.55,17544.64,335270.34
D003162,A0500,State Secretary,Government,Initial,2018-09-18,39279.5,5214.29,15633.35,91597.69,31023.52,91356.85
D003163,A0500,State Secretary,Government,Regular,2019-07-03,45660.63,2649.26,8034.98,64446.13,14631.61,99109.42
D003164,A0500,State Secretary,Government,Regular,2022-11-19,40358.81,5286.42,8625.98,105667.3,22438.56,10319.66
D003165,A0500,State Secretary,Government,Regular,2019-02-14,43872.29,5401.55,22903.32,17154.82,12367.83,16861.55
D003166,A0500,State Secretary,Government,Exceptional,2018-09-23,36336.89,4865.63,16178.34,34166.05,6233.08,160037.55
D003167,A0500,State Secretary,Government,Exceptional,2023-06-14,47104.6,3011.86,14947.17,9067.46,40283.28,126172.36
D003168,A0500,State Secretary,Government,Regular,2023-06-15,46823.13,4177.65,12986.13,90828.3,3172.74,267881.39
D003169,A0501,State Secretary,Government,Initial,2020-12-14,30229.96,17274.5,16439.36,131309.14,14663.47,91060.8
D003170,A0501,State Secretary,Government,Regular,2020-01-05,33616.28,12026.09,14865.2,10558.77,11714.26,37003.9
D003171,A0501,State Secretary,Government,Regular,2023-08-20,31122.38,14428.36,18856.47,188476.18,54597.22,3773.38
D003172,A0501,State Secretary,Government,Regular,2021-08-30,35509.73,11022.95,12959.26,19115.29,17356.57,30680.51
D003173,A0501,State Secretary,Government,Regular,2023-08-21,38943.44,10418.19,9459.01,63951.7,35329.4,166526.2
D003174,A0502,State Secretary,Government,Initial,2021-02-12,115991.63,8488.3,4996.98,169760.91,31158.41,351877.72
D003175,A0502,State Secretary,Government,Regular,2018-06-03,105488.84,6956.3,6841.16,117421.24,11051.35,35220.15
D003176,A0502,State Secretary,Government,Regular,2022-03-06,117538.29,9804.11,2976.23,132650.98,36836.95,9271.42
D003177,A0502,State Secretary,Government,Regular,2018-11-06,108354.92,6007.46,5167.8,41815.18,34552.56,38488.62
D003178,A0502,State Secretary,Government,Regular,2022-03-07,141297.56,8632.8,7272.38,23348.74,12880.63,617738.92
D003179,A0503,State Secretary,Government,Initial,2021-05-05,63553.51,17198.37,13585.5,66651.31,12994.7,182929.63
D003180,A0503,State Secretary,Government,Regular,2024-11-01,65639.05,22238.37,9146.61,116729.97,25802.91,38665.34
D003181,A0503,State Secretary,Government,Regular,2019-12-14,71410.43,21148.53,14717.76,71321.85,26235.92,90763.41
D003182,A0503,State Secretary,Government,Regular,2025-07-07,66226.95,24162.17,17945.69,55345.58,34370.9,127395.25
D003183,A0503,State Secretary,Government,Regular,2025-07-08,87265.21,22880.32,11632.06,166967.84,5526.91,612851.27
D003184,A0504,State Secretary,Government,Initial,2019-10-08,128183.65,8085.68,16281.48,112544.11,3980.14,453608.25
D003185,A0504,State Secretary,Government,Regular,2022-02-23,145649.98,11096.29,16458.9,123917.7,24993.34,60029.26
D003186,A0504,State Secretary,Government,Regular,2020-12-27,133544.26,12068.85,11709.24,80863.96,34896.29,74174.02
D003187,A0504,State Secretary,Government,Regular,2021-03-27,149134.89,10329.09,23591.42,184760.79,23628.4,143935.84
D003188,A0504,State Secretary,Government,Regular,2022-02-24,154184.2,8580.47,19517.3,139941.94,24463.33,868620.53
D003189,A0505,State Secretary,Government,Initial,2022-05-10,87658.67,17764.53,14958.75,30819.19,12152.88,327422.91
D003190,A0505,State Secretary,Government,Regular,2023-07-16,103185.98,11559.99,9023.98,94964.21,9399.25,91533.31
D003191,A0505,State Secretary,Government,Regular,2025-03-26,97244.38,16314.01,10419.01,125059.28,55873.21,64796.31
D003192,A0505,State Secretary,Government,Regular,2020-05-20,103617.45,13973.92,15684.68,100042.26,25749.95,133751.18
D003193,A0505,State Secretary,Government,Exceptional,2019-02-19,87364.86,18446.69,11907.69,94077.78,38334.93,123182.22
D003194,A0505,State Secretary,Government,Exceptional,2024-02-16,104634.99,10253.05,8918.13,172088.83,40428.65,100018.61
D003195,A0505,State Secretary,Government,Regular,2025-03-27,92997.41,24815.93,15187.16,39346.84,27714.28,333070.5
D003196,A0506,State Secretary,Government,Initial,2019-01-26,110640.31,9479.68,7590.79,94306.07,9962.77,162398.64
D003197,A0506,State Secretary,Government,Regular,2021-01-26,117377.38,8755.55,7453.96,110778.09,42694.71,111186.39
D003198,A0506,State Secretary,Government,Regular,2019-07-28,112408.25,7347.68,5374.33,26362.98,7349.17,57094.99
D003199,A0506,State Secretary,Government,Regular,2020-03-15,119231.08,7563.36,9665.06,79372.12,19398.88,55594.23
D003200,A0506,State Secretary,Government,Exceptional,2024-06-26,143361.9,10738.91,6745.18,140506.25,20668.36,81091.9
D003201,A0506,State Secretary,Government,Exceptional,2020-02-23,121585.28,9100.58,9473.7,117015.87,48391.55,126121.83
D003202,A0506,State Secretary,Government,Regular,2024-06-27,130593.75,6780.16,10024.85,52452.9,50788.83,617480.51
D003203,A0507,State Secretary,Government,Initial,2025-07-16,48152.21,8272.23,18220.86,143721.06,34029.42,166835.84
D003204,A0507,State Secretary,Government,Regular,2018-04-15,49284.18,11490.18,13195.48,65727.31,36004.94,6572.3
D003205,A0507,State Secretary,Government,Regular,2022-05-15,44888.97,7030.6,23201.67,5507.98,24081.13,143683.06
D003206,A0507,State Secretary,Government,Regular,2024-05-14,52027.96,10186.27,9727.89,150870.12,11681.25,46324.76
D003207,A0507,State Secretary,Government,Regular,2025-07-17,54376.67,11727.06,16749.75,96406.24,48006.46,258101.94
D003208,A0508,State Secretary,Government,Initial,2018-10-19,109456.59,5628.94,16510.49,109099.06,41481.32,193623.2
D003209,A0508,State Secretary,Government,Regular,2022-11-14,114720.05,4033.19,9475.59,50209.08,32664.23,20745.9
D003210,A0508,State Secretary,Government,Regular,2018-02-12,130537.48,6069.92,19983.92,132583.35,4982.28,4983.06
D003211,A0508,State Secretary,Government,Regular,2021-06-30,120057.15,8008.29,23009.55,7730.5,31778.21,166158.74
D003212,A0508,State Secretary,Government,Regular,2022-11-15,136842.22,3484.71,23378.5,199850.36,44879.38,666592.49
D003213,A0509,State Secretary,Government,Initial,2021-09-10,33955.55,5839.56,2439.88,169126.42,12034.33,99469.84
D003214,A0509,State Secretary,Government,Regular,2021-05-23,36198.49,8106.22,3651.07,41905.97,11848.91,85093.42
D003215,A0509,State Secretary,Government,Regular,2025-10-19,35429.78,8668.07,1454.58,167466.69,55688.56,19937.87
D003216,A0509,State Secretary,Government,Regular,2024-02-05,34452.91,3386.0,3140.62,19776.41,42113.41,17282.08
D003217,A0509,State Secretary,Government,Regular,2025-10-20,38097.0,3709.47,2941.09,116593.35,18566.22,111518.59
D003218,A0510,State Secretary,Government,Initial,2018-12-28,43535.88,18124.24,13380.14,861.62,58238.97,190747.76
D003219,A0510,State Secretary,Government,Regular,2021-03-31,40384.08,11463.95,13829.95,170216.88,17944.44,27343.49
D003220,A0510,State Secretary,Government,Regular,2023-06-08,51379.56,10422.94,19126.05,42625.35,26168.39,169826.63
D003221,A0510,State Secretary,Government,Regular,2022-02-18,45593.29,14400.87,12426.18,121039.26,14330.53,157723.6
D003222,A0510,State Secretary,Government,Exceptional,2025-02-22,45697.8,20202.48,8177.92,197174.69,7326.85,115519.07
D003223,A0510,State Secretary,Government,Exceptional,2021-03-18,38514.43,20687.29,8281.91,56791.78,2873.11,141997.3
D003224,A0510,State Secretary,Government,Regular,2025-02-23,45688.32,15143.09,11125.53,82192.93,39807.57,216322.85
D003225,A0511,State Secretary,Government,Initial,2021-07-01,36642.93,10957.35,16282.98,67427.03,59900.42,154376.65
D003226,A0511,State Secretary,Government,Regular,2018-11-04,33000.81,12414.64,12749.5,144132.79,3900.27,141517.34
D003227,A0511,State Secretary,Government,Regular,2024-07-19,38945.61,13201.27,12634.24,105142.37,54589.31,85183.77
D003228,A0511,State Secretary,Government,Regular,2024-10-12,36082.22,11726.7,23604.42,44181.14,3501.26,73848.85
D003229,A0511,State Secretary,Government,Regular,2024-10-13,50464.68,13482.68,15186.9,69573.62,39804.48,265628.44
D003230,A0512,State Secretary,Government,Initial,2022-05-16,107829.69,5924.87,2912.89,198104.6,26895.29,222426.34
D003231,A0512,State Secretary,Government,Regular,2022-07-14,101357.83,6833.81,2636.44,5178.07,22966.9,1598.99
D003232,A0512,State Secretary,Government,Regular,2018-04-03,118504.95,3454.22,3958.68,130781.9,16467.26,167766.44
D003233,A0512,State Secretary,Government,Regular,2018-01-21,128969.55,5202.47,3344.82,192203.68,51668.75,52135.4
D003234,A0512,State Secretary,Government,Regular,2022-07-15,140951.83,7572.16,1755.33,1029.62,58104.88,562623.55
D003235,A0513,State Secretary,Government,Initial,2018-02-01,84149.54,1179.89,5438.87,194399.18,45581.78,219487.35
D003236,A0513,State Secretary,Government,Regular,2023-04-17,86025.5,816.69,6636.04,24342.92,52210.9,131920.18
D003237,A0513,State Secretary,Government,Regular,2019-07-28,81524.96,1241.5,3703.77,111213.28,17034.51,107210.01
D003238,A0513,State Secretary,Government,Regular,2023-04-14,83983.14,773.47,3766.99,199984.75,35463.32,59432.05
D003239,A0513,State Secretary,Government,Exceptional,2019-01-13,68961.12,1476.41,4176.92,121067.91,6949.32,74605.14
D003240,A0513,State Secretary,Government,Exceptional,2019-02-21,96962.61,1694.34,4606.88,5940.25,51179.64,154860.67
D003241,A0513,State Secretary,Government,Regular,2023-04-18,93956.66,1731.11,7851.98,185529.12,9883.92,416618.48
D003242,A0514,State Secretary,Government,Initial,2023-06-28,122353.58,153.12,18589.62,57853.66,38373.4,243584.31
D003243,A0514,State Secretary,Government,Regular,2024-03-29,146110.15,168.24,17927.11,48052.82,7657.55,108089.88
D003244,A0514,State Secretary,Government,Regular,2018-10-26,110989.24,122.51,20858.66,182006.7,42737.7,65885.67
D003245,A0514,State Secretary,Government,Regular,2021-05-19,112951.98,127.53,23405.34,157328.67,30632.32,181278.03
D003246,A0514,State Secretary,Government,Regular,2024-03-30,141634.32,148.45,16916.37,90826.45,43965.83,617103.2
D003247,A0515,State Secretary,Government,Initial,2023-08-01,47528.62,12831.19,13482.69,185267.68,13396.36,194554.39
D003248,A0515,State Secretary,Government,Regular,2024-04-09,51936.55,18837.05,15824.48,45468.9,33498.67,154621.78
D003249,A0515,State Secretary,Government,Regular,2025-06-27,44856.21,9263.07,15648.73,145077.07,43123.47,50116.2
D003250,A0515,State Secretary,Government,Regular,2020-09-08,54496.59,11580.11,14503.45,63787.3,19916.02,64632.58
D003251,A0515,State Secretary,Government,Regular,2025-06-28,61587.21,11189.84,14455.67,139574.55,1251.35,249847.76
D003252,A0516,State Secretary,Government,Initial,2019-09-20,119479.28,13.25,8382.04,192949.76,33986.32,197514.97
D003253,A0516,State Secretary,Government,Regular,2023-10-31,129314.94,13.83,4314.84,13335.52,2908.26,66311.89
D003254,A0516,State Secretary,Government,Regular,2023-02-26,116155.1,12.62,6482.4,88810.43,2593.88,79814.64
D003255,A0516,State Secretary,Government,Regular,2019-08-13,123451.7,7.86,6057.45,132776.43,4146.73,117549.18
D003256,A0516,State Secretary,Government,Regular,2023-11-01,129516.5,9.54,4362.81,56070.58,28734.64,517827.61
D003257,A0517,State Secretary,Government,Initial,2021-08-16,94014.77,16977.59,5915.22,60258.8,46432.32,338873.06
D003258,A0517,State Secretary,Government,Regular,2018-02-07,99604.06,19953.97,4379.56,28167.72,15031.93,42518.37
D003259,A0517,State Secretary,Government,Regular,2023-09-30,84747.76,9030.55,3430.92,141887.61,18468.85,144029.26
D003260,A0517,State Secretary,Government,Regular,2021-11-01,91568.52,23312.02,6508.83,65525.63,20282.19,91707.18
D003261,A0517,State Secretary,Government,Regular,2023-10-01,127011.65,8977.65,3987.55,99797.51,48539.56,456127.96
D003262,A0518,State Secretary,Government,Initial,2024-09-22,66892.26,1228.68,19934.99,42578.98,39429.54,139061.18
D003263,A0518,State Secretary,Government,Regular,2021-04-07,67404.05,1758.14,26878.81,64431.7,32269.22,162086.03
D003264,A0518,State Secretary,Government,Regular,2023-11-22,67966.72,670.97,10371.29,165627.87,36306.05,78462.0
D003265,A0518,State Secretary,Government,Regular,2025-09-27,72589.54,725.72,13115.86,97074.59,57076.71,120047.76
D003266,A0518,State Secretary,Government,Regular,2025-09-28,67953.55,721.25,19217.54,185522.24,10610.01,383970.14
D003267,A0519,State Secretary,Government,Initial,2019-06-01,89034.03,17996.94,7648.99,41983.21,51506.27,177441.68
D003268,A0519,State Secretary,Government,Regular,2021-12-24,100204.0,26476.68,4750.87,46125.63,9413.49,9031.54
D003269,A0519,State Secretary,Government,Regular,2023-12-18,100970.87,23779.79,3882.55,30244.75,25079.21,134284.89
D003270,A0519,State Secretary,Government,Regular,2018-07-19,82968.4,13306.21,5687.17,74734.36,13541.58,120839.06
D003271,A0519,State Secretary,Government,Exceptional,2018-09-11,71319.0,20626.79,5230.44,116353.45,20495.5,19890.0
D003272,A0519,State Secretary,Government,Exceptional,2019-08-22,79427.52,15126.65,9297.68,135403.06,42000.83,12798.07
D003273,A0519,State Secretary,Government,Regular,2023-12-19,128563.1,15367.54,8411.62,491.47,26969.82,667762.02
D003274,A0520,State Secretary,Government,Initial,2018-12-06,44262.65,9.41,15878.44,68825.74,48228.09,152222.26
D003275,A0520,State Secretary,Government,Regular,2022-04-27,48479.42,9.12,22484.64,106894.92,4528.13,66299.53
D003276,A0520,State Secretary,Government,Regular,2021-04-01,45693.56,7.41,11830.43,2569.71,44405.4,122987.75
D003277,A0520,State Secretary,Government,Regular,2021-12-15,42436.53,10.48,22427.31,183999.34,40204.8,194806.99
D003278,A0520,State Secretary,Government,Regular,2022-04-28,55435.97,8.73,8866.73,35359.03,28255.88,234732.6
D003279,A0521,State Secretary,Government,Initial,2022-07-25,42502.16,15675.07,3202.42,17308.11,42017.59,149254.78
D003280,A0521,State Secretary,Government,Regular,2025-06-05,39197.78,19144.92,1792.95,26409.09,4154.85,22775.44
D003281,A0521,State Secretary,Government,Regular,2023-05-14,46234.66,18492.71,3016.04,77276.4,49554.34,126522.22
D003282,A0521,State Secretary,Government,Regular,2020-04-17,42527.23,9961.25,2236.64,97258.88,32349.06,117154.74
D003283,A0521,State Secretary,Government,Exceptional,2019-07-20,42046.34,17803.1,3908.43,129424.31,22058.06,44134.05
D003284,A0521,State Secretary,Government,Exceptional,2023-08-02,35782.32,12321.66,2088.69,62313.81,1294.41,5783.6
D003285,A0521,State Secretary,Government,Regular,2025-06-06,61537.8,14947.06,2679.31,181666.11,34187.86,373953.41
D003286,A0522,State Secretary,Government,Initial,2023-08-20,44850.27,4865.79,13945.83,41435.82,15579.19,161264.94
D003287,A0522,State Secretary,Government,Regular,2022-04-06,45478.03,3448.35,20512.9,150993.15,32122.36,51570.94
D003288,A0522,State Secretary,Government,Regular,2023-07-04,49233.63,3414.35,16498.07,82546.91,34207.48,176476.93
D003289,A0522,State Secretary,Government,Regular,2021-10-28,52414.49,6906.26,8917.81,18849.52,46736.59,133459.79
D003290,A0522,State Secretary,Government,Exceptional,2022-05-08,53906.17,3229.27,12941.31,58567.42,25864.95,173159.73
D003291,A0522,State Secretary,Government,Exceptional,2020-06-21,55423.82,4227.4,18206.03,97570.35,59605.39,63184.54
D003292,A0522,State Secretary,Government,Regular,2023-08-21,54145.74,7114.94,19657.86,97801.79,50065.36,265508.91
D003293,A0523,State Secretary,Government,Initial,2019-11-06,105137.09,12271.9,19548.56,52035.54,26477.21,248878.65
D003294,A0523,State Secretary,Government,Regular,2021-02-15,120302.46,13226.12,23617.74,166092.19,1300.81,81359.2
D003295,A0523,State Secretary,Government,Regular,2019-07-20,104555.73,17899.47,21084.96,194138.93,25128.4,76615.5
D003296,A0523,State Secretary,Government,Regular,2021-09-29,121709.27,7890.77,22914.19,173273.6,45954.94,150138.76
D003297,A0523,State Secretary,Government,Regular,2021-09-30,149986.18,8336.59,28240.97,147939.01,42129.2,755421.38
D003298,A0524,State Secretary,Government,Initial,2025-05-14,51551.09,13696.3,5385.82,27696.61,7859.42,141593.93
D003299,A0524,State Secretary,Government,Regular,2022-03-01,60330.77,9396.3,6933.82,58541.48,29605.66,110020.77
D003300,A0524,State Secretary,Government,Regular,2025-09-25,60854.79,16425.07,6624.14,1250.47,54642.47,194493.15
D003301,A0524,State Secretary,Government,Regular,2026-02-09,55168.49,18599.15,3430.44,23243.48,31185.14,139622.9
D003302,A0524,State Secretary,Government,Exceptional,2018-04-10,46489.07,15747.04,5545.78,18721.45,27167.01,136126.86
D003303,A0524,State Secretary,Government,Exceptional,2019-08-13,61195.55,9492.46,6167.34,176166.19,41604.93,185292.96
D003304,A0524,State Secretary,Government,Regular,2026-02-10,73162.85,10542.4,3037.77,184505.79,29294.26,299742.96
D003305,A0525,State Secretary,Government,Initial,2020-04-01,69542.42,8139.92,4394.19,28124.95,51773.54,191710.11
D003306,A0525,State Secretary,Government,Regular,2018-01-18,64941.98,12115.78,6078.4,165088.26,1624.0,189829.67
D003307,A0525,State Secretary,Government,Regular,2018-07-20,81183.98,9931.04,4473.26,100675.96,16105.31,77539.65
D003308,A0525,State Secretary,Government,Regular,2020-11-02,78719.96,11149.07,3091.49,198570.25,12750.98,169823.06
D003309,A0525,State Secretary,Government,Regular,2020-11-03,85440.88,11778.44,4435.98,187700.96,41480.27,394922.96
D003310,A0526,State Secretary,Government,Initial,2021-03-17,104006.62,1715.88,4136.91,1745.41,20134.09,229393.76
D003311,A0526,State Secretary,Government,Regular,2022-11-17,120960.99,1886.43,2167.85,197074.33,55033.61,55986.35
D003312,A0526,State Secretary,Government,Regular,2026-01-08,119626.64,1053.08,2845.36,52310.19,22175.47,173433.13
D003313,A0526,State Secretary,Government,Regular,2024-04-28,122640.29,1500.02,5480.87,193824.68,52477.18,15489.06
D003314,A0526,State Secretary,Government,Regular,2026-01-09,122214.44,1046.21,3495.61,179926.05,42923.71,525440.82
D003315,A0527,State Secretary,Government,Initial,2021-03-16,84089.34,975.75,19033.17,146749.68,34624.62,267470.26
D003316,A0527,State Secretary,Government,Regular,2020-11-11,91776.55,547.64,10685.91,48398.06,20914.26,76992.42
D003317,A0527,State Secretary,Government,Regular,2023-09-16,84255.76,1158.32,25383.36,38186.44,38058.32,20605.56
D003318,A0527,State Secretary,Government,Regular,2023-10-11,91970.01,953.61,18235.33,70452.72,2996.32,8412.56
D003319,A0527,State Secretary,Government,Regular,2023-10-12,89291.57,881.41,27244.02,76286.64,26842.72,536028.81
D003320,A0528,State Secretary,Government,Initial,2019-02-25,84891.49,721.83,19241.33,121639.68,9286.06,284547.56
D003321,A0528,State Secretary,Government,Regular,2022-07-17,99258.29,741.41,20371.85,140656.84,29023.97,20566.14
D003322,A0528,State Secretary,Government,Regular,2019-01-18,79119.79,733.35,17110.59,196190.52,31041.55,84479.03
D003323,A0528,State Secretary,Government,Regular,2018-12-15,90886.95,700.2,25621.84,87708.15,34748.55,142561.36
D003324,A0528,State Secretary,Government,Regular,2022-07-18,95038.03,659.63,18788.98,8336.88,19250.85,556056.34
D003325,A0529,State Secretary,Government,Initial,2025-11-30,83630.97,7498.48,5111.67,128724.76,4018.43,158719.63
D003326,A0529,State Secretary,Government,Regular,2019-09-07,88952.39,5600.72,7421.4,197477.78,34710.15,118653.4
D003327,A0529,State Secretary,Government,Regular,2023-09-17,79359.8,4943.17,4601.42,28405.25,28087.47,155355.35
D003328,A0529,State Secretary,Government,Regular,2023-05-29,83676.58,4074.03,6038.51,107885.17,16061.08,85064.48
D003329,A0529,State Secretary,Government,Regular,2025-12-01,113976.59,5309.05,6720.76,155273.56,387.6,437204.9
D003330,A0530,State Secretary,Government,Initial,2020-11-10,45759.03,16514.64,3575.39,150789.96,25799.85,158262.81
D003331,A0530,State Secretary,Government,Regular,2021-07-21,42139.02,14383.84,4428.67,12246.0,19196.11,174957.56
D003332,A0530,State Secretary,Government,Regular,2022-02-27,54133.68,15300.3,5249.68,883.64,32662.11,163636.89
D003333,A0530,State Secretary,Government,Regular,2018-02-01,48529.8,17576.58,3474.93,177200.22,50542.21,127781.71
D003334,A0530,State Secretary,Government,Regular,2022-02-28,51902.46,22542.96,4807.51,190026.21,47601.49,377447.89
D003335,A0531,State Secretary,Government,Initial,2025-04-26,125012.64,2319.07,17576.39,100252.54,8412.51,379560.03
D003336,A0531,State Secretary,Government,Regular,2023-08-27,147072.69,1619.69,22501.88,12295.7,26555.12,16588.84
D003337,A0531,State Secretary,Government,Regular,2018-10-27,114313.43,1487.81,23860.83,28162.46,17712.2,58053.48
D003338,A0531,State Secretary,Government,Regular,2020-06-06,145831.55,3395.85,14918.82,131729.37,50925.98,138347.91
D003339,A0531,State Secretary,Government,Regular,2025-04-27,160240.04,2915.98,23450.75,156740.65,54197.46,729592.36
D003340,A0532,State Secretary,Government,Initial,2023-02-08,88256.42,9494.74,7523.96,141955.34,26070.15,214237.49
D003341,A0532,State Secretary,Government,Regular,2022-07-24,87267.83,10513.1,9205.04,75525.53,51281.66,38954.27
D003342,A0532,State Secretary,Government,Regular,2020-12-25,79856.47,10586.57,6520.61,32295.38,49447.2,56309.79
D003343,A0532,State Secretary,Government,Regular,2019-07-21,105547.98,8354.06,9123.91,39255.33,27533.58,40058.15
D003344,A0532,State Secretary,Government,Regular,2023-02-09,94991.31,5585.22,4333.34,51674.55,59044.46,364316.87
D003345,A0533,State Secretary,Government,Initial,2024-07-31,66184.58,5690.28,13435.24,84266.69,45735.78,213675.63
D003346,A0533,State Secretary,Government,Regular,2019-04-14,61206.49,8220.65,7216.63,140419.8,2631.37,79393.09
D003347,A0533,State Secretary,Government,Regular,2019-09-13,67886.69,3020.0,7156.91,80265.14,33631.5,143553.56
D003348,A0533,State Secretary,Government,Regular,2025-07-04,64761.36,5512.32,11235.41,91142.86,33378.34,170778.14
D003349,A0533,State Secretary,Government,Regular,2025-07-05,77661.87,5692.52,9498.93,98399.32,5355.53,287590.23
D003350,A0534,State Secretary,Government,Initial,2025-02-08,70291.97,11402.69,16364.04,76880.78,58217.95,253905.15
D003351,A0534,State Secretary,Government,Regular,2022-05-06,81251.83,13441.24,12110.46,31153.27,52595.78,18323.85
D003352,A0534,State Secretary,Government,Regular,2023-07-20,77869.58,15020.61,14853.12,72973.43,46720.81,28397.4
D003353,A0534,State Secretary,Government,Regular,2022-05-29,74623.2,8710.17,22729.19,180328.34,59310.08,99612.0
D003354,A0534,State Secretary,Government,Exceptional,2018-01-11,57618.24,6093.4,22591.86,135060.26,8475.01,109220.87
D003355,A0534,State Secretary,Government,Exceptional,2025-06-13,57977.85,9169.98,20394.23,157982.15,19177.77,117845.65
D003356,A0534,State Secretary,Government,Regular,2025-06-14,93888.07,9554.54,11593.46,28648.18,52644.7,488367.07
D003357,A0535,State Secretary,Government,Initial,2020-06-08,102963.31,17582.16,13921.48,39629.49,14068.31,349142.28
D003358,A0535,State Secretary,Government,Regular,2022-04-12,111147.02,22199.72,19444.99,162364.7,5364.55,11642.48
D003359,A0535,State Secretary,Government,Regular,2026-02-06,93832.0,9712.66,18386.87,117728.86,3957.99,88673.46
D003360,A0535,State Secretary,Government,Regular,2019-04-12,115126.94,23024.59,11272.54,164789.94,58030.59,34698.03
D003361,A0535,State Secretary,Government,Regular,2026-02-07,161550.8,14697.32,20211.75,12893.79,32625.31,869265.38
D003362,A0536,State Secretary,Government,Initial,2022-10-06,92499.33,1011.45,14791.9,9873.79,15750.73,203346.83
D003363,A0536,State Secretary,Government,Regular,2018-12-29,89977.1,927.99,9916.4,183238.0,1483.95,157773.93
D003364,A0536,State Secretary,Government,Regular,2018-12-04,87143.54,644.4,16791.61,103982.56,20927.41,196828.42
D003365,A0536,State Secretary,Government,Regular,2024-06-01,91660.36,969.84,17711.94,51286.92,27479.91,749.18
D003366,A0536,State Secretary,Government,Regular,2024-06-02,132337.37,580.22,19646.73,199573.08,2180.15,597885.0
D003367,A0537,State Secretary,Government,Initial,2024-12-09,51209.09,15595.1,4890.14,172403.59,25959.02,159497.3
D003368,A0537,State Secretary,Government,Regular,2023-08-26,50546.69,9973.19,5172.3,197487.09,44819.76,27986.16
D003369,A0537,State Secretary,Government,Regular,2022-09-26,55404.21,15195.41,4441.18,172702.87,38858.33,151493.62
D003370,A0537,State Secretary,Government,Regular,2019-03-02,52318.33,15373.99,4787.13,173354.79,30545.23,95743.25
D003371,A0537,State Secretary,Government,Regular,2024-12-10,55057.93,16074.97,6408.48,43348.8,55610.22,285864.99
D003372,A0538,State Secretary,Government,Initial,2022-07-03,96480.13,7150.7,1755.63,130948.07,52745.87,160417.53
D003373,A0538,State Secretary,Government,Regular,2019-12-06,103970.6,4891.62,1636.7,88770.65,49848.15,102975.74
D003374,A0538,State Secretary,Government,Regular,2024-05-23,107070.86,4967.71,2007.71,17125.06,23710.41,163404.57
D003375,A0538,State Secretary,Government,Regular,2019-11-24,92252.22,10130.95,1935.1,178398.13,32266.54,121839.23
D003376,A0538,State Secretary,Government,Regular,2024-05-24,130100.38,5304.66,1436.09,107092.13,8134.74,498399.67
D003377,A0539,State Secretary,Government,Initial,2024-03-31,76485.32,8676.68,19490.63,167189.17,22810.92,247596.91
D003378,A0539,State Secretary,Government,Regular,2022-02-21,90855.2,8956.08,15925.56,184855.54,55107.36,188238.08
D003379,A0539,State Secretary,Government,Regular,2021-04-06,71700.36,8163.17,27129.82,156141.69,19779.69,110287.21
D003380,A0539,State Secretary,Government,Regular,2020-02-11,81953.8,12610.67,12455.98,191453.23,51778.33,173480.51
D003381,A0539,State Secretary,Government,Regular,2024-04-01,80744.6,8961.94,11310.0,22830.15,58619.74,258161.2
D003382,A0540,State Secretary,Government,Initial,2020-01-12,117303.75,7221.22,871.74,143679.86,11018.14,339594.83
D003383,A0540,State Secretary,Government,Regular,2023-11-12,138930.83,7663.0,1210.84,69916.15,27783.33,9957.9
D003384,A0540,State Secretary,Government,Regular,2020-08-12,128185.8,9199.41,949.89,3603.57,6100.52,175437.71
D003385,A0540,State Secretary,Government,Regular,2021-10-24,127871.17,4071.38,877.99,167122.63,2167.74,55047.41
D003386,A0540,State Secretary,Government,Regular,2023-11-13,185506.9,6509.93,996.51,68925.91,59727.82,909570.99
D003387,A0541,State Secretary,Government,Initial,2023-08-04,70807.43,4216.41,2381.32,112158.69,23066.51,74119.3
D003388,A0541,State Secretary,Government,Regular,2025-03-02,67880.94,6073.41,3125.22,157099.27,54281.91,130241.65
D003389,A0541,State Secretary,Government,Regular,2022-10-01,66677.08,5067.07,2558.06,72696.01,28174.41,158521.01
D003390,A0541,State Secretary,Government,Regular,2025-02-14,69850.41,2213.12,3117.09,98963.63,46913.68,18404.34
D003391,A0541,State Secretary,Government,Regular,2025-03-03,82579.43,3756.94,2770.3,119512.3,54077.49,421997.36
D003392,A0542,State Secretary,Government,Initial,2022-03-07,55571.22,14407.22,10855.0,98589.36,12496.72,116559.97
D003393,A0542,State Secretary,Government,Regular,2020-06-15,54255.06,17642.42,8474.36,131063.28,53779.41,195036.63
D003394,A0542,State Secretary,Government,Regular,2025-06-07,63729.98,12302.84,14914.76,39725.33,44852.3,53533.6
D003395,A0542,State Secretary,Government,Regular,2020-03-23,63126.94,15294.19,14721.01,132270.09,55609.74,130982.83
D003396,A0542,State Secretary,Government,Regular,2025-06-08,76576.5,19517.12,14460.22,43166.86,58718.24,442396.44
D003397,A0543,State Secretary,Government,Initial,2024-10-30,54033.76,585.97,13259.91,92144.63,21895.12,198548.64
D003398,A0543,State Secretary,Government,Regular,2021-04-05,52580.84,746.02,15254.79,154290.7,36605.04,43688.61
D003399,A0543,State Secretary,Government,Regular,2025-04-11,52712.45,435.88,19563.63,86124.71,35823.78,67443.3
D003400,A0543,State Secretary,Government,Regular,2024-01-03,49143.82,306.92,16230.92,61120.32,47982.59,72235.63
D003401,A0543,State Secretary,Government,Regular,2025-04-12,73352.36,604.73,11945.76,33036.99,49363.9,260774.29
D003402,A0544,State Secretary,Government,Initial,2023-07-01,47221.53,19716.23,12070.17,39230.2,2740.7,131201.34
D003403,A0544,State Secretary,Government,Regular,2019-08-05,54463.47,21496.42,9289.7,157693.8,20721.58,125777.17
D003404,A0544,State Secretary,Government,Regular,2025-09-09,42567.2,20943.14,6380.02,84342.03,20104.95,198561.35
D003405,A0544,State Secretary,Government,Regular,2019-03-27,47519.23,23197.8,14352.97,127205.15,17993.84,68699.34
D003406,A0544,State Secretary,Government,Regular,2025-09-10,74404.74,11715.65,8566.41,45395.17,3883.81,380209.32
D003407,A0545,State Secretary,Government,Initial,2021-09-16,107177.87,13733.29,13690.93,164872.83,45035.81,351723.74
D003408,A0545,State Secretary,Government,Regular,2020-02-10,98989.57,16775.91,19244.62,22335.07,14340.04,70518.57
D003409,A0545,State Secretary,Government,Regular,2018-04-30,105294.9,18800.01,12336.96,36930.12,27643.15,52838.48
D003410,A0545,State Secretary,Government,Regular,2024-03-08,110418.86,16145.46,19250.96,161224.87,20636.76,138380.14
D003411,A0545,State Secretary,Government,Regular,2024-03-09,139068.23,14125.1,14430.34,135379.41,20913.7,449396.11
D003412,A0546,State Secretary,Government,Initial,2019-01-20,93192.07,8627.78,819.56,120725.7,54531.42,148825.13
D003413,A0546,State Secretary,Government,Regular,2018-11-18,97198.49,12095.08,659.28,165759.47,18759.87,136852.63
D003414,A0546,State Secretary,Government,Regular,2025-09-21,96558.79,4583.51,1036.63,27142.49,11188.62,169040.21
D003415,A0546,State Secretary,Government,Regular,2022-08-30,96611.13,6448.84,614.81,19093.67,50606.46,169171.21
D003416,A0546,State Secretary,Government,Regular,2025-09-22,139627.19,7545.44,756.6,144382.74,52169.28,526595.89
D003417,A0547,State Secretary,Government,Initial,2022-12-16,118297.02,3476.0,8486.3,102739.09,31543.14,353341.17
D003418,A0547,State Secretary,Government,Regular,2022-05-26,112137.9,3785.9,12160.1,84779.29,14042.48,120701.47
D003419,A0547,State Secretary,Government,Regular,2022-11-03,115002.41,4484.38,6236.34,123693.29,20161.63,14750.73
D003420,A0547,State Secretary,Government,Regular,2023-07-17,139863.45,2818.22,4518.84,65986.03,36932.72,118034.6
D003421,A0547,State Secretary,Government,Exceptional,2019-05-28,148721.8,4184.75,7796.98,45512.8,48229.74,189528.57
D003422,A0547,State Secretary,Government,Exceptional,2020-05-31,111222.68,2534.53,10823.42,183951.57,31835.56,7695.66
D003423,A0547,State Secretary,Government,Regular,2023-07-18,153933.89,4693.32,5010.75,58350.47,9135.22,658595.55
D003424,A0548,State Secretary,Government,Initial,2020-10-05,54229.16,5955.6,923.96,135904.38,33178.62,99095.17
D003425,A0548,State Secretary,Government,Regular,2020-11-11,50962.09,5132.61,804.85,75719.35,11088.32,121926.78
D003426,A0548,State Secretary,Government,Regular,2019-03-28,60492.66,4721.63,484.42,57047.51,15525.65,179060.02
D003427,A0548,State Secretary,Government,Regular,2023-11-06,62648.34,4187.52,738.39,87175.73,36902.22,45004.77
D003428,A0548,State Secretary,Government,Regular,2023-11-07,83076.86,7061.41,1252.66,132894.49,35115.35,382693.8
D003429,A0549,State Secretary,Government,Initial,2022-05-16,40720.31,315.99,2941.55,116909.31,56923.42,97878.87
D003430,A0549,State Secretary,Government,Regular,2021-10-23,46529.85,445.46,2099.18,32344.74,6692.56,85472.14
D003431,A0549,State Secretary,Government,Regular,2025-09-08,44153.64,392.98,3621.5,97834.36,49205.82,31123.96
D003432,A0549,State Secretary,Government,Regular,2019-02-06,43901.02,235.79,3139.22,15103.2,19335.78,43566.24
D003433,A0549,State Secretary,Government,Regular,2025-09-09,59728.89,193.99,1549.92,27381.8,30830.69,141548.92
D003434,A0550,State Secretary,Government,Initial,2020-11-07,94346.93,6925.14,11897.14,123750.08,43739.74,178383.99
D003435,A0550,State Secretary,Government,Regular,2021-01-27,93907.16,3534.26,17705.22,1175.68,46566.82,75456.75
D003436,A0550,State Secretary,Government,Regular,2023-11-03,91819.45,6886.13,13240.54,177410.87,44686.57,61935.72
D003437,A0550,State Secretary,Government,Regular,2021-11-19,109833.92,4640.54,9710.54,79953.01,45673.95,9446.18
D003438,A0550,State Secretary,Government,Regular,2023-11-04,97037.18,3521.5,15238.7,157735.81,16388.55,426452.15
D003439,A0551,State Secretary,Government,Initial,2018-07-02,64798.57,12508.67,10729.39,144720.28,14405.62,194523.92
D003440,A0551,State Secretary,Government,Regular,2018-11-06,75593.99,16637.84,12500.07,89281.44,4300.26,174269.51
D003441,A0551,State Secretary,Government,Regular,2021-07-08,60265.17,9313.55,9391.4,20110.01,18630.26,29779.45
D003442,A0551,State Secretary,Government,Regular,2019-02-08,62887.43,14479.22,7178.59,159218.85,10428.76,154189.65
D003443,A0551,State Secretary,Government,Regular,2021-07-09,91436.27,7214.97,13435.99,77347.12,7293.51,362945.33
D003444,A0552,State Secretary,Government,Initial,2020-10-02,71533.59,180.75,10749.42,135347.36,40813.27,232589.25
D003445,A0552,State Secretary,Government,Regular,2022-04-08,77261.27,174.58,10859.93,141286.17,38880.96,85682.14
D003446,A0552,State Secretary,Government,Regular,2020-01-25,65371.11,94.56,6765.7,51395.83,43036.28,156108.67
D003447,A0552,State Secretary,Government,Regular,2023-04-26,83980.25,172.93,10036.75,53798.85,21911.03,158855.41
D003448,A0552,State Secretary,Government,Regular,2023-04-27,100345.54,241.84,8821.42,36060.67,27526.67,294130.06
D003449,A0553,State Secretary,Government,Initial,2022-01-28,41012.92,15621.61,15069.5,124443.16,47912.85,124816.64
D003450,A0553,State Secretary,Government,Regular,2022-09-18,44361.72,10025.45,13493.65,67686.31,49362.16,120007.96
D003451,A0553,State Secretary,Government,Regular,2023-02-01,42175.05,9033.16,14153.13,146872.31,48652.87,137619.72
D003452,A0553,State Secretary,Government,Regular,2025-07-30,43076.19,14298.05,9665.07,85131.41,35079.26,80158.4
D003453,A0553,State Secretary,Government,Exceptional,2022-07-04,48495.98,13773.31,19234.12,108780.56,56397.34,74451.06
D003454,A0553,State Secretary,Government,Exceptional,2023-07-19,37064.88,9348.69,15739.65,170414.51,28669.64,57299.1
D003455,A0553,State Secretary,Government,Regular,2025-07-31,65442.34,10402.02,9641.31,137478.12,55657.76,266521.54
D003456,A0554,State Secretary,Government,Initial,2020-06-13,68078.08,1376.95,5942.39,78196.46,22875.79,115519.53
D003457,A0554,State Secretary,Government,Regular,2018-01-04,67333.1,1624.77,3396.78,91415.76,46748.12,136839.56
D003458,A0554,State Secretary,Government,Regular,2019-12-15,74059.61,829.29,4073.92,102271.74,6761.68,79356.43
D003459,A0554,State Secretary,Government,Regular,2023-12-19,76324.82,973.79,8456.5,52386.38,1632.79,50050.39
D003460,A0554,State Secretary,Government,Regular,2023-12-20,90080.14,1466.97,6495.95,180478.81,55618.36,369884.58
D003461,A0555,State Secretary,Government,Initial,2022-07-03,107940.97,4626.53,566.14,108256.74,29185.28,243988.43
D003462,A0555,State Secretary,Government,Regular,2026-03-05,104498.08,6213.15,716.45,115330.63,10867.5,190417.72
D003463,A0555,State Secretary,Government,Regular,2025-12-05,129135.11,5060.77,657.47,33533.43,56102.53,76660.35
D003464,A0555,State Secretary,Government,Regular,2024-09-16,104369.88,2611.28,797.03,9975.92,44569.61,137118.25
D003465,A0555,State Secretary,Government,Regular,2026-03-06,113248.82,4402.9,355.69,31375.64,28788.85,323630.45
D003466,A0556,State Secretary,Government,Initial,2021-10-02,83647.36,8927.0,11667.78,197780.29,24028.71,272763.12
D003467,A0556,State Secretary,Government,Regular,2025-08-05,86529.83,9934.16,15052.12,145435.78,39370.13,166526.15
D003468,A0556,State Secretary,Government,Regular,2023-05-09,97726.63,9655.76,11070.34,120053.49,18943.43,185971.7
D003469,A0556,State Secretary,Government,Regular,2019-07-07,77954.04,5572.58,9091.06,170733.46,47431.65,197568.95
D003470,A0556,State Secretary,Government,Regular,2025-08-06,120674.83,9399.17,12070.75,20401.1,56429.15,512206.47
D003471,A0557,State Secretary,Government,Initial,2022-07-29,79251.6,12636.85,13694.23,191513.76,42393.95,175322.31
D003472,A0557,State Secretary,Government,Regular,2020-03-30,91038.47,8443.48,13160.13,191016.81,49968.18,89726.27
D003473,A0557,State Secretary,Government,Regular,2019-12-31,89035.52,15837.7,8262.49,119336.7,36528.15,43583.72
D003474,A0557,State Secretary,Government,Regular,2024-04-15,83383.38,7439.06,18339.04,42251.83,51176.74,142105.47
D003475,A0557,State Secretary,Government,Regular,2024-04-16,121432.13,6995.15,14110.55,189551.91,41861.96,437237.93
D003476,A0558,State Secretary,Government,Initial,2022-05-13,112329.82,9991.82,8520.36,98750.33,11311.51,179719.98
D003477,A0558,State Secretary,Government,Regular,2020-06-27,128139.42,11900.79,7852.3,24106.87,50254.71,15376.35
D003478,A0558,State Secretary,Government,Regular,2024-11-19,130111.05,8287.45,9188.32,150862.6,2724.54,137849.42
D003479,A0558,State Secretary,Government,Regular,2018-08-19,109274.65,11715.96,9384.13,149947.02,22294.29,155304.98
D003480,A0558,State Secretary,Government,Regular,2024-11-20,135362.8,9203.45,12505.22,173514.95,40804.95,613661.41
D003481,A0559,State Secretary,Government,Initial,2021-08-12,113086.5,3062.97,17012.23,199838.1,13069.64,235920.32
D003482,A0559,State Secretary,Government,Regular,2021-11-01,105368.62,4008.58,9692.54,120039.78,44386.0,64534.25
D003483,A0559,State Secretary,Government,Regular,2018-10-01,123129.16,4113.7,23872.04,166294.5,49924.29,173529.26
D003484,A0559,State Secretary,Government,Regular,2020-01-06,132467.39,1857.06,20469.37,36439.43,11272.18,162219.62
D003485,A0559,State Secretary,Government,Exceptional,2024-01-30,112813.11,3281.82,12948.35,51641.6,49488.88,144665.58
D003486,A0559,State Secretary,Government,Exceptional,2024-03-22,104700.52,2247.47,13847.12,43525.61,3163.28,48472.29
D003487,A0559,State Secretary,Government,Regular,2024-03-23,173797.42,3984.86,18676.29,104263.29,44212.7,795390.85
D003488,A0560,State Secretary,Government,Initial,2021-02-10,95061.22,8572.98,13232.04,72472.49,47295.6,153263.35
D003489,A0560,State Secretary,Government,Regular,2026-03-07,86470.83,12733.2,14704.48,173248.73,42157.09,92180.45
D003490,A0560,State Secretary,Government,Regular,2025-02-18,107696.75,5899.77,15228.1,152086.94,5576.86,80092.02
D003491,A0560,State Secretary,Government,Regular,2018-09-21,87452.78,6054.2,19358.35,94093.71,56058.33,90564.25
D003492,A0560,State Secretary,Government,Regular,2026-03-08,102823.09,8391.42,9611.26,58746.85,672.31,407078.95
D003493,A0561,State Secretary,Government,Initial,2026-02-04,95045.62,12926.79,14699.51,189019.29,5643.46,365589.7
D003494,A0561,State Secretary,Government,Regular,2020-07-29,108658.77,7256.2,17252.95,49126.71,44011.18,86775.9
D003495,A0561,State Secretary,Government,Regular,2021-06-17,111254.35,7680.38,15350.37,129762.7,18600.23,53691.1
D003496,A0561,State Secretary,Government,Regular,2021-04-29,107233.68,13608.63,19888.53,31060.27,59114.99,6163.47
D003497,A0561,State Secretary,Government,Regular,2026-02-05,108997.41,17280.32,12757.05,139541.33,18459.02,607941.05
D003498,A0562,State Secretary,Government,Initial,2018-02-03,123797.99,2360.31,14716.77,85159.34,3907.54,437717.55
D003499,A0562,State Secretary,Government,Regular,2024-11-14,141230.23,1852.86,11904.83,70310.6,37259.83,124008.25
D003500,A0562,State Secretary,Government,Regular,2018-09-24,144741.7,2283.5,12066.56,166163.6,8054.11,167754.14
D003501,A0562,State Secretary,Government,Regular,2019-01-18,136835.55,2652.02,14842.91,164930.37,23132.61,15218.66
D003502,A0562,State Secretary,Government,Regular,2024-11-15,181728.14,1244.26,10296.35,76666.17,36990.17,740309.68
D003503,A0563,State Secretary,Government,Initial,2022-10-01,129007.66,704.65,19136.2,48372.39,22933.86,371058.26
D003504,A0563,State Secretary,Government,Regular,2024-09-23,122812.8,470.62,16207.87,46342.56,23023.4,113736.23
D003505,A0563,State Secretary,Government,Regular,2019-01-16,148414.19,792.81,19935.45,150898.94,36529.79,3248.52
D003506,A0563,State Secretary,Government,Regular,2024-12-19,146799.73,904.38,15415.05,56088.54,37855.57,29759.26
D003507,A0563,State Secretary,Government,Exceptional,2022-10-06,146639.62,713.38,13162.28,82022.3,12094.31,59981.59
D003508,A0563,State Secretary,Government,Exceptional,2023-10-21,137960.66,514.45,14125.01,41737.39,22255.62,187814.17
D003509,A0563,State Secretary,Government,Regular,2024-12-20,186099.56,620.97,26839.1,50880.36,2236.95,941007.33
D003510,A0564,State Secretary,Government,Initial,2021-09-12,111193.54,3514.56,4981.79,112404.0,23023.14,158903.72
D003511,A0564,State Secretary,Government,Regular,2021-11-08,100768.82,2702.65,4184.83,166572.77,34657.06,69479.22
D003512,A0564,State Secretary,Government,Regular,2024-04-10,121209.9,5046.72,6511.0,197739.24,36526.72,175827.59
D003513,A0564,State Secretary,Government,Regular,2023-05-19,128212.64,4799.58,3730.06,85384.0,54258.43,174724.9
D003514,A0564,State Secretary,Government,Regular,2024-04-11,132993.64,2891.48,2969.77,172377.42,24291.46,495620.27
D003515,A0565,State Secretary,Government,Initial,2023-09-15,110256.78,10460.67,90.6,152404.42,47890.18,152208.58
D003516,A0565,State Secretary,Government,Regular,2023-02-09,106252.25,8104.63,71.11,145945.17,38703.37,133392.4
D003517,A0565,State Secretary,Government,Regular,2023-10-16,131080.03,9725.28,98.67,122258.11,15492.85,3280.22
D003518,A0565,State Secretary,Government,Regular,2025-11-10,102753.53,12555.74,122.78,4449.81,51797.42,171023.01
D003519,A0565,State Secretary,Government,Regular,2025-11-11,115880.11,7959.13,85.2,16407.1,1579.01,561244.87
D003520,A0566,State Secretary,Government,Initial,2022-09-12,56071.0,19027.96,14316.48,189065.9,6157.74,243461.25
D003521,A0566,State Secretary,Government,Regular,2022-11-06,62708.05,9514.96,12007.33,108563.91,30310.99,188736.56
D003522,A0566,State Secretary,Government,Regular,2025-09-11,52077.43,18864.22,11346.26,112595.02,43392.27,36140.4
D003523,A0566,State Secretary,Government,Regular,2021-03-09,62142.83,27964.56,12425.81,177518.37,59002.96,115096.74
D003524,A0566,State Secretary,Government,Regular,2025-09-12,85775.51,28393.39,11141.64,151893.76,998.33,446681.19
D003525,A0567,State Secretary,Government,Initial,2020-12-18,115687.21,11532.28,18967.83,96894.51,18652.0,401519.35
D003526,A0567,State Secretary,Government,Regular,2019-12-30,131723.94,10778.46,18429.69,140601.58,35269.64,179901.73
D003527,A0567,State Secretary,Government,Regular,2022-12-31,108434.95,16825.21,25501.96,66087.68,58820.26,136497.78
D003528,A0567,State Secretary,Government,Regular,2020-09-12,122822.24,15814.14,28432.63,85566.51,10345.78,75278.41
D003529,A0567,State Secretary,Government,Regular,2023-01-01,151376.41,14871.87,21418.19,152118.23,14962.09,746495.75
D003530,A0568,State Secretary,Government,Initial,2018-03-19,105874.09,8144.08,11185.75,10354.13,23121.76,206931.61
D003531,A0568,State Secretary,Government,Regular,2026-01-28,121963.73,4249.06,6481.77,152825.44,26356.5,115621.12
D003532,A0568,State Secretary,Government,Regular,2024-09-28,105878.23,11946.04,12420.55,41679.25,45545.52,128540.08
D003533,A0568,State Secretary,Government,Regular,2023-08-26,122591.22,5272.72,15304.65,141622.61,27579.99,104836.17
D003534,A0568,State Secretary,Government,Regular,2026-01-29,108972.35,5833.07,9256.75,29336.2,56721.27,388995.51
D003535,A0569,State Secretary,Government,Initial,2026-01-22,60404.46,5625.18,12577.36,51633.0,30520.2,214778.76
D003536,A0569,State Secretary,Government,Regular,2020-09-28,58579.56,5834.53,14769.16,30107.84,13341.02,87948.89
D003537,A0569,State Secretary,Government,Regular,2022-09-24,55972.78,6829.33,15630.95,9563.43,52967.72,167639.69
D003538,A0569,State Secretary,Government,Regular,2023-01-03,59826.75,7686.17,12086.64,177228.39,10383.56,82695.29
D003539,A0569,State Secretary,Government,Exceptional,2020-09-30,76810.34,5312.96,10227.43,8228.03,36855.19,181897.95
D003540,A0569,State Secretary,Government,Exceptional,2024-10-15,63073.88,5602.1,16143.75,193237.7,51521.41,122655.15
D003541,A0569,State Secretary,Government,Regular,2026-01-23,85199.46,6469.31,18123.34,167862.16,42771.73,358206.99
D003542,A0570,State Secretary,Government,Initial,2023-05-05,49025.82,14998.09,15744.23,175635.52,52152.77,214376.59
D003543,A0570,State Secretary,Government,Regular,2022-05-14,50973.09,15861.57,12302.42,53027.68,9017.86,191659.52
D003544,A0570,State Secretary,Government,Regular,2023-05-21,50318.88,12818.74,12723.31,89030.43,11983.27,17653.38
D003545,A0570,State Secretary,Government,Regular,2021-07-22,55218.49,18995.54,18133.27,41592.18,37319.42,11637.77
D003546,A0570,State Secretary,Government,Exceptional,2026-01-18,40360.78,20264.01,19498.83,159261.75,22356.04,71413.67
D003547,A0570,State Secretary,Government,Exceptional,2023-09-05,42897.96,18670.6,19244.98,68681.05,31520.02,191718.03
D003548,A0570,State Secretary,Government,Regular,2026-01-19,58836.84,17356.17,13625.95,68391.29,10817.6,382826.56
D003549,A0571,State Secretary,Government,Initial,2018-05-31,124148.66,8596.75,637.83,136707.66,54927.04,355318.17
D003550,A0571,State Secretary,Government,Regular,2020-12-01,129105.23,11652.61,682.88,15736.27,3595.8,49102.97
D003551,A0571,State Secretary,Government,Regular,2021-06-14,133518.69,10775.71,549.6,84283.05,4719.87,137886.98
D003552,A0571,State Secretary,Government,Regular,2024-09-14,130425.52,9383.94,573.48,62871.63,4820.99,109523.71
D003553,A0571,State Secretary,Government,Regular,2024-09-15,147857.2,6146.99,932.3,157511.09,16600.91,529490.48
D003554,A0572,State Secretary,Government,Initial,2018-01-01,60641.27,8973.55,18466.34,102145.34,45846.89,171204.25
D003555,A0572,State Secretary,Government,Regular,2021-02-23,67685.61,11065.08,16834.07,134242.94,51509.96,166778.77
D003556,A0572,State Secretary,Government,Regular,2024-02-21,70685.37,10841.57,9525.36,74572.79,7990.03,80823.21
D003557,A0572,State Secretary,Government,Regular,2024-09-25,65240.91,4637.31,21086.78,13559.88,43099.74,140276.73
D003558,A0572,State Secretary,Government,Regular,2024-09-26,60772.57,6106.32,22240.33,99275.92,54496.09,294220.19
D003559,A0573,State Secretary,Government,Initial,2018-10-03,113817.59,13608.18,12462.83,84466.21,54877.55,150376.89
D003560,A0573,State Secretary,Government,Regular,2020-06-04,132335.85,14042.75,10918.65,61665.4,18451.7,173522.97
D003561,A0573,State Secretary,Government,Regular,2020-05-23,121275.94,18207.86,9388.63,146646.47,30020.56,33531.92
D003562,A0573,State Secretary,Government,Regular,2023-02-08,112653.2,10919.83,7829.18,37595.52,36342.46,56405.2
D003563,A0573,State Secretary,Government,Exceptional,2025-07-16,100528.45,16629.29,15990.95,96170.17,13539.62,71469.76
D003564,A0573,State Secretary,Government,Exceptional,2018-12-03,121629.49,16979.19,14951.43,171880.3,24817.19,185134.23
D003565,A0573,State Secretary,Government,Regular,2025-07-17,172856.66,13323.31,7421.77,18034.51,12213.35,728961.67
D003566,A0574,State Secretary,Government,Initial,2023-12-30,48789.85,2827.08,10282.33,39119.08,54042.12,143955.23
D003567,A0574,State Secretary,Government,Regular,2018-11-18,49022.99,4101.72,14761.99,155164.04,21880.79,33557.51
D003568,A0574,State Secretary,Government,Regular,2019-05-03,51067.74,3116.34,8675.49,124523.56,37192.6,161769.18
D003569,A0574,State Secretary,Government,Regular,2023-11-11,48354.48,3918.88,13301.77,15195.25,10248.55,199591.82
D003570,A0574,State Secretary,Government,Regular,2023-12-31,58458.79,3696.84,13773.22,194600.26,6636.13,322753.87
D003571,A0575,State Secretary,Government,Initial,2019-01-11,47781.45,10760.74,18849.28,19420.18,13220.35,249826.55
D003572,A0575,State Secretary,Government,Regular,2024-02-22,55782.87,13616.95,23228.72,198550.51,57631.04,13006.13
D003573,A0575,State Secretary,Government,Regular,2020-11-23,55419.06,7414.99,11821.05,121340.06,48985.81,62351.35
D003574,A0575,State Secretary,Government,Regular,2019-10-06,44476.83,11925.76,16398.41,92662.06,50471.05,195614.98
D003575,A0575,State Secretary,Government,Regular,2024-02-23,71875.24,13294.95,11339.82,12662.84,18863.69,279713.41
D003576,A0576,State Secretary,Government,Initial,2022-01-24,39067.79,1743.12,14474.58,17624.21,14967.51,115212.1
D003577,A0576,State Secretary,Government,Regular,2020-03-12,45111.28,2531.48,11879.69,7798.29,3533.16,61462.37
D003578,A0576,State Secretary,Government,Regular,2018-02-12,40432.59,1800.34,16960.14,19961.65,2847.16,199963.28
D003579,A0576,State Secretary,Government,Regular,2022-07-27,39386.93,1828.59,16843.26,62572.42,27397.11,148284.47
D003580,A0576,State Secretary,Government,Regular,2022-07-28,44632.16,2266.44,11949.29,177269.04,7180.76,277705.83
D003581,A0577,State Secretary,Government,Initial,2022-09-04,89763.59,1965.61,8132.19,122774.92,54290.37,117597.72
D003582,A0577,State Secretary,Government,Regular,2021-06-10,99218.46,2820.52,11526.25,160738.28,1374.47,194339.79
D003583,A0577,State Secretary,Government,Regular,2025-10-16,100935.92,2913.43,7160.68,123171.9,1036.16,179034.31
D003584,A0577,State Secretary,Government,Regular,2025-11-16,100356.86,2233.81,5367.55,50011.74,48003.71,24699.58
D003585,A0577,State Secretary,Government,Regular,2025-11-17,112244.16,1972.41,5090.31,137402.82,37969.18,559235.19
D003586,A0578,State Secretary,Government,Initial,2020-03-03,70210.84,13007.67,7620.58,123656.64,46745.81,126207.93
D003587,A0578,State Secretary,Government,Regular,2025-01-30,68897.69,13956.39,10915.7,17270.06,232.93,69052.54
D003588,A0578,State Secretary,Government,Regular,2020-08-01,66120.76,16905.46,8636.8,187396.51,38013.06,98455.32
D003589,A0578,State Secretary,Government,Regular,2019-06-28,74801.26,12433.58,9171.05,31580.13,1830.33,192032.62
D003590,A0578,State Secretary,Government,Regular,2025-01-31,108666.83,9981.19,6398.24,98669.15,7729.07,499213.98
D003591,A0579,Advisor,Government,Initial,2025-08-04,123927.56,2894.96,6992.96,17637.64,11175.98,143443.68
D003592,A0579,Advisor,Government,Regular,2023-09-28,144422.11,3771.68,3657.8,185949.53,54811.65,189545.03
D003593,A0579,Advisor,Government,Regular,2022-06-25,112127.26,2547.86,5510.71,5735.98,47477.7,166350.71
D003594,A0579,Advisor,Government,Regular,2020-12-09,112010.45,3714.74,9420.91,177281.78,15809.4,190923.87
D003595,A0579,Advisor,Government,Regular,2025-08-05,153606.18,4283.76,10251.96,493298.5,34774.31,51435.13
D003596,A0580,Advisor,Government,Initial,2022-05-13,80267.65,14573.54,10101.19,117990.54,57776.21,51917.06
D003597,A0580,Advisor,Government,Regular,2021-09-10,87339.35,12451.91,13184.67,44111.52,33531.84,106168.63
D003598,A0580,Advisor,Government,Regular,2023-09-22,82903.58,20112.56,8561.71,139451.39,54679.36,122668.48
D003599,A0580,Advisor,Government,Regular,2020-08-31,74024.48,12961.02,14737.45,83338.09,7678.62,185495.66
D003600,A0580,Advisor,Government,Regular,2023-09-23,120883.68,7622.4,5941.36,460212.68,43614.96,38705.93
D003601,A0581,Advisor,Government,Initial,2024-11-25,122210.49,9639.89,11782.43,0.0,26832.99,176441.42
D003602,A0581,Advisor,Government,Regular,2018-03-05,117847.05,4980.7,9770.83,151985.6,43816.58,171367.58
D003603,A0581,Advisor,Government,Regular,2023-11-05,131505.7,14366.6,9692.84,49178.38,10109.31,143651.62
D003604,A0581,Advisor,Government,Regular,2021-04-02,121283.15,10499.01,14769.11,51923.1,48532.74,146215.4
D003605,A0581,Advisor,Government,Regular,2024-11-26,192386.19,7069.49,11081.38,1078450.01,35311.44,176540.99
D003606,A0582,Advisor,Government,Initial,2023-07-15,70883.94,4301.06,1125.91,30250.42,43722.77,25218.92
D003607,A0582,Advisor,Government,Regular,2018-02-02,80974.16,3250.94,1137.77,103413.57,48881.55,105744.11
D003608,A0582,Advisor,Government,Regular,2022-08-23,81545.87,3577.31,1338.44,29849.94,53455.13,73511.99
D003609,A0582,Advisor,Government,Regular,2025-06-10,83769.1,4450.72,771.89,177181.21,31532.23,32949.93
D003610,A0582,Advisor,Government,Regular,2025-06-11,93702.39,2157.46,1423.08,237350.51,9255.74,74703.32
D003611,A0583,Advisor,Government,Initial,2022-08-05,119827.78,10284.78,8541.88,221639.22,40890.5,166360.63
D003612,A0583,Advisor,Government,Regular,2025-03-02,125646.94,5332.37,12377.95,55708.38,48102.61,43762.18
D003613,A0583,Advisor,Government,Regular,2021-01-06,134233.45,11051.33,11368.82,94988.78,8793.56,46210.2
D003614,A0583,Advisor,Government,Regular,2025-02-18,115058.61,14785.7,7024.65,68922.58,47237.5,65950.61
D003615,A0583,Advisor,Government,Regular,2025-03-03,165015.42,14643.12,10250.43,652348.82,32246.94,91470.8
D003616,A0584,Advisor,Government,Initial,2022-10-22,126696.8,1287.4,12722.27,317871.16,23146.3,177464.52
D003617,A0584,Advisor,Government,Regular,2022-12-23,126312.8,798.57,15879.83,23563.26,37025.76,98603.95
D003618,A0584,Advisor,Government,Regular,2020-11-19,126746.66,989.01,11529.67,157426.07,4316.49,71638.09
D003619,A0584,Advisor,Government,Regular,2025-03-11,130592.61,1785.26,14139.24,88119.94,35931.11,47516.57
D003620,A0584,Advisor,Government,Regular,2025-03-12,181629.42,1819.76,6994.96,574304.22,21057.74,100863.36
D003621,A0585,Advisor,Government,Initial,2025-03-03,113507.02,7920.05,3833.43,166878.63,45516.06,65456.2
D003622,A0585,Advisor,Government,Regular,2019-09-28,108032.08,6183.83,2400.69,56152.87,32487.01,149021.51
D003623,A0585,Advisor,Government,Regular,2021-06-04,128454.54,8713.66,3755.21,82041.96,2929.19,125685.9
D003624,A0585,Advisor,Government,Regular,2020-11-06,116999.43,9457.79,5577.32,160892.88,52454.68,194165.66
D003625,A0585,Advisor,Government,Regular,2025-03-04,132208.05,10245.65,2670.12,496243.82,300.48,167701.07
D003626,A0586,Advisor,Government,Initial,2021-11-17,51917.36,14955.02,7494.56,107187.11,23947.92,197352.91
D003627,A0586,Advisor,Government,Regular,2021-08-29,50794.09,13711.19,3865.49,49009.68,9254.46,78590.19
D003628,A0586,Advisor,Government,Regular,2024-11-24,60595.82,14724.05,5750.75,149547.72,59433.79,126598.41
D003629,A0586,Advisor,Government,Regular,2019-07-19,54447.38,8196.51,6241.15,41242.03,55510.73,170513.2
D003630,A0586,Advisor,Government,Regular,2024-11-25,61228.61,16052.5,4549.84,278280.83,42635.84,164202.33
D003631,A0587,Advisor,Government,Initial,2022-01-03,74444.75,12530.75,13656.01,155338.4,21865.85,8514.75
D003632,A0587,Advisor,Government,Regular,2021-08-07,83139.63,16913.9,15690.86,131271.86,33424.97,172179.07
D003633,A0587,Advisor,Government,Regular,2025-07-21,78102.83,10528.13,11198.28,27751.95,54851.15,77255.47
D003634,A0587,Advisor,Government,Regular,2022-09-04,72802.98,18074.26,11891.39,95538.5,30719.91,57714.27
D003635,A0587,Advisor,Government,Regular,2025-07-22,92107.09,11851.72,15151.48,321503.2,49871.37,166027.2
D003636,A0588,Advisor,Government,Initial,2018-10-08,108127.66,11251.53,11390.36,55219.48,30292.35,91216.97
D003637,A0588,Advisor,Government,Regular,2019-09-20,115888.63,13366.73,9100.16,158693.09,36240.92,33042.27
D003638,A0588,Advisor,Government,Regular,2020-04-23,119119.41,10457.67,8834.28,108299.53,31200.81,134592.77
D003639,A0588,Advisor,Government,Regular,2020-09-28,114096.82,12872.8,13246.57,95173.75,26398.49,86874.61
D003640,A0588,Advisor,Government,Regular,2020-09-29,132731.16,9217.7,15922.48,632089.2,21698.68,60598.48
D003641,A0589,Advisor,Government,Initial,2023-07-11,94864.22,14167.26,12772.94,0.0,59039.43,86381.88
D003642,A0589,Advisor,Government,Regular,2019-02-22,94948.24,12899.68,13586.29,190149.89,43555.44,166013.69
D003643,A0589,Advisor,Government,Regular,2020-12-24,107225.45,19247.58,7073.25,80983.07,56967.69,48198.2
D003644,A0589,Advisor,Government,Regular,2019-04-07,95218.28,12183.03,12310.72,24997.87,3057.19,9547.74
D003645,A0589,Advisor,Government,Regular,2023-07-12,101869.14,11801.7,9608.59,603146.96,13722.97,57547.28
D003646,A0590,Advisor,Government,Initial,2022-02-05,54039.19,1435.13,17888.62,19018.83,32193.58,26698.38
D003647,A0590,Advisor,Government,Regular,2023-04-03,64229.76,1200.87,13498.08,44650.16,16221.81,193280.77
D003648,A0590,Advisor,Government,Regular,2025-02-09,56543.34,854.23,18496.25,175107.24,22445.55,42799.34
D003649,A0590,Advisor,Government,Regular,2025-06-17,53726.96,1058.82,11530.42,73343.71,22372.76,110537.54
D003650,A0590,Advisor,Government,Regular,2025-06-18,81080.08,1685.06,19356.79,320986.67,20640.63,149367.47
D003651,A0591,Advisor,Government,Initial,2020-12-11,78779.91,18559.32,1954.42,150716.35,2658.68,157482.97
D003652,A0591,Advisor,Government,Regular,2025-01-16,86034.16,23694.59,1779.59,47667.23,44499.81,131040.22
D003653,A0591,Advisor,Government,Regular,2025-02-26,78038.24,9314.57,1012.86,20352.4,24026.83,118580.61
D003654,A0591,Advisor,Government,Regular,2022-12-27,85876.37,11061.65,2403.03,98540.01,35392.03,144072.85
D003655,A0591,Advisor,Government,Regular,2025-02-27,116907.99,22151.19,2881.19,495274.57,20957.97,63868.35
D003656,A0592,Advisor,Government,Initial,2018-04-15,34174.01,14257.36,9986.27,68561.94,42833.08,80484.39
D003657,A0592,Advisor,Government,Regular,2020-02-22,36994.9,12664.87,5185.82,92023.47,36946.48,6247.96
D003658,A0592,Advisor,Government,Regular,2018-06-11,38527.56,13378.1,5345.31,76643.52,34366.72,129241.15
D003659,A0592,Advisor,Government,Regular,2024-06-11,31099.48,14870.37,11990.81,35619.6,31740.12,62763.21
D003660,A0592,Advisor,Government,Regular,2024-06-12,36180.71,20015.41,6551.95,184091.98,21909.91,162084.46
D003661,A0593,Advisor,Government,Initial,2022-10-21,84967.73,15829.22,11707.54,11719.02,40611.35,70588.12
D003662,A0593,Advisor,Government,Regular,2023-06-17,101957.63,13739.99,13742.39,71209.17,31631.29,81503.85
D003663,A0593,Advisor,Government,Regular,2023-06-27,77944.11,9942.13,12105.35,42879.75,46745.42,193407.73
D003664,A0593,Advisor,Government,Regular,2020-08-02,96884.76,20898.89,14672.85,122418.35,4464.64,37912.3
D003665,A0593,Advisor,Government,Regular,2023-06-28,115739.69,22331.48,9481.79,542199.63,18585.36,122897.3
D003666,A0594,Advisor,Government,Initial,2018-09-14,115106.58,18457.68,6272.96,94968.09,43630.8,82809.27
D003667,A0594,Advisor,Government,Regular,2025-10-15,112851.53,27008.49,4366.09,153528.78,58403.53,133512.11
D003668,A0594,Advisor,Government,Regular,2025-06-13,105376.03,17650.66,7658.77,160918.54,46450.76,87390.58
D003669,A0594,Advisor,Government,Regular,2022-02-03,122958.69,12059.65,8307.68,102733.23,58458.57,68541.03
D003670,A0594,Advisor,Government,Regular,2025-10-16,180619.51,21584.2,4624.96,878275.54,48586.69,189195.15
D003671,A0595,Advisor,Government,Initial,2019-06-02,109991.93,2829.81,10131.6,114803.68,23420.41,187794.87
D003672,A0595,Advisor,Government,Regular,2025-07-16,103230.37,1969.9,13194.05,15111.77,37597.38,33278.25
D003673,A0595,Advisor,Government,Regular,2019-10-14,125559.22,1648.67,6162.09,97846.38,38514.67,113521.75
D003674,A0595,Advisor,Government,Regular,2019-08-25,126806.46,3707.08,13831.12,78862.89,45493.4,63694.64
D003675,A0595,Advisor,Government,Regular,2025-07-17,173595.49,3195.36,7830.19,760503.44,42003.99,36172.69
D003676,A0596,Advisor,Government,Initial,2025-10-22,61702.56,5728.2,1528.22,84747.69,47837.56,137506.51
D003677,A0596,Advisor,Government,Regular,2021-11-04,57111.79,5052.54,1452.03,102241.88,1097.42,67625.48
D003678,A0596,Advisor,Government,Regular,2018-08-26,59346.96,7592.9,1747.47,20053.46,35586.72,88911.83
D003679,A0596,Advisor,Government,Regular,2026-02-06,63470.45,4587.77,916.5,155718.87,16767.5,99331.02
D003680,A0596,Advisor,Government,Regular,2026-02-07,64674.32,5052.29,969.78,210404.65,4470.05,132375.17
D003681,A0597,Advisor,Government,Initial,2022-05-14,54293.41,5339.26,1193.3,21060.28,11075.05,33796.79
D003682,A0597,Advisor,Government,Regular,2018-02-16,52049.92,5382.82,1644.9,78978.54,17464.79,181587.53
D003683,A0597,Advisor,Government,Regular,2018-07-09,60792.02,2726.05,1099.97,133002.43,26129.44,194264.84
D003684,A0597,Advisor,Government,Regular,2020-08-29,61495.09,4683.69,1480.24,74635.31,28990.97,130841.14
D003685,A0597,Advisor,Government,Regular,2022-05-15,76739.7,3020.31,1093.11,315002.02,29939.26,8359.33
D003686,A0598,Advisor,Government,Initial,2020-07-15,114555.55,7895.04,986.51,0.0,30060.23,162784.48
D003687,A0598,Advisor,Government,Regular,2025-07-12,108661.73,10618.44,1138.77,159169.05,15402.16,85879.94
D003688,A0598,Advisor,Government,Regular,2021-05-07,106852.43,8786.18,889.12,64580.26,54372.44,150546.3
D003689,A0598,Advisor,Government,Regular,2024-10-31,126528.8,7002.14,1392.69,159216.94,34147.67,193051.22
D003690,A0598,Advisor,Government,Regular,2025-07-13,163996.68,9874.24,1129.73,881857.98,7841.3,162870.15
D003691,A0599,Advisor,Government,Initial,2019-02-13,100516.76,11923.66,13653.54,132004.05,4149.08,172675.27
D003692,A0599,Advisor,Government,Regular,2020-02-09,102439.82,12458.19,14740.05,92909.37,646.48,55454.4
D003693,A0599,Advisor,Government,Regular,2019-04-28,119435.78,16958.71,7741.35,49793.64,54079.69,145725.1
D003694,A0599,Advisor,Government,Regular,2021-10-28,119190.77,10749.53,6873.84,34846.44,25406.62,146994.1
D003695,A0599,Advisor,Government,Regular,2021-10-29,146155.26,12524.65,13790.68,813603.71,16580.66,2092.91
D003696,A0600,Advisor,Government,Initial,2025-08-27,122805.65,4638.1,15454.05,133236.62,13847.42,100697.11
D003697,A0600,Advisor,Government,Regular,2024-12-20,134058.76,2338.82,13322.75,47862.62,48206.23,170256.61
D003698,A0600,Advisor,Government,Regular,2023-05-21,122001.21,6578.11,13559.1,43534.43,41416.06,69032.23
D003699,A0600,Advisor,Government,Regular,2018-04-17,142801.42,5725.29,12429.05,181469.23,45909.44,30108.37
D003700,A0600,Advisor,Government,Regular,2025-08-28,162821.61,3197.5,16556.8,701436.86,57090.75,116581.34
D003701,A0601,Advisor,Government,Initial,2018-11-30,87818.86,18634.64,6777.5,170308.68,36173.88,19993.25
D003702,A0601,Advisor,Government,Regular,2023-06-14,97459.41,12899.75,5729.69,100063.41,54453.28,178650.34
D003703,A0601,Advisor,Government,Regular,2021-05-27,80979.02,14043.98,9711.2,76397.37,19797.58,192635.27
D003704,A0601,Advisor,Government,Regular,2020-11-03,93286.57,13637.93,7689.69,111056.12,19245.61,47813.56
D003705,A0601,Advisor,Government,Regular,2023-06-15,108114.76,14141.22,8512.9,604313.48,49963.7,91501.02
D003706,A0602,Advisor,Government,Initial,2024-08-01,73558.32,1212.82,7755.47,116871.72,19475.84,190833.76
D003707,A0602,Advisor,Government,Regular,2026-01-11,76244.22,1376.58,10408.12,168551.71,38343.17,94483.83
D003708,A0602,Advisor,Government,Regular,2020-08-26,67186.86,880.26,5926.71,158249.02,44905.01,144512.47
D003709,A0602,Advisor,Government,Regular,2023-01-23,73558.27,1522.0,7754.49,196004.83,59672.69,68057.17
D003710,A0602,Advisor,Government,Regular,2026-01-12,107960.73,972.92,6056.3,544758.51,2591.35,60694.11
D003711,A0603,Advisor,Government,Initial,2021-03-31,73878.91,16039.86,16873.95,147989.26,59449.63,77403.34
D003712,A0603,Advisor,Government,Regular,2019-10-27,77210.45,15318.29,21589.38,116735.23,56357.83,163525.69
D003713,A0603,Advisor,Government,Regular,2026-01-20,86211.62,20895.86,15415.3,23473.4,6450.15,96823.36
D003714,A0603,Advisor,Government,Regular,2024-06-17,76966.83,12938.93,16023.08,57986.0,44590.78,83665.52
D003715,A0603,Advisor,Government,Regular,2026-01-21,94328.66,16228.1,21771.59,429295.31,23244.07,115323.04
D003716,A0604,Advisor,Government,Initial,2025-09-07,63785.34,18865.47,13606.0,32402.55,34798.2,121771.01
D003717,A0604,Advisor,Government,Regular,2022-04-07,67518.53,16014.42,12474.83,168570.2,22737.37,118026.55
D003718,A0604,Advisor,Government,Regular,2024-09-13,60889.41,25760.83,15646.29,172580.52,4060.76,103880.59
D003719,A0604,Advisor,Government,Regular,2022-08-06,72366.78,18419.45,15303.98,172460.43,52989.12,178074.13
D003720,A0604,Advisor,Government,Regular,2025-09-08,80587.65,16499.46,7359.22,360275.04,34170.18,178616.02
D003721,A0605,Advisor,Government,Initial,2018-12-16,67624.85,9940.05,11785.19,0.0,48473.83,184559.64
D003722,A0605,Advisor,Government,Regular,2018-08-14,80061.45,12517.4,17540.56,24640.54,33233.92,83888.6
D003723,A0605,Advisor,Government,Regular,2020-02-07,74266.06,5292.9,12252.35,180201.24,54977.2,57483.93
D003724,A0605,Advisor,Government,Regular,2019-11-03,65565.57,11773.1,15041.63,10377.15,8585.85,123356.52
D003725,A0605,Advisor,Government,Regular,2020-02-08,105321.94,7477.21,10360.19,586392.88,48863.72,177919.4
D003726,A0606,Advisor,Government,Initial,2021-11-09,125193.28,7556.92,19698.21,23249.71,13593.95,183426.05
D003727,A0606,Advisor,Government,Regular,2025-05-04,117575.82,6355.55,20440.56,78357.56,46711.68,119757.14
D003728,A0606,Advisor,Government,Regular,2019-01-06,117802.12,6375.28,19351.41,166928.86,1980.38,76508.03
D003729,A0606,Advisor,Government,Regular,2020-12-21,122206.48,10472.23,20795.14,57453.68,28732.59,189416.37
D003730,A0606,Advisor,Government,Regular,2025-05-05,143627.41,4658.45,21247.62,520556.29,47973.42,156660.55
D003731,A0607,Advisor,Government,Initial,2021-05-24,66211.0,19261.71,18090.29,53130.1,387.68,49516.26
D003732,A0607,Advisor,Government,Regular,2019-06-25,66843.25,25053.98,17722.53,171927.97,57071.79,110129.71
D003733,A0607,Advisor,Government,Regular,2025-02-24,78670.29,20116.09,9541.05,36085.25,13721.09,118018.35
D003734,A0607,Advisor,Government,Regular,2019-06-17,62942.5,14429.07,10404.82,96107.16,54117.86,18606.01
D003735,A0607,Advisor,Government,Regular,2025-02-25,104699.67,27035.1,19179.01,683444.31,55350.22,190284.1
D003736,A0608,Advisor,Government,Initial,2020-04-11,96183.31,10798.91,9439.51,98076.55,29042.17,183937.11
D003737,A0608,Advisor,Government,Regular,2025-11-05,88766.29,14054.12,12323.9,113476.79,47832.21,34736.23
D003738,A0608,Advisor,Government,Regular,2019-04-09,100239.06,12597.29,8422.89,60083.41,25626.62,46890.96
D003739,A0608,Advisor,Government,Regular,2020-01-19,102201.56,10869.74,9165.83,3877.23,4714.85,8265.49
D003740,A0608,Advisor,Government,Regular,2025-11-06,126600.58,8771.09,11183.69,652366.32,1272.13,136221.12
D003741,A0609,Advisor,Government,Initial,2021-02-02,95608.36,72.53,14463.17,17923.62,17853.45,189423.09
D003742,A0609,Advisor,Government,Regular,2023-12-11,100339.71,46.24,19740.61,13630.16,52106.62,53812.03
D003743,A0609,Advisor,Government,Regular,2022-08-28,89822.37,70.1,16636.03,3581.29,5860.51,34223.46
D003744,A0609,Advisor,Government,Regular,2025-08-21,105567.29,68.71,11220.16,165047.33,13788.71,144262.12
D003745,A0609,Advisor,Government,Regular,2025-08-22,98786.5,75.04,18324.87,351500.35,32571.17,187770.24
D003746,A0610,Advisor,Government,Initial,2023-12-31,31339.68,19351.91,10153.77,13079.27,54125.21,137758.9
D003747,A0610,Advisor,Government,Regular,2025-12-06,34263.02,17924.6,13155.44,172885.72,20134.38,195564.65
D003748,A0610,Advisor,Government,Regular,2019-09-21,30359.88,17442.57,5843.27,148305.32,31891.5,100033.52
D003749,A0610,Advisor,Government,Regular,2019-02-13,34043.93,18583.7,6048.13,8856.96,6411.45,86457.09
D003750,A0610,Advisor,Government,Regular,2025-12-07,42796.93,26067.47,9985.09,326685.89,37045.51,70079.51
D003751,A0611,Advisor,Government,Initial,2024-05-03,34622.02,16967.72,3094.75,26930.63,21169.9,47654.99
D003752,A0611,Advisor,Government,Regular,2023-01-18,39903.02,22589.81,3327.93,170199.33,45237.05,117098.12
D003753,A0611,Advisor,Government,Regular,2023-09-02,32837.52,23915.85,2610.95,192933.3,37897.97,74390.8
D003754,A0611,Advisor,Government,Regular,2021-08-14,39578.72,9795.89,4154.14,160414.46,38755.47,16656.38
D003755,A0611,Advisor,Government,Regular,2024-05-04,47117.97,25003.55,4345.14,326586.08,49829.4,91898.08
D003756,A0612,Advisor,Government,Initial,2022-08-15,41069.94,15834.33,6195.46,70576.41,33677.3,93548.8
D003757,A0612,Advisor,Government,Regular,2019-10-12,41712.43,13393.1,3591.68,185135.23,14264.08,14017.97
D003758,A0612,Advisor,Government,Regular,2021-05-15,45010.22,22998.88,9093.98,182986.75,43657.03,47126.89
D003759,A0612,Advisor,Government,Regular,2025-03-30,42313.25,20416.84,6071.65,176373.7,15472.98,38253.87
D003760,A0612,Advisor,Government,Regular,2025-03-31,48603.4,17887.48,5220.34,211788.85,53804.14,103778.41
D003761,A0613,Advisor,Government,Initial,2023-10-25,127448.63,7527.83,9531.06,100607.95,24366.04,142200.79
D003762,A0613,Advisor,Government,Regular,2025-08-02,139464.08,10049.04,10611.72,114270.87,45773.95,45278.88
D003763,A0613,Advisor,Government,Regular,2023-12-28,139452.02,8587.06,5960.35,94180.06,51848.64,192201.75
D003764,A0613,Advisor,Government,Regular,2025-01-10,115872.64,4139.1,7501.71,120281.5,25137.01,70867.33
D003765,A0613,Advisor,Government,Regular,2025-08-03,144887.77,6889.47,7510.32,672463.8,22916.58,155841.18
D003766,A0614,Advisor,Government,Initial,2024-09-04,43842.1,7319.35,11877.99,47734.46,13249.43,156378.02
D003767,A0614,Advisor,Government,Regular,2018-12-13,48899.28,5624.41,15799.91,194908.48,54742.25,135753.98
D003768,A0614,Advisor,Government,Regular,2019-08-31,45597.03,4455.53,14381.21,150428.43,11060.8,36455.82
D003769,A0614,Advisor,Government,Regular,2021-06-26,51445.76,5552.64,17341.88,65651.76,34294.67,157591.9
D003770,A0614,Advisor,Government,Regular,2024-09-05,66959.22,8301.12,12135.78,431083.86,36622.59,44554.84
D003771,A0615,Advisor,Government,Initial,2025-04-05,91081.94,19701.05,5457.95,199434.45,9815.03,115041.71
D003772,A0615,Advisor,Government,Regular,2021-08-16,98818.17,23333.76,7704.4,96259.9,28599.98,186847.85
D003773,A0615,Advisor,Government,Regular,2021-12-16,88782.93,21575.18,7038.81,33232.82,46148.88,32705.15
D003774,A0615,Advisor,Government,Regular,2021-05-18,94678.95,25204.98,4926.8,2119.55,43182.17,28649.91
D003775,A0615,Advisor,Government,Regular,2025-04-06,121836.72,21171.72,6566.84,559037.69,25939.44,168485.37
D003776,A0616,Advisor,Government,Initial,2021-07-26,116466.53,12898.42,6022.12,117945.13,29333.43,168406.94
D003777,A0616,Advisor,Government,Regular,2020-11-30,127833.38,7126.35,8557.9,35207.22,14915.06,80110.47
D003778,A0616,Advisor,Government,Regular,2023-07-12,125738.11,15789.2,7527.2,146941.47,26572.48,72736.95
D003779,A0616,Advisor,Government,Regular,2021-01-01,137876.2,9346.63,4194.12,191191.56,41034.59,80049.1
D003780,A0616,Advisor,Government,Regular,2023-07-13,117809.95,10569.8,4287.82,642293.51,35397.84,36644.94
D003781,A0617,Advisor,Government,Initial,2023-09-24,64675.96,10267.68,11158.72,107212.45,27400.42,49623.99
D003782,A0617,Advisor,Government,Regular,2019-02-08,75514.42,7662.5,16004.43,46488.69,20423.22,125814.26
D003783,A0617,Advisor,Government,Regular,2025-08-14,62247.86,6990.12,8145.9,62045.23,50708.03,30505.41
D003784,A0617,Advisor,Government,Regular,2023-05-03,76319.02,5356.02,11940.46,74861.64,42874.76,91727.25
D003785,A0617,Advisor,Government,Regular,2025-08-15,66808.9,7496.96,6079.52,386791.91,23985.67,25102.7
D003786,A0618,Advisor,Government,Initial,2018-08-10,62665.36,16377.07,9749.47,77870.03,56832.59,64853.24
D003787,A0618,Advisor,Government,Regular,2024-08-04,74371.66,12557.5,14601.46,10465.45,9113.13,179072.19
D003788,A0618,Advisor,Government,Regular,2025-09-15,69090.5,23686.21,8708.92,14241.28,35623.88,31253.89
D003789,A0618,Advisor,Government,Regular,2022-03-05,72488.48,10343.69,7142.17,160156.88,2135.6,97262.82
D003790,A0618,Advisor,Government,Regular,2025-09-16,82099.36,17791.76,13107.98,556233.35,43965.6,177185.21
D003791,A0619,Advisor,Government,Initial,2024-11-30,64929.65,14858.45,14584.52,234112.71,57659.88,186320.12
D003792,A0619,Advisor,Government,Regular,2025-12-30,75470.71,9064.77,17384.84,171664.3,18843.54,99235.53
D003793,A0619,Advisor,Government,Regular,2019-05-12,75853.48,13258.67,18924.02,34735.53,30895.87,129919.03
D003794,A0619,Advisor,Government,Regular,2021-02-11,66414.84,7688.5,18724.1,24064.92,24631.04,169075.18
D003795,A0619,Advisor,Government,Regular,2025-12-31,67829.42,17378.66,15116.08,324498.29,56909.1,86515.05
D003796,A0620,Advisor,Government,Initial,2024-10-22,30925.81,15582.08,9164.03,49888.99,18759.65,57832.35
D003797,A0620,Advisor,Government,Regular,2024-04-22,33952.19,15597.27,7867.31,130426.21,35738.79,92115.83
D003798,A0620,Advisor,Government,Regular,2018-11-13,30672.89,18477.83,10930.22,84491.64,54774.23,101037.28
D003799,A0620,Advisor,Government,Regular,2024-08-25,28185.25,8478.7,12980.49,153058.1,25055.87,19209.4
D003800,A0620,Advisor,Government,Regular,2024-10-23,31854.61,11165.32,5945.62,196239.58,31466.7,111453.63
D003801,A0621,Advisor,Government,Initial,2019-04-12,50712.4,5620.95,19476.22,62723.78,6874.81,187654.14
D003802,A0621,Advisor,Government,Regular,2022-07-28,60351.09,5469.93,20170.68,70462.87,31646.53,137010.3
D003803,A0621,Advisor,Government,Regular,2022-09-19,59804.59,3067.61,16564.87,7036.91,35472.72,66814.28
D003804,A0621,Advisor,Government,Regular,2022-06-28,57184.5,5825.01,12860.39,95726.59,31440.32,2406.3
D003805,A0621,Advisor,Government,Regular,2022-09-20,79595.54,6826.85,12787.95,412984.47,38299.11,110795.15
D003806,A0622,Advisor,Government,Initial,2023-10-14,124363.96,5807.66,3086.76,22485.23,12646.7,83994.99
D003807,A0622,Advisor,Government,Regular,2020-07-03,139057.01,7038.43,1632.21,106693.45,2983.01,80068.46
D003808,A0622,Advisor,Government,Regular,2022-12-22,147457.1,5926.31,3390.54,125762.18,34181.58,20648.04
D003809,A0622,Advisor,Government,Regular,2020-11-11,124861.89,4553.53,3236.85,82331.22,53501.93,52042.46
D003810,A0622,Advisor,Government,Regular,2023-10-15,160240.92,6181.09,4456.72,569019.32,30906.13,83571.26
D003811,A0623,Advisor,Government,Initial,2025-07-02,116839.73,6752.53,9828.47,20795.93,25499.19,70864.68
D003812,A0623,Advisor,Government,Regular,2024-10-24,133043.25,8920.27,6950.97,60734.04,55567.7,17880.97
D003813,A0623,Advisor,Government,Regular,2018-07-19,137267.0,7804.71,6973.39,186399.53,975.45,6474.48
D003814,A0623,Advisor,Government,Regular,2021-12-02,123707.2,9867.63,9125.95,151684.35,12835.68,154106.07
D003815,A0623,Advisor,Government,Regular,2025-07-03,166158.19,6631.73,7292.27,679023.29,5965.3,99025.81
D003816,A0624,Advisor,Government,Initial,2019-02-28,40826.54,15655.29,16792.99,49398.15,16990.28,96097.3
D003817,A0624,Advisor,Government,Regular,2019-08-12,39960.46,8729.03,24415.93,191060.98,17404.34,64249.98
D003818,A0624,Advisor,Government,Regular,2025-05-19,37451.86,13183.35,18301.9,6270.14,59611.67,143984.24
D003819,A0624,Advisor,Government,Regular,2025-06-20,43646.65,22205.51,22551.82,113605.7,29758.53,126219.48
D003820,A0624,Advisor,Government,Regular,2025-06-21,46629.66,15811.88,10665.3,323047.26,23503.67,2637.92
D003821,A0625,Advisor,Government,Initial,2021-07-05,107193.91,4974.61,4395.18,108558.25,1649.82,116052.62
D003822,A0625,Advisor,Government,Regular,2019-10-07,116254.63,5563.91,3191.01,3552.03,41498.52,142773.9
D003823,A0625,Advisor,Government,Regular,2019-03-12,110549.6,5313.58,6424.76,82555.32,59422.18,82662.46
D003824,A0625,Advisor,Government,Regular,2022-05-07,101381.98,5567.57,5244.27,71845.26,31312.14,159689.45
D003825,A0625,Advisor,Government,Regular,2022-05-08,117276.29,4162.87,4185.71,334526.14,24253.23,835.51
D003826,A0626,Advisor,Government,Initial,2019-02-23,33735.5,4489.1,19078.46,88913.91,22934.5,93619.55
D003827,A0626,Advisor,Government,Regular,2020-01-26,33999.57,5204.19,19434.41,147315.77,49563.95,20457.8
D003828,A0626,Advisor,Government,Regular,2023-10-17,38973.01,2989.75,25985.95,176512.34,718.34,13889.95
D003829,A0626,Advisor,Government,Regular,2022-07-07,34727.56,5430.18,24821.8,169960.14,13050.59,25417.95
D003830,A0626,Advisor,Government,Regular,2023-10-18,44406.8,3563.95,14793.64,287617.61,2018.73,111374.76
D003831,A0627,Advisor,Government,Initial,2021-02-28,71628.42,6527.7,9472.71,13956.45,49747.67,162062.72
D003832,A0627,Advisor,Government,Regular,2021-05-25,70975.12,3360.55,6252.66,195416.21,41644.78,29835.05
D003833,A0627,Advisor,Government,Regular,2024-01-08,76160.06,5828.49,11596.36,48863.27,27689.37,92404.72
D003834,A0627,Advisor,Government,Regular,2021-05-14,72351.68,4741.49,5434.24,167114.75,6592.61,106602.71
D003835,A0627,Advisor,Government,Regular,2024-01-09,101516.82,5746.07,8342.12,328458.09,7307.02,52714.05
D003836,A0628,Advisor,Government,Initial,2019-01-14,106223.35,13390.72,8175.28,258021.12,1470.44,90840.02
D003837,A0628,Advisor,Government,Regular,2023-08-16,113697.04,16662.84,10879.83,162916.54,48254.25,123127.72
D003838,A0628,Advisor,Government,Regular,2026-03-24,105649.58,19389.95,11906.59,135308.3,8580.87,60754.76
D003839,A0628,Advisor,Government,Regular,2023-06-15,108641.21,14089.87,10440.35,57893.21,58129.34,44088.89
D003840,A0628,Advisor,Government,Regular,2026-03-25,111225.95,7943.86,10265.04,584563.32,6651.86,171573.07
D003841,A0629,Advisor,Government,Initial,2025-02-18,93348.81,6241.01,18975.55,196832.24,5155.43,140774.28
D003842,A0629,Advisor,Government,Regular,2019-04-20,96474.15,6785.51,9530.02,62363.83,2313.14,72231.7
D003843,A0629,Advisor,Government,Regular,2018-01-06,100047.28,4836.1,10394.17,199864.78,23183.52,20017.5
D003844,A0629,Advisor,Government,Regular,2025-05-29,106908.51,5983.7,13523.5,4356.19,6273.99,161864.84
D003845,A0629,Advisor,Government,Regular,2025-05-30,113158.59,8802.48,14644.69,459296.89,56781.96,30493.24
D003846,A0630,Advisor,Government,Initial,2023-01-17,127671.67,11992.87,15811.19,145345.6,16063.74,44496.82
D003847,A0630,Advisor,Government,Regular,2020-12-23,124796.68,13520.61,17604.76,193915.25,26986.65,120853.72
D003848,A0630,Advisor,Government,Regular,2020-07-29,124362.38,7274.19,11522.55,149558.79,59932.73,57786.11
D003849,A0630,Advisor,Government,Regular,2020-02-01,146151.65,10847.8,12656.22,861.4,23118.5,44829.47
D003850,A0630,Advisor,Government,Regular,2023-01-18,160352.6,15699.44,13448.89,637411.1,42169.38,111304.24
D003851,A0631,Advisor,Government,Initial,2025-03-22,122545.97,7931.55,1751.78,190087.13,4872.85,199290.16
D003852,A0631,Advisor,Government,Regular,2021-09-23,121148.55,10206.36,1166.24,45171.88,2247.11,186204.19
D003853,A0631,Advisor,Government,Regular,2018-03-29,112549.87,7462.1,2541.11,80001.14,35966.83,175362.79
D003854,A0631,Advisor,Government,Regular,2022-03-31,138779.53,9011.43,2305.89,118188.4,30525.93,103352.9
D003855,A0631,Advisor,Government,Regular,2025-03-23,156905.19,11089.76,1307.63,802102.18,1521.19,10711.45
D003856,A0632,Advisor,Government,Initial,2021-07-06,109793.24,78.57,1436.32,164412.77,57345.32,172324.52
D003857,A0632,Advisor,Government,Regular,2024-06-09,128703.58,86.08,1880.06,163174.66,56053.92,88830.24
D003858,A0632,Advisor,Government,Regular,2019-02-27,102458.44,108.82,1353.52,114746.88,45533.38,166429.48
D003859,A0632,Advisor,Government,Regular,2018-05-30,107971.73,41.14,2042.32,53609.91,17623.48,188962.64
D003860,A0632,Advisor,Government,Regular,2024-06-10,163162.88,65.55,1568.34,669549.7,13646.98,46658.7
D003861,A0633,Advisor,Government,Initial,2019-03-23,60303.81,11292.89,8143.14,66218.22,20546.59,188024.64
D003862,A0633,Advisor,Government,Regular,2023-05-21,68314.96,5945.86,5790.72,46827.66,14628.19,252.46
D003863,A0633,Advisor,Government,Regular,2018-08-15,59901.88,13491.98,8840.74,36022.46,37590.46,195989.35
D003864,A0633,Advisor,Government,Regular,2020-05-28,67287.13,13750.6,11866.55,122684.71,38855.67,91272.4
D003865,A0633,Advisor,Government,Regular,2023-05-22,64058.29,10778.28,11901.44,238143.9,45800.93,138894.12
D003866,A0634,Advisor,Government,Initial,2023-11-25,80656.68,14353.14,3044.73,123151.37,47566.79,162357.47
D003867,A0634,Advisor,Government,Regular,2022-03-21,93347.75,21095.51,2264.07,124346.83,51945.4,131770.61
D003868,A0634,Advisor,Government,Regular,2022-05-09,85981.83,16703.92,2316.35,15648.18,55523.31,48285.2
D003869,A0634,Advisor,Government,Regular,2024-06-19,77448.76,8961.64,3851.91,183482.2,23431.02,187445.12
D003870,A0634,Advisor,Government,Regular,2024-06-20,101486.48,12419.65,3225.02,417675.39,52362.82,164951.31
D003871,A0635,Advisor,Government,Initial,2024-11-13,42529.54,17616.73,2428.7,40431.56,1469.86,139497.19
D003872,A0635,Advisor,Government,Regular,2020-02-09,50199.27,15344.07,1853.04,60451.93,12517.56,118505.92
D003873,A0635,Advisor,Government,Regular,2025-10-13,45880.49,9082.75,3494.11,132524.33,37703.53,65531.52
D003874,A0635,Advisor,Government,Regular,2023-06-14,38339.14,24204.17,2669.87,47467.41,39684.72,95087.22
D003875,A0635,Advisor,Government,Regular,2025-10-14,63962.59,10553.41,2528.3,231202.06,57225.88,116638.24
D003876,A0636,Advisor,Government,Initial,2018-08-08,62215.42,12086.73,17044.89,141059.59,1431.21,184783.31
D003877,A0636,Advisor,Government,Regular,2018-01-30,56888.11,7012.78,24858.61,163803.34,40033.34,149969.18
D003878,A0636,Advisor,Government,Regular,2018-12-07,71261.1,11169.74,15600.82,169217.59,27580.39,112369.62
D003879,A0636,Advisor,Government,Regular,2020-10-30,74060.17,15071.98,19206.17,16380.13,56853.53,171083.14
D003880,A0636,Advisor,Government,Regular,2020-10-31,62260.49,14172.74,18000.11,313358.33,45826.89,106171.16
D003881,A0637,Advisor,Government,Initial,2024-04-15,127151.35,16644.16,12489.87,86503.6,41195.91,177931.4
D003882,A0637,Advisor,Government,Regular,2022-07-17,132672.44,11595.02,17887.59,14715.27,15821.76,52479.88
D003883,A0637,Advisor,Government,Regular,2019-05-27,133272.04,23118.21,18472.8,189737.5,14700.72,198371.19
D003884,A0637,Advisor,Government,Regular,2022-01-26,151415.41,20383.09,7121.81,27700.57,59269.55,154420.02
D003885,A0637,Advisor,Government,Regular,2024-04-16,167608.85,10589.23,7989.88,917624.07,45039.17,105253.86
D003886,A0638,Advisor,Government,Initial,2019-09-30,112194.74,2431.29,7688.13,251518.09,37642.71,143556.8
D003887,A0638,Advisor,Government,Regular,2020-02-16,114891.68,3074.55,9151.01,87272.39,14324.15,101348.59
D003888,A0638,Advisor,Government,Regular,2021-07-21,131707.45,2697.48,4352.39,169523.34,26072.72,2990.11
D003889,A0638,Advisor,Government,Regular,2020-09-25,105934.56,3115.82,8967.63,142603.41,44050.36,131717.84
D003890,A0638,Advisor,Government,Regular,2021-07-22,177997.68,1555.81,10761.07,861512.12,53212.27,161008.26
D003891,A0639,Advisor,Government,Initial,2021-08-07,121150.93,3496.1,17761.27,358329.95,34990.4,121002.68
D003892,A0639,Advisor,Government,Regular,2019-11-09,143065.28,2842.4,24990.06,82894.86,15435.78,60256.96
D003893,A0639,Advisor,Government,Regular,2023-11-01,119155.13,5109.32,23115.13,149398.56,25752.28,140694.94
D003894,A0639,Advisor,Government,Regular,2024-01-30,124846.26,2142.99,26144.49,23229.36,18546.61,194218.66
D003895,A0639,Advisor,Government,Regular,2024-01-31,137200.02,3237.69,9312.38,559554.49,1471.31,112385.72
D003896,A0640,Advisor,Government,Initial,2022-05-11,114091.11,6345.28,6954.4,159943.96,46904.11,11157.26
D003897,A0640,Advisor,Government,Regular,2025-11-01,133102.5,8121.95,7167.53,185814.26,3127.83,184458.87
D003898,A0640,Advisor,Government,Regular,2024-06-21,106035.22,4136.77,8437.35,53289.33,23410.41,47076.11
D003899,A0640,Advisor,Government,Regular,2019-11-21,106660.24,4305.76,8515.51,79367.4,43490.75,43272.82
D003900,A0640,Advisor,Government,Regular,2025-11-02,127115.42,6400.61,3981.12,565638.98,10512.55,63894.99
D003901,A0641,Advisor,Government,Initial,2024-09-30,88943.72,19027.76,9368.14,135101.88,27322.38,183390.12
D003902,A0641,Advisor,Government,Regular,2022-01-10,106111.98,25739.13,7642.97,69251.34,33859.5,128699.75
D003903,A0641,Advisor,Government,Regular,2019-08-22,86849.7,18103.75,11074.92,14698.09,28769.06,43314.29
D003904,A0641,Advisor,Government,Regular,2022-05-23,105749.87,18191.48,6730.24,105541.21,8905.06,71029.27
D003905,A0641,Advisor,Government,Regular,2024-10-01,140060.13,18324.04,8722.57,720307.17,21886.07,111122.2
D003906,A0642,Advisor,Government,Initial,2023-09-13,46036.77,4159.89,15929.65,63278.82,21689.62,191248.14
D003907,A0642,Advisor,Government,Regular,2025-11-04,43451.62,6090.1,17973.09,198845.26,33517.17,102255.27
D003908,A0642,Advisor,Government,Regular,2020-07-03,54713.07,5568.26,10693.31,22126.12,53278.56,136590.38
D003909,A0642,Advisor,Government,Regular,2023-11-07,48680.63,2426.15,18106.87,45905.55,25605.55,70628.38
D003910,A0642,Advisor,Government,Regular,2025-11-05,71439.54,4346.12,10343.86,320284.9,8024.06,12810.68
D003911,A0643,Advisor,Government,Initial,2023-07-01,32250.58,5898.53,10895.4,36532.09,40405.08,87370.71
D003912,A0643,Advisor,Government,Regular,2024-11-16,35780.6,7444.14,7728.55,79111.99,3973.34,124941.13
D003913,A0643,Advisor,Government,Regular,2026-03-12,32191.61,4907.68,12904.85,3896.84,57419.7,177000.37
D003914,A0643,Advisor,Government,Regular,2018-05-13,33991.48,6597.18,12950.66,153716.7,42600.32,25764.26
D003915,A0643,Advisor,Government,Regular,2026-03-13,49223.03,4176.11,5966.94,159658.03,644.12,90359.36
D003916,A0644,Advisor,Government,Initial,2019-08-07,62223.88,3070.81,13083.87,0.0,42323.37,38080.13
D003917,A0644,Advisor,Government,Regular,2025-03-05,61128.58,4593.22,10871.31,40942.28,6883.68,86947.8
D003918,A0644,Advisor,Government,Regular,2024-06-05,58643.75,4473.26,6936.23,121228.93,52272.01,141892.84
D003919,A0644,Advisor,Government,Regular,2020-06-24,58315.62,4115.61,16807.02,122443.26,50168.9,94249.09
D003920,A0644,Advisor,Government,Regular,2025-03-06,87464.17,1563.81,9241.68,266457.53,22428.98,181976.32
D003921,A0645,Advisor,Government,Initial,2026-03-28,31885.99,1991.8,7819.27,5227.74,257.05,137154.85
D003922,A0645,Advisor,Government,Regular,2021-09-18,33980.76,1194.79,9608.86,18996.74,24433.01,28540.26
D003923,A0645,Advisor,Government,Regular,2022-08-19,36638.3,1334.42,3937.73,25918.79,5753.56,71732.96
D003924,A0645,Advisor,Government,Regular,2021-07-25,36523.32,2298.93,11449.95,81589.09,34388.74,141015.83
D003925,A0645,Advisor,Government,Regular,2026-03-29,33774.57,2427.69,5435.51,111764.26,9745.72,66283.32
D003926,A0646,Advisor,Government,Initial,2020-03-01,54454.22,3252.89,13213.18,111387.45,56126.9,64875.44
D003927,A0646,Advisor,Government,Regular,2023-02-11,59593.42,3695.16,9711.84,184246.77,44410.2,190929.4
D003928,A0646,Advisor,Government,Regular,2025-12-30,54008.72,4863.27,8910.4,67972.47,52221.96,39695.46
D003929,A0646,Advisor,Government,Regular,2022-01-31,49772.08,1972.9,8136.83,65922.41,9549.44,64924.77
D003930,A0646,Advisor,Government,Regular,2025-12-31,71004.25,3042.76,9005.8,311777.32,32597.87,107660.58
D003931,A0647,Advisor,Government,Initial,2022-01-09,52104.91,19663.48,5527.21,108587.44,58162.19,3974.41
D003932,A0647,Advisor,Government,Regular,2023-12-26,60820.4,19810.93,6669.67,118601.78,7063.97,108713.72
D003933,A0647,Advisor,Government,Regular,2018-10-04,59388.22,26536.77,4474.26,180218.29,10685.45,198330.85
D003934,A0647,Advisor,Government,Regular,2020-06-20,52646.43,23645.69,8067.65,153633.45,39645.05,72893.08
D003935,A0647,Advisor,Government,Regular,2023-12-27,79593.84,10720.44,6834.13,371462.74,24405.91,64235.03
D003936,A0648,Advisor,Government,Initial,2018-03-17,90726.69,17051.79,2139.5,120618.45,26952.78,118482.84
D003937,A0648,Advisor,Government,Regular,2025-12-12,89967.77,14176.15,1950.53,28559.21,52442.95,65027.7
D003938,A0648,Advisor,Government,Regular,2025-08-28,84486.87,25532.0,1070.95,113997.42,53532.13,71329.01
D003939,A0648,Advisor,Government,Regular,2023-12-14,97180.27,24069.69,1153.14,151302.53,52691.67,131859.51
D003940,A0648,Advisor,Government,Regular,2025-12-13,143217.2,11621.38,2731.25,540466.64,42559.19,119022.54
D003941,A0649,Advisor,Government,Initial,2024-06-24,30776.24,10280.36,5445.89,72498.93,44900.0,25980.94
D003942,A0649,Advisor,Government,Regular,2023-10-16,33115.65,12557.64,2761.24,197677.86,29750.52,78083.18
D003943,A0649,Advisor,Government,Regular,2019-03-10,34535.31,12826.81,6701.29,114448.99,45306.08,95832.87
D003944,A0649,Advisor,Government,Regular,2024-08-31,28867.92,6220.98,7658.9,65671.96,23636.84,9727.72
D003945,A0649,Advisor,Government,Regular,2024-09-01,45237.61,13867.86,3873.36,262151.73,44890.1,176385.63
D003946,A0650,Advisor,Government,Initial,2023-10-01,118251.48,2910.68,7309.9,150638.27,56603.09,172156.06
D003947,A0650,Advisor,Government,Regular,2025-04-24,110148.18,3705.2,5542.39,46970.41,34522.82,79185.14
D003948,A0650,Advisor,Government,Regular,2020-09-21,108240.89,4102.21,7810.43,129009.98,28215.84,99288.29
D003949,A0650,Advisor,Government,Regular,2021-03-11,128260.64,4308.43,9865.83,188527.85,39208.4,59437.78
D003950,A0650,Advisor,Government,Regular,2025-04-25,137883.1,2801.69,10238.65,423788.19,52172.9,61941.37
D003951,A0651,Advisor,Government,Initial,2021-11-07,126301.08,9037.99,11630.61,108668.68,44629.04,27087.54
D003952,A0651,Advisor,Government,Regular,2021-03-12,138458.52,7209.77,11071.46,70931.29,34082.7,137873.85
D003953,A0651,Advisor,Government,Regular,2018-05-07,149162.18,11149.5,8716.97,115947.82,55176.19,41859.59
D003954,A0651,Advisor,Government,Regular,2024-11-08,133211.94,13148.51,13222.03,172443.65,44446.33,92412.25
D003955,A0651,Advisor,Government,Regular,2024-11-09,172221.88,11594.08,17051.94,901901.68,51304.32,90087.89
D003956,A0652,Advisor,Government,Initial,2020-06-12,122193.28,9937.59,8332.79,129405.21,33129.84,75683.34
D003957,A0652,Advisor,Government,Regular,2021-06-09,134798.39,9826.34,12126.26,42103.18,59764.72,130430.95
D003958,A0652,Advisor,Government,Regular,2019-02-05,139533.87,13318.33,8046.91,77585.89,52809.69,137216.44
D003959,A0652,Advisor,Government,Regular,2020-03-02,121568.98,5222.6,9386.21,98385.91,32076.09,77580.84
D003960,A0652,Advisor,Government,Regular,2021-06-10,133683.52,6864.36,10128.48,436532.26,16951.27,47259.26
D003961,A0653,Advisor,Government,Initial,2018-12-23,88164.29,12080.3,2597.92,103787.92,40927.07,8643.61
D003962,A0653,Advisor,Government,Regular,2019-07-21,103937.67,14295.54,2318.87,39113.49,27516.05,62712.39
D003963,A0653,Advisor,Government,Regular,2025-07-11,98151.59,15811.44,2038.7,90098.06,15748.9,137994.38
D003964,A0653,Advisor,Government,Regular,2020-02-11,83041.61,7585.93,1994.78,97459.77,17521.15,158442.13
D003965,A0653,Advisor,Government,Regular,2025-07-12,105607.02,6443.39,1930.32,555871.4,22088.67,138972.14
D003966,A0654,Advisor,Government,Initial,2021-06-20,34190.16,19639.15,734.96,51017.88,28215.81,14728.58
D003967,A0654,Advisor,Government,Regular,2020-12-23,40382.19,25392.77,781.7,159864.14,47951.73,22231.41
D003968,A0654,Advisor,Government,Regular,2019-10-18,31876.59,20890.52,1048.91,119413.09,57393.11,29494.99
D003969,A0654,Advisor,Government,Regular,2025-08-04,38283.61,25249.96,986.86,64985.55,26255.97,81044.23
D003970,A0654,Advisor,Government,Regular,2025-08-05,52778.54,13135.84,477.3,270870.69,38946.44,131243.05
D003971,A0655,Advisor,Government,Initial,2022-02-23,66467.77,5920.79,8384.93,113745.82,14899.94,874.19
D003972,A0655,Advisor,Government,Regular,2021-08-19,75998.16,4974.11,6984.37,25213.85,24473.4,141138.56
D003973,A0655,Advisor,Government,Regular,2022-10-22,59952.94,5911.43,10633.43,121143.03,40329.85,184586.39
D003974,A0655,Advisor,Government,Regular,2020-06-05,64448.89,3770.94,7629.8,197232.79,34593.5,120121.2
D003975,A0655,Advisor,Government,Regular,2022-10-23,76950.52,7836.05,4489.0,316771.03,41656.86,164961.97
D003976,A0656,Advisor,Government,Initial,2020-01-23,67702.97,13213.79,16392.34,101959.47,57593.45,177958.4
D003977,A0656,Advisor,Government,Regular,2025-09-09,64665.03,7427.06,15476.38,189779.51,40592.08,80082.21
D003978,A0656,Advisor,Government,Regular,2023-02-19,76638.25,7097.47,18741.61,183201.59,1425.42,144260.42
D003979,A0656,Advisor,Government,Regular,2021-10-27,74707.82,8888.17,9111.14,116803.72,12527.11,61867.74
D003980,A0656,Advisor,Government,Regular,2025-09-10,69050.17,12373.7,15992.75,269502.21,6870.31,36464.3
D003981,A0657,Advisor,Government,Initial,2024-09-08,94905.34,13717.34,15098.18,268870.7,35289.97,127038.62
D003982,A0657,Advisor,Government,Regular,2019-10-08,101871.15,12042.79,17344.77,29341.19,146.67,67435.0
D003983,A0657,Advisor,Government,Regular,2018-04-12,99092.11,9048.17,21434.05,8424.75,3339.2,111845.12
D003984,A0657,Advisor,Government,Regular,2019-08-19,99961.17,15807.42,14259.8,55945.65,27241.8,10828.21
D003985,A0657,Advisor,Government,Regular,2024-09-09,111195.19,14535.72,14962.23,672856.7,53348.3,157857.19
D003986,A0658,Advisor,Government,Initial,2018-04-16,123353.23,1242.79,3870.31,161032.84,39614.03,166118.96
D003987,A0658,Advisor,Government,Regular,2018-11-21,147315.24,829.45,5712.74,110681.26,54092.21,51737.25
D003988,A0658,Advisor,Government,Regular,2025-11-22,126526.6,1246.85,3189.31,148130.33,16245.1,81670.38
D003989,A0658,Advisor,Government,Regular,2024-05-14,126447.77,1482.16,2010.44,85317.39,49818.89,53053.88
D003990,A0658,Advisor,Government,Regular,2025-11-23,134871.82,1401.4,5483.52,496352.44,10613.04,92206.39
D003991,A0659,Advisor,Government,Initial,2025-11-03,76577.64,5012.17,9896.36,61423.39,15652.27,88303.77
D003992,A0659,Advisor,Government,Regular,2024-10-18,75182.04,4100.36,9580.69,155087.23,3171.46,86795.27
D003993,A0659,Advisor,Government,Regular,2019-08-06,89707.99,5082.08,10951.94,190699.16,9189.19,61262.98
D003994,A0659,Advisor,Government,Regular,2022-06-22,80922.33,6493.59,6297.36,159329.78,8797.66,80210.74
D003995,A0659,Advisor,Government,Regular,2025-11-04,109638.65,6051.91,12428.74,379126.17,26252.81,261.96
D003996,A0660,Advisor,Government,Initial,2018-02-13,79269.16,12909.48,18830.12,75157.53,23231.55,143447.07
D003997,A0660,Advisor,Government,Regular,2020-04-04,73108.46,17290.05,21490.13,75599.78,59967.42,193882.82
D003998,A0660,Advisor,Government,Regular,2024-06-22,91273.21,14664.87,12133.1,116526.66,11454.49,24642.14
D003999,A0660,Advisor,Government,Regular,2019-12-15,89438.67,19321.72,11929.56,136942.45,14293.34,74616.13
D004000,A0660,Advisor,Government,Regular,2024-06-23,111880.79,7528.88,16926.58,548523.68,34608.05,17119.98
D004001,A0661,Advisor,Government,Initial,2026-02-13,98091.35,11123.29,10445.99,146719.38,42147.08,94256.22
D004002,A0661,Advisor,Government,Regular,2025-09-07,100064.54,15263.63,6296.55,34110.01,28772.31,129772.85
D004003,A0661,Advisor,Government,Regular,2026-02-15,116210.38,10804.0,8202.52,56996.25,13496.12,195008.38
D004004,A0661,Advisor,Government,Regular,2024-06-29,99258.35,10485.2,9185.23,139877.58,38887.0,58734.17
D004005,A0661,Advisor,Government,Regular,2026-02-16,102990.28,6159.06,15402.04,318132.72,55582.37,114129.98
D004006,A0662,Advisor,Government,Initial,2018-07-16,97628.56,1019.93,2122.71,47314.23,21727.24,145302.55
D004007,A0662,Advisor,Government,Regular,2019-09-01,98058.58,804.78,2066.57,137215.51,55817.41,45928.71
D004008,A0662,Advisor,Government,Regular,2025-08-28,105959.41,543.39,1086.73,134916.25,37206.24,177139.19
D004009,A0662,Advisor,Government,Regular,2022-02-01,114356.25,1316.27,2066.18,129684.45,40466.33,130790.56
D004010,A0662,Advisor,Government,Regular,2025-08-29,148010.49,850.38,1549.72,754769.42,19277.47,173413.62
D004011,A0663,Advisor,Government,Initial,2020-11-22,104816.61,5088.1,15201.68,144399.64,23014.67,135640.26
D004012,A0663,Advisor,Government,Regular,2025-07-03,114725.33,2829.78,8868.36,56842.69,20953.32,143759.74
D004013,A0663,Advisor,Government,Regular,2022-12-11,103508.1,7332.75,19563.11,170157.49,5574.94,179614.26
D004014,A0663,Advisor,Government,Regular,2020-02-08,101830.03,7313.8,22548.64,153470.07,52103.9,157882.95
D004015,A0663,Advisor,Government,Regular,2025-07-04,154890.94,4556.24,16317.92,455316.69,36475.49,75864.1
D004016,A0664,Advisor,Government,Initial,2023-02-19,97605.96,7534.48,18344.67,3062.72,19213.84,99280.9
D004017,A0664,Advisor,Government,Regular,2021-05-18,105376.72,4117.04,15834.57,59654.93,43415.24,103242.23
D004018,A0664,Advisor,Government,Regular,2018-11-19,95898.81,8199.25,9811.83,11662.41,57360.16,159392.76
D004019,A0664,Advisor,Government,Regular,2023-08-24,99580.56,5901.32,10000.28,71096.95,15329.51,66140.2
D004020,A0664,Advisor,Government,Regular,2023-08-25,130690.72,8118.85,17184.0,444423.17,22433.12,48697.3
D004021,A0665,Advisor,Government,Initial,2022-03-04,74137.19,11823.25,1943.42,41782.26,41488.47,11350.75
D004022,A0665,Advisor,Government,Regular,2025-10-09,85886.5,17287.48,1458.12,135485.6,53824.06,121937.61
D004023,A0665,Advisor,Government,Regular,2025-06-30,88863.78,9712.88,1403.88,33188.97,14565.77,165350.56
D004024,A0665,Advisor,Government,Regular,2022-08-15,69343.14,13786.01,1073.38,131815.91,43392.78,39711.93
D004025,A0665,Advisor,Government,Regular,2025-10-10,86369.75,16989.94,2005.37,442701.35,2392.99,31239.33
D004026,A0666,Advisor,Government,Initial,2021-09-21,71859.11,3097.27,12323.99,153037.13,39761.87,26851.14
D004027,A0666,Advisor,Government,Regular,2021-04-29,76457.71,2056.48,13241.47,173947.83,55633.82,184277.7
D004028,A0666,Advisor,Government,Regular,2024-02-23,83309.06,3773.28,7898.52,12847.54,45521.77,56383.15
D004029,A0666,Advisor,Government,Regular,2025-08-29,70178.72,3806.06,9613.22,61009.42,295.19,34900.99
D004030,A0666,Advisor,Government,Regular,2025-08-30,82547.72,2959.96,7439.92,472967.79,55131.05,136438.59
D004031,A0667,Advisor,Government,Initial,2021-11-10,117957.9,1612.08,8595.6,151313.12,29942.19,107067.07
D004032,A0667,Advisor,Government,Regular,2019-08-14,128155.18,2252.17,7940.82,172854.5,50335.55,123934.7
D004033,A0667,Advisor,Government,Regular,2023-08-25,124509.4,1803.37,9366.46,108351.64,27661.45,94127.43
D004034,A0667,Advisor,Government,Regular,2021-04-15,116027.43,1632.59,11891.82,151698.34,57988.57,47120.03
D004035,A0667,Advisor,Government,Regular,2023-08-26,118260.21,2286.04,12259.08,678419.5,56137.2,198224.92
D004036,A0668,Advisor,Government,Initial,2025-06-10,71594.89,17810.42,65.22,93306.93,36124.02,36399.01
D004037,A0668,Advisor,Government,Regular,2018-09-20,85653.35,19260.67,48.99,179162.53,30955.95,5443.07
D004038,A0668,Advisor,Government,Regular,2019-09-20,82483.67,23892.49,67.05,157525.19,28711.02,48480.23
D004039,A0668,Advisor,Government,Regular,2026-01-23,81367.38,15129.47,40.36,177417.37,58871.3,81917.9
D004040,A0668,Advisor,Government,Regular,2026-01-24,106102.94,11329.27,41.24,566342.38,52068.68,12420.49
D004041,A0669,Advisor,Government,Initial,2022-04-01,76533.4,13144.62,6705.76,35086.01,1815.36,63214.56
D004042,A0669,Advisor,Government,Regular,2018-05-24,71895.16,8288.16,7615.5,59901.81,14884.55,42635.97
D004043,A0669,Advisor,Government,Regular,2022-12-08,90926.77,8889.19,9287.15,130113.58,45027.35,98411.59
D004044,A0669,Advisor,Government,Regular,2024-01-09,78382.21,15099.22,5259.12,91313.65,52460.27,83673.96
D004045,A0669,Advisor,Government,Regular,2024-01-10,116097.07,17085.38,4057.92,507598.58,12582.42,139705.7
D004046,A0670,Advisor,Government,Initial,2025-10-25,114743.59,11152.01,9765.4,46758.03,2849.16,79018.57
D004047,A0670,Advisor,Government,Regular,2021-05-08,115204.3,15186.43,8118.26,80267.98,13898.81,86601.68
D004048,A0670,Advisor,Government,Regular,2025-12-12,131956.76,6467.11,13965.42,33049.47,51270.86,136132.4
D004049,A0670,Advisor,Government,Regular,2019-12-22,114924.49,6423.86,6556.06,132554.47,42293.57,76245.15
D004050,A0670,Advisor,Government,Regular,2025-12-13,154949.73,15739.2,7969.53,768931.66,16350.53,117866.39
D004051,A0671,Advisor,Government,Initial,2023-01-14,82597.21,6203.25,10737.14,157915.69,59612.14,168139.73
D004052,A0671,Advisor,Government,Regular,2018-05-28,82473.45,3377.39,6219.41,44043.86,40470.71,162898.26
D004053,A0671,Advisor,Government,Regular,2024-01-23,88102.02,8713.34,6347.48,146717.32,51892.43,41921.64
D004054,A0671,Advisor,Government,Regular,2019-10-15,97083.88,4391.81,10013.36,76327.06,26188.73,58595.98
D004055,A0671,Advisor,Government,Regular,2024-01-24,121631.73,8867.34,13410.38,612530.91,8171.04,188948.21
D004056,A0672,Advisor,Government,Initial,2018-01-26,107779.6,3723.05,2880.5,114996.68,22723.14,5812.05
D004057,A0672,Advisor,Government,Regular,2023-09-03,129139.62,3660.2,3056.32,166232.37,26257.89,15998.71
D004058,A0672,Advisor,Government,Regular,2018-01-30,110151.82,4340.48,2095.73,44372.85,38263.61,69391.75
D004059,A0672,Advisor,Government,Regular,2025-02-20,119772.22,3649.85,2425.74,85056.57,11572.67,130074.82
D004060,A0672,Advisor,Government,Regular,2025-02-21,163314.87,5031.22,2744.88,589501.42,46026.21,11186.93
D004061,A0673,Advisor,Government,Initial,2025-02-18,63965.69,7129.06,11680.23,106809.42,56491.1,155189.83
D004062,A0673,Advisor,Government,Regular,2025-07-04,73398.98,4778.0,9862.68,184893.56,26889.73,182319.95
D004063,A0673,Advisor,Government,Regular,2021-07-02,71178.19,9186.93,6327.86,145364.18,9143.58,68436.59
D004064,A0673,Advisor,Government,Regular,2021-04-04,74998.01,7280.25,14325.16,140071.58,13375.9,115769.45
D004065,A0673,Advisor,Government,Regular,2025-07-05,81231.36,10091.2,11191.45,489932.42,6255.67,83113.81
D004066,A0674,Advisor,Government,Initial,2025-03-26,83743.7,19086.81,7193.7,0.0,38257.91,172845.38
D004067,A0674,Advisor,Government,Regular,2023-03-01,81219.17,17005.85,9256.65,174750.71,22806.82,2031.84
D004068,A0674,Advisor,Government,Regular,2021-02-14,88305.2,27245.12,5499.99,134225.81,29967.66,45652.82
D004069,A0674,Advisor,Government,Regular,2020-02-07,93248.83,21445.93,4104.39,137956.73,17005.41,120457.53
D004070,A0674,Advisor,Government,Regular,2025-03-27,101442.9,18423.44,8556.71,384965.32,39554.13,84648.12
D004071,A0675,Advisor,Government,Initial,2021-01-29,97739.02,5235.41,6255.71,0.0,40649.35,55809.48
D004072,A0675,Advisor,Government,Regular,2018-05-11,102279.67,2743.51,6600.77,64606.19,3549.41,25754.7
D004073,A0675,Advisor,Government,Regular,2026-01-21,89349.06,7117.3,4660.13,102330.44,41628.55,48264.78
D004074,A0675,Advisor,Government,Regular,2023-08-29,102590.76,7157.56,5479.51,108860.35,14865.07,84859.67
D004075,A0675,Advisor,Government,Regular,2026-01-22,134365.02,4295.49,8680.53,371269.18,4541.78,108167.62
D004076,A0676,Advisor,Government,Initial,2019-06-14,41696.8,16372.19,4134.12,15943.68,48486.99,65215.48
D004077,A0676,Advisor,Government,Regular,2025-02-17,45732.26,16224.88,4181.64,92161.46,59879.07,185200.43
D004078,A0676,Advisor,Government,Regular,2022-02-07,45134.53,18992.56,3588.79,139367.52,34881.96,179594.79
D004079,A0676,Advisor,Government,Regular,2021-12-18,49544.73,13762.9,3486.14,114008.47,58575.76,5083.61
D004080,A0676,Advisor,Government,Regular,2025-02-18,50268.07,22864.6,3059.21,192555.86,8040.22,142014.72
D004081,A0677,Advisor,Government,Initial,2021-11-14,41473.29,10278.92,17506.63,72661.8,17173.5,14861.33
D004082,A0677,Advisor,Government,Regular,2019-10-20,45906.94,6485.81,23690.68,179376.92,8604.73,186605.72
D004083,A0677,Advisor,Government,Regular,2023-01-31,48451.84,13091.65,20049.26,100124.73,46490.52,14861.18
D004084,A0677,Advisor,Government,Regular,2025-04-16,41224.48,14119.81,19436.89,141953.14,5551.88,166446.15
D004085,A0677,Advisor,Government,Regular,2025-04-17,50786.39,8175.82,13932.68,334806.09,48229.86,8072.04
D004086,A0678,Advisor,Government,Initial,2024-02-19,43550.63,12613.5,15300.68,63228.13,27793.76,5144.13
D004087,A0678,Advisor,Government,Regular,2019-08-03,43117.54,7021.73,20235.68,72475.22,51494.58,34460.57
D004088,A0678,Advisor,Government,Regular,2019-01-11,49461.85,15613.33,12003.59,198257.98,576.42,140446.13
D004089,A0678,Advisor,Government,Regular,2024-07-14,41812.19,16055.77,11223.84,128797.15,47657.93,4410.4
D004090,A0678,Advisor,Government,Regular,2024-07-15,50096.66,8527.07,18614.04,333437.68,54070.69,72339.48
D004091,A0679,Advisor,Government,Initial,2024-10-25,46476.6,9563.9,6339.69,61728.49,42444.12,56462.62
D004092,A0679,Advisor,Government,Regular,2020-11-01,43063.46,12437.64,7324.93,180847.51,19495.05,81327.26
D004093,A0679,Advisor,Government,Regular,2018-12-20,49549.0,10466.2,9223.06,156345.7,12236.78,60520.92
D004094,A0679,Advisor,Government,Regular,2026-03-09,55456.72,7287.56,6354.52,73377.95,4119.44,42867.81
D004095,A0679,Advisor,Government,Regular,2026-03-10,67868.95,10744.21,7556.31,258790.97,25651.14,83202.15
D004096,A0680,Advisor,Government,Initial,2025-10-21,53921.66,16387.73,2319.49,0.0,1555.19,33084.85
D004097,A0680,Advisor,Government,Regular,2025-12-08,51826.53,9563.6,1678.82,18453.39,35523.78,61063.08
D004098,A0680,Advisor,Government,Regular,2018-05-21,51162.4,16807.95,2556.87,111211.6,38683.49,142280.94
D004099,A0680,Advisor,Government,Regular,2024-06-27,54674.08,14948.37,3037.53,31556.66,7021.03,114455.83
D004100,A0680,Advisor,Government,Regular,2025-12-09,75795.54,22432.5,1243.48,348122.84,40242.07,38438.65
D004101,A0681,Advisor,Government,Initial,2025-01-08,86158.79,16332.81,4137.94,146276.08,9096.27,152075.07
D004102,A0681,Advisor,Government,Regular,2022-06-22,90183.85,24363.68,6098.5,142304.96,41746.36,13840.94
D004103,A0681,Advisor,Government,Regular,2023-06-07,79741.93,22184.17,2969.62,109571.16,33791.09,123676.13
D004104,A0681,Advisor,Government,Regular,2023-09-05,98044.83,15992.01,2216.96,162628.09,1810.35,47835.55
D004105,A0681,Advisor,Government,Regular,2025-01-09,96805.13,10761.5,5228.05,455579.24,16345.85,159802.6
D004106,A0682,Advisor,Government,Initial,2026-01-09,72985.73,19162.99,1532.26,58998.38,28484.96,78168.11
D004107,A0682,Advisor,Government,Regular,2023-07-25,75623.04,23975.38,1001.33,141497.25,39181.13,30404.76
D004108,A0682,Advisor,Government,Regular,2018-11-05,83762.29,24066.85,1086.33,78874.79,50114.88,132427.4
D004109,A0682,Advisor,Government,Regular,2025-03-16,76718.85,11053.78,1765.66,170555.29,44661.19,153834.62
D004110,A0682,Advisor,Government,Regular,2026-01-10,86800.06,26613.81,1923.06,496170.63,58262.67,190821.27
D004111,A0683,Advisor,Government,Initial,2024-08-29,87333.11,7582.31,15429.72,135901.88,23936.24,92331.32
D004112,A0683,Advisor,Government,Regular,2024-10-24,85960.29,10721.37,21025.5,193569.61,23832.79,120919.21
D004113,A0683,Advisor,Government,Regular,2026-01-10,82187.22,9598.21,11081.63,92242.5,1756.69,21618.99
D004114,A0683,Advisor,Government,Regular,2025-08-22,86938.6,9999.5,19770.89,115999.55,51998.87,13140.27
D004115,A0683,Advisor,Government,Regular,2026-01-11,121705.56,8032.95,10768.41,629731.05,17894.67,168876.01
D004116,A0684,Advisor,Government,Initial,2020-02-29,70622.08,17791.05,15566.32,104993.25,52901.1,108342.27
D004117,A0684,Advisor,Government,Regular,2024-12-27,82103.92,11939.56,15070.07,119955.73,312.25,115553.96
D004118,A0684,Advisor,Government,Regular,2020-02-03,66571.35,24034.25,12842.57,108347.86,41547.14,137179.35
D004119,A0684,Advisor,Government,Regular,2024-03-04,83592.9,22108.84,13325.87,199787.23,6754.18,124041.23
D004120,A0684,Advisor,Government,Regular,2024-12-28,75466.53,19145.09,14333.95,496955.39,12886.27,62162.81
D004121,A0685,Advisor,Government,Initial,2024-04-23,107828.55,4704.16,9912.18,52587.96,12371.51,142086.94
D004122,A0685,Advisor,Government,Regular,2025-02-13,103273.07,6834.42,10228.27,6508.31,41691.42,82238.91
D004123,A0685,Advisor,Government,Regular,2022-12-04,108823.56,3816.02,9130.03,159912.65,31035.64,147610.85
D004124,A0685,Advisor,Government,Regular,2025-12-25,105642.29,4200.32,9823.9,17667.31,2315.47,45596.99
D004125,A0685,Advisor,Government,Regular,2025-12-26,137418.97,3975.99,6627.85,489569.95,23978.15,24365.65
D004126,A0686,Advisor,Government,Initial,2024-02-07,60190.97,10257.42,2218.16,60723.42,15183.68,15894.23
D004127,A0686,Advisor,Government,Regular,2019-04-07,66933.56,12425.22,2668.56,178326.49,4361.5,107802.99
D004128,A0686,Advisor,Government,Regular,2019-04-30,56013.31,9095.36,1177.95,39648.65,22503.13,17865.19
D004129,A0686,Advisor,Government,Regular,2024-10-24,57176.35,12806.55,1158.18,66569.51,20387.11,126118.51
D004130,A0686,Advisor,Government,Regular,2024-10-25,73881.42,8725.31,1681.82,331891.55,30046.57,49359.72
D004131,A0687,Advisor,Government,Initial,2018-04-22,55548.8,16985.87,15576.96,58638.11,13888.45,90415.4
D004132,A0687,Advisor,Government,Regular,2020-03-23,54827.79,22069.67,12036.18,137197.12,16848.59,67592.5
D004133,A0687,Advisor,Government,Regular,2024-05-09,55896.07,15461.75,14392.97,1773.34,59548.57,170245.36
D004134,A0687,Advisor,Government,Regular,2019-01-15,60008.93,15519.35,23044.83,30437.55,46526.18,191292.24
D004135,A0687,Advisor,Government,Regular,2024-05-10,87834.01,14886.54,16932.85,474751.96,41219.34,138093.11
D004136,A0688,Advisor,Government,Initial,2025-05-19,102677.84,15319.05,14874.89,254819.05,23434.73,106075.39
D004137,A0688,Advisor,Government,Regular,2018-08-15,121436.09,12635.83,17540.18,90196.29,58790.42,117095.39
D004138,A0688,Advisor,Government,Regular,2020-11-25,93314.96,18630.05,15969.49,81277.51,55123.3,72142.27
D004139,A0688,Advisor,Government,Regular,2024-02-05,95906.3,10554.46,19389.84,158144.14,51367.95,150723.4
D004140,A0688,Advisor,Government,Regular,2025-05-20,161031.2,11344.5,19579.02,833626.79,33718.38,37763.89
D004141,A0689,Advisor,Government,Initial,2025-05-30,77386.12,9267.96,311.91,37332.41,48628.26,185590.51
D004142,A0689,Advisor,Government,Regular,2024-06-18,77433.73,11212.6,251.05,36248.47,57279.32,51016.61
D004143,A0689,Advisor,Government,Regular,2024-11-16,87032.61,8598.32,258.67,27637.63,5072.61,148375.75
D004144,A0689,Advisor,Government,Regular,2025-10-24,80697.76,11078.11,458.26,168948.17,7825.84,68558.99
D004145,A0689,Advisor,Government,Regular,2025-10-25,100624.7,13598.22,190.97,564185.62,44549.16,199209.76
D004146,A0690,Advisor,Government,Initial,2021-07-30,116434.38,12967.22,8936.58,58267.61,27657.44,132452.8
D004147,A0690,Advisor,Government,Regular,2024-07-24,111222.47,10542.93,5518.72,81859.86,12771.52,45590.59
D004148,A0690,Advisor,Government,Regular,2019-10-27,119551.19,18276.61,9065.15,97282.67,5465.78,191109.95
D004149,A0690,Advisor,Government,Regular,2018-07-09,106642.98,12253.45,8624.9,193191.15,6206.39,136617.62
D004150,A0690,Advisor,Government,Regular,2024-07-25,159954.93,14734.11,7487.43,507358.97,4493.53,147687.19
D004151,A0691,Advisor,Government,Initial,2021-03-27,57058.4,19981.47,18929.73,175409.13,33566.23,17972.44
D004152,A0691,Advisor,Government,Regular,2019-12-13,62059.8,27794.77,25513.64,160083.09,18802.75,70120.92
D004153,A0691,Advisor,Government,Regular,2019-09-06,64827.06,27714.27,26349.0,40398.64,12796.05,33796.4
D004154,A0691,Advisor,Government,Regular,2023-12-31,65212.24,24236.36,25733.93,131686.99,34426.7,110959.01
D004155,A0691,Advisor,Government,Regular,2024-01-01,79637.95,10955.4,12087.03,495707.24,22701.43,127442.74
D004156,A0692,Advisor,Government,Initial,2023-11-20,77235.31,16558.77,6833.03,187079.31,53011.89,145789.65
D004157,A0692,Advisor,Government,Regular,2023-04-04,91750.59,19458.81,6981.58,118903.51,4379.06,144306.58
D004158,A0692,Advisor,Government,Regular,2018-01-09,80810.72,17831.44,4209.1,83304.37,4564.0,186604.94
D004159,A0692,Advisor,Government,Regular,2020-11-21,75410.52,20078.57,3974.95,20614.22,34951.41,100967.46
D004160,A0692,Advisor,Government,Regular,2023-11-21,80032.03,17826.55,5898.55,491311.83,43887.27,60394.73
D004161,A0693,Advisor,Government,Initial,2025-12-19,51288.57,14633.38,15392.36,104223.73,32797.21,130306.95
D004162,A0693,Advisor,Government,Regular,2020-01-27,49870.58,21949.91,17995.29,194097.66,33574.07,167756.47
D004163,A0693,Advisor,Government,Regular,2026-03-01,53784.94,7385.94,14911.44,112101.92,7259.98,29406.32
D004164,A0693,Advisor,Government,Regular,2020-09-19,48815.16,20946.54,10110.07,150192.87,43624.43,110985.44
D004165,A0693,Advisor,Government,Regular,2026-03-02,52236.21,21495.16,19316.66,378351.05,34305.08,117111.19
D004166,A0694,Advisor,Government,Initial,2020-05-30,96584.42,8238.69,390.57,156170.07,21635.15,143784.89
D004167,A0694,Advisor,Government,Regular,2024-05-28,105661.06,7093.57,219.96,61487.77,45478.84,133727.29
D004168,A0694,Advisor,Government,Regular,2019-07-02,115179.57,10451.08,195.74,2774.37,40971.94,149004.75
D004169,A0694,Advisor,Government,Regular,2018-02-09,111032.48,10292.3,524.46,4235.0,2798.59,49193.47
D004170,A0694,Advisor,Government,Regular,2024-05-29,126729.61,4620.02,441.94,601685.8,25014.9,142718.86
D004171,A0695,Advisor,Government,Initial,2024-05-26,105146.01,18784.41,4495.92,157386.95,48032.91,158895.04
D004172,A0695,Advisor,Government,Regular,2023-10-10,102030.91,18870.95,4917.95,134477.31,41493.87,98341.58
D004173,A0695,Advisor,Government,Regular,2021-06-01,111691.09,25645.07,6446.57,35200.48,24590.75,11853.04
D004174,A0695,Advisor,Government,Regular,2023-04-29,119817.35,22037.82,3457.46,68062.76,18999.72,26646.33
D004175,A0695,Advisor,Government,Regular,2024-05-27,134853.4,16163.06,3489.63,547187.91,30589.87,100429.02
D004176,A0696,Advisor,Government,Initial,2019-06-27,88597.92,9968.24,11547.9,119288.16,55166.25,8071.63
D004177,A0696,Advisor,Government,Regular,2019-09-03,81359.74,9344.86,7847.39,122291.27,58601.79,11669.52
D004178,A0696,Advisor,Government,Regular,2019-05-28,102201.87,8861.17,16767.95,51137.83,10309.83,185281.03
D004179,A0696,Advisor,Government,Regular,2022-12-21,85656.84,5084.89,16288.54,151787.3,59945.68,92289.3
D004180,A0696,Advisor,Government,Regular,2022-12-22,129810.59,7555.03,14557.25,565089.23,13626.02,17308.27
D004181,A0697,Advisor,Government,Initial,2020-03-30,44663.78,2969.71,9299.69,137557.54,22085.76,25028.88
D004182,A0697,Advisor,Government,Regular,2023-05-30,50381.5,3191.71,13795.57,12369.75,47913.21,168112.47
D004183,A0697,Advisor,Government,Regular,2020-05-09,45549.56,4229.31,8445.93,186140.72,11647.35,98513.39
D004184,A0697,Advisor,Government,Regular,2020-08-02,43106.35,2250.66,6039.67,188735.31,41829.12,31868.17
D004185,A0697,Advisor,Government,Regular,2023-05-31,70027.5,3028.02,8977.48,308188.53,49973.97,162738.37
D004186,A0698,Advisor,Government,Initial,2026-03-23,47671.39,6740.37,11594.6,49659.37,13984.66,45885.56
D004187,A0698,Advisor,Government,Regular,2025-11-02,53120.91,3728.82,12095.7,116813.48,8554.5,41523.26
D004188,A0698,Advisor,Government,Regular,2018-05-20,45827.66,6374.85,8894.19,38217.48,53213.35,39330.58
D004189,A0698,Advisor,Government,Regular,2019-05-23,51946.4,6992.5,15197.02,42108.42,16855.85,79724.73
D004190,A0698,Advisor,Government,Regular,2026-03-24,69582.4,3926.2,9971.91,266463.39,32845.51,184384.11
D004191,A0699,Advisor,Government,Initial,2019-04-11,51912.05,2020.55,10475.3,24398.2,37577.97,150548.21
D004192,A0699,Advisor,Government,Regular,2023-05-10,61507.65,2164.75,9277.37,3312.5,58634.61,125566.72
D004193,A0699,Advisor,Government,Regular,2021-04-26,52475.75,2436.83,8455.27,145581.28,41469.65,19171.82
D004194,A0699,Advisor,Government,Regular,2023-06-28,57088.01,2100.12,7567.96,124144.81,9440.52,57873.13
D004195,A0699,Advisor,Government,Regular,2023-06-29,61979.11,2451.51,11829.11,298112.71,38861.58,198162.22
D004196,A0700,Advisor,Government,Initial,2024-06-01,82239.47,7253.19,4083.56,134153.97,7967.19,198408.95
D004197,A0700,Advisor,Government,Regular,2018-06-05,79466.73,6939.96,5758.55,93749.82,54977.4,134426.05
D004198,A0700,Advisor,Government,Regular,2020-06-10,90736.12,4209.05,3562.07,47604.5,5676.19,101961.84
D004199,A0700,Advisor,Government,Regular,2024-07-10,94351.91,6677.33,3452.43,72561.04,4841.83,136989.61
D004200,A0700,Advisor,Government,Regular,2024-07-11,83712.55,6031.91,3659.37,321895.43,54690.57,129870.08
D004201,A0701,Advisor,Government,Initial,2021-05-04,97109.44,736.47,12924.65,0.0,17859.86,83510.22
D004202,A0701,Advisor,Government,Regular,2024-05-16,104208.32,759.96,9649.71,111902.78,21502.49,123127.56
D004203,A0701,Advisor,Government,Regular,2026-03-13,87426.75,756.9,8855.95,29327.27,28182.17,33779.27
D004204,A0701,Advisor,Government,Regular,2019-02-27,96874.08,785.06,11637.88,181508.86,26505.97,41179.65
D004205,A0701,Advisor,Government,Regular,2026-03-14,136535.74,673.6,14172.79,389312.75,20209.01,119294.89
D004206,A0702,Advisor,Government,Initial,2020-03-23,85633.15,6957.33,15757.5,201997.54,21737.63,155739.04
D004207,A0702,Advisor,Government,Regular,2018-11-02,89142.31,7051.58,11301.29,10715.07,44299.85,18207.96
D004208,A0702,Advisor,Government,Regular,2025-06-05,80832.67,9090.9,15249.21,40804.78,40288.86,44289.47
D004209,A0702,Advisor,Government,Regular,2019-11-19,86085.05,6195.65,20401.71,40977.55,42268.61,37177.5
D004210,A0702,Advisor,Government,Regular,2025-06-06,134293.68,4901.47,22346.1,441843.59,33856.82,119677.9
D004211,A0703,Advisor,Government,Initial,2022-06-12,96753.18,101.77,1920.76,159722.88,36192.49,60472.74
D004212,A0703,Advisor,Government,Regular,2026-01-28,115238.44,53.22,1810.06,195232.53,44753.08,82670.07
D004213,A0703,Advisor,Government,Regular,2021-05-31,113897.11,96.4,2437.05,177313.63,37676.98,39540.46
D004214,A0703,Advisor,Government,Regular,2023-04-06,102000.04,113.37,2170.66,55878.63,29060.63,86149.1
D004215,A0703,Advisor,Government,Regular,2026-01-29,100136.42,133.94,2249.01,323541.88,29738.93,183691.43
D004216,A0704,Advisor,Government,Initial,2023-07-04,123771.0,14145.16,13237.12,0.0,33553.63,2895.79
D004217,A0704,Advisor,Government,Regular,2020-10-08,137971.46,12991.86,19344.27,167078.32,15296.5,98751.51
D004218,A0704,Advisor,Government,Regular,2020-05-24,136964.97,20772.59,13760.8,153622.7,52930.99,148840.06
D004219,A0704,Advisor,Government,Regular,2025-12-24,123483.18,14161.76,14198.13,131836.18,23339.46,68954.1
D004220,A0704,Advisor,Government,Regular,2025-12-25,197095.38,14896.63,12476.01,645695.85,18176.57,89871.99
D004221,A0705,Advisor,Government,Initial,2024-10-19,82866.52,15073.03,10049.14,71396.97,16406.34,163057.64
D004222,A0705,Advisor,Government,Regular,2022-07-10,87211.49,16866.26,10082.94,79014.27,44814.39,11551.57
D004223,A0705,Advisor,Government,Regular,2020-09-08,75700.52,20507.97,11505.5,165739.64,23396.07,78656.25
D004224,A0705,Advisor,Government,Regular,2024-10-27,98254.05,10029.59,14373.67,59634.05,52491.92,71665.42
D004225,A0705,Advisor,Government,Regular,2024-10-28,109138.0,16502.93,6801.3,456542.46,49214.86,137205.85
D004226,A0706,Advisor,Government,Initial,2024-12-22,112254.45,10088.08,1269.95,198677.14,2700.41,66023.5
D004227,A0706,Advisor,Government,Regular,2021-04-05,113885.31,5051.02,1015.53,160476.19,12716.25,80472.24
D004228,A0706,Advisor,Government,Regular,2022-12-13,110330.57,9385.07,1795.72,24505.13,44500.65,16383.72
D004229,A0706,Advisor,Government,Regular,2018-11-29,107301.65,6212.16,1064.26,197002.59,14264.38,114910.58
D004230,A0706,Advisor,Government,Regular,2024-12-23,158093.3,12093.11,1878.31,838145.89,24526.52,100541.69
D004231,A0707,Advisor,Government,Initial,2020-06-26,37012.99,11260.58,12776.61,79039.62,49712.87,24524.64
D004232,A0707,Advisor,Government,Regular,2020-05-30,35717.63,7105.68,13336.33,142929.76,39690.46,253.89
D004233,A0707,Advisor,Government,Regular,2020-07-04,39037.13,9184.73,6392.44,172521.37,10041.02,67747.2
D004234,A0707,Advisor,Government,Regular,2023-05-28,35454.99,11470.68,7741.71,175194.24,1870.0,36871.89
D004235,A0707,Advisor,Government,Regular,2023-05-29,43548.81,9614.52,12338.34,186908.88,5558.55,74956.49
D004236,A0708,Advisor,Government,Initial,2022-07-02,104767.36,13081.51,1812.33,36326.97,34092.26,115679.68
D004237,A0708,Advisor,Government,Regular,2025-01-05,118944.8,11429.02,2495.73,67208.59,34535.21,134368.59
D004238,A0708,Advisor,Government,Regular,2024-08-26,101287.34,18689.58,1652.45,87604.44,30099.98,158990.67
D004239,A0708,Advisor,Government,Regular,2023-07-11,96704.56,6642.62,926.95,62237.77,56875.23,119489.13
D004240,A0708,Advisor,Government,Regular,2025-01-06,117591.36,8672.21,2420.5,585038.59,33509.98,143077.69
D004241,A0709,Advisor,Government,Initial,2024-08-17,123576.25,7312.81,9807.91,96786.3,6084.79,84512.89
D004242,A0709,Advisor,Government,Regular,2020-06-20,118912.57,4683.83,12381.57,55889.71,21180.86,192344.1
D004243,A0709,Advisor,Government,Regular,2018-06-22,132073.51,10545.16,12472.42,53037.29,39943.52,188733.86
D004244,A0709,Advisor,Government,Regular,2020-05-23,128939.47,8601.49,14080.57,94236.93,21792.93,111134.26
D004245,A0709,Advisor,Government,Regular,2024-08-18,152148.82,8894.92,7403.86,812289.2,23965.59,13658.66
D004246,A0710,Advisor,Government,Initial,2018-09-01,124725.84,3626.26,8290.28,224999.96,7878.49,6565.0
D004247,A0710,Advisor,Government,Regular,2022-05-10,134401.16,4823.53,11964.47,85865.25,29423.2,18660.48
D004248,A0710,Advisor,Government,Regular,2019-03-28,116664.05,3378.3,11038.19,12694.48,4912.13,24287.76
D004249,A0710,Advisor,Government,Regular,2026-03-09,117183.41,4236.11,9492.95,46004.47,40772.83,168751.25
D004250,A0710,Advisor,Government,Regular,2026-03-10,194035.88,2522.67,5654.88,766204.27,52489.0,101593.69
D004251,A0711,Advisor,Government,Initial,2024-09-23,102064.33,2713.16,8583.82,168424.03,6901.33,56897.79
D004252,A0711,Advisor,Government,Regular,2022-10-30,108850.74,3221.94,10310.15,199288.57,48927.5,169163.69
D004253,A0711,Advisor,Government,Regular,2024-07-14,113410.6,3074.73,9190.87,80912.27,32854.38,193377.3
D004254,A0711,Advisor,Government,Regular,2022-01-11,92802.24,1799.58,4850.74,150906.88,50552.91,158521.3
D004255,A0711,Advisor,Government,Regular,2024-09-24,102424.77,1688.8,11038.99,521520.1,56485.48,177991.36
D004256,A0712,Advisor,Government,Initial,2023-08-09,55317.26,14943.02,16145.46,84057.26,52586.57,140293.85
D004257,A0712,Advisor,Government,Regular,2019-02-23,54044.76,19492.31,16981.97,47217.16,25491.13,65136.66
D004258,A0712,Advisor,Government,Regular,2021-02-22,59179.05,12737.39,21315.67,2310.97,40806.27,169928.84
D004259,A0712,Advisor,Government,Regular,2021-09-23,63536.87,21095.4,8633.49,165539.15,41538.65,91346.71
D004260,A0712,Advisor,Government,Regular,2023-08-10,66617.92,13929.86,17073.85,320886.92,38260.69,182910.51
D004261,A0713,Advisor,Government,Initial,2018-03-07,95386.12,9742.23,2833.19,53093.03,4690.44,28615.03
D004262,A0713,Advisor,Government,Regular,2021-04-04,103597.86,9297.02,3851.43,130108.49,54462.06,35828.32
D004263,A0713,Advisor,Government,Regular,2020-02-20,105148.41,10980.48,2231.58,81247.28,23432.06,17115.06
D004264,A0713,Advisor,Government,Regular,2024-09-25,108923.96,6773.3,1687.81,187630.98,58031.5,99073.81
D004265,A0713,Advisor,Government,Regular,2024-09-26,125400.5,11008.87,1766.39,497466.69,40337.76,75064.97
D004266,A0714,Advisor,Government,Initial,2022-05-09,88245.03,286.48,19321.74,235089.32,23245.23,121750.06
D004267,A0714,Advisor,Government,Regular,2018-12-14,82622.76,255.04,12309.99,143832.07,23941.05,1575.6
D004268,A0714,Advisor,Government,Regular,2020-02-16,87586.06,292.81,14879.06,188245.82,52567.76,118899.21
D004269,A0714,Advisor,Government,Regular,2025-01-29,105839.02,336.65,18995.53,9194.56,23750.04,75695.78
D004270,A0714,Advisor,Government,Regular,2025-01-30,132677.49,356.96,25534.07,704730.62,9488.23,179369.19
D004271,A0715,Advisor,Government,Initial,2021-10-25,79724.03,2642.74,1734.74,111709.66,19337.36,54703.28
D004272,A0715,Advisor,Government,Regular,2019-09-13,79921.06,3284.32,2309.18,137.53,19261.75,167383.48
D004273,A0715,Advisor,Government,Regular,2024-12-11,79139.65,2353.3,975.82,35950.56,21717.93,169844.98
D004274,A0715,Advisor,Government,Regular,2021-10-22,90232.81,1343.18,1491.84,146430.19,13659.71,39843.62
D004275,A0715,Advisor,Government,Regular,2024-12-12,83917.04,3221.48,1760.82,433297.01,24822.53,65877.43
D004276,A0716,Advisor,Government,Initial,2018-12-15,92367.63,5763.1,2988.27,69880.59,43536.08,142221.56
D004277,A0716,Advisor,Government,Regular,2019-08-25,108661.93,6216.38,4232.64,177821.18,13573.25,21800.57
D004278,A0716,Advisor,Government,Regular,2021-02-09,108313.24,6573.83,1718.57,172423.92,48446.73,107649.69
D004279,A0716,Advisor,Government,Regular,2023-06-12,97318.36,4410.15,4204.3,171623.83,40854.84,127035.03
D004280,A0716,Advisor,Government,Regular,2023-06-13,140913.33,5657.71,3771.38,443967.55,52432.25,9026.49
D004281,A0717,Advisor,Government,Initial,2025-08-23,122797.03,8541.68,10618.07,224594.6,13020.65,124541.76
D004282,A0717,Advisor,Government,Regular,2023-10-19,113494.31,5202.31,5473.54,8526.93,40863.98,76573.27
D004283,A0717,Advisor,Government,Regular,2021-06-26,116508.28,7759.26,15856.81,103863.66,36993.12,161106.52
D004284,A0717,Advisor,Government,Regular,2020-06-08,135541.49,7359.7,10336.39,194480.75,46578.11,174188.64
D004285,A0717,Advisor,Government,Regular,2025-08-24,186664.38,7832.82,13455.7,609353.25,31360.71,106637.29
D004286,A0718,Advisor,Government,Initial,2020-04-09,105719.54,9879.81,12529.33,133141.27,17725.66,37135.88
D004287,A0718,Advisor,Government,Regular,2021-09-01,98850.58,13822.21,18418.07,135912.67,45433.62,110707.72
D004288,A0718,Advisor,Government,Regular,2021-09-18,96608.5,7405.19,10479.65,46080.26,44173.0,37337.58
D004289,A0718,Advisor,Government,Regular,2023-04-17,100185.27,14691.39,11794.87,94563.02,22781.45,75772.72
D004290,A0718,Advisor,Government,Regular,2023-04-18,108527.08,6209.5,13105.45,483197.21,19257.17,139259.34
D004291,A0719,Advisor,Government,Initial,2026-01-14,37903.04,13302.53,1112.31,61334.15,12456.43,136802.87
D004292,A0719,Advisor,Government,Regular,2022-05-17,40428.66,14688.35,670.42,155427.12,42560.88,79226.49
D004293,A0719,Advisor,Government,Regular,2019-01-26,41579.64,7109.76,1492.05,142374.47,56434.07,51384.92
D004294,A0719,Advisor,Government,Regular,2020-12-14,36612.84,15105.96,691.61,161053.88,4897.17,184395.09
D004295,A0719,Advisor,Government,Regular,2026-01-15,45987.13,14511.48,1520.82,213375.1,18353.47,141565.46
D004296,A0720,Advisor,Government,Initial,2022-01-24,123157.35,4270.67,11903.18,205946.86,28729.49,162154.81
D004297,A0720,Advisor,Government,Regular,2020-07-17,119231.64,3173.27,9244.34,116125.68,27055.42,124444.25
D004298,A0720,Advisor,Government,Regular,2024-11-25,128110.85,2529.24,14879.04,149262.34,47509.41,60508.91
D004299,A0720,Advisor,Government,Regular,2021-04-21,121982.23,4696.24,10287.88,142287.87,42060.96,162744.59
D004300,A0720,Advisor,Government,Regular,2024-11-26,176135.29,4812.61,14684.5,753737.66,5539.22,186518.29
D004301,A0721,Advisor,Government,Initial,2024-10-22,35368.73,14211.09,18607.72,71677.05,6936.22,114537.51
D004302,A0721,Advisor,Government,Regular,2020-11-11,34138.08,13317.29,26391.54,102993.81,29462.65,57693.21
D004303,A0721,Advisor,Government,Regular,2018-07-04,41939.31,10099.2,11490.73,33475.83,13746.71,120416.39
D004304,A0721,Advisor,Government,Regular,2020-12-17,37739.3,20313.04,17472.12,57967.55,12404.37,23531.88
D004305,A0721,Advisor,Government,Regular,2024-10-23,41993.94,20489.57,23032.72,322879.91,13100.6,79268.57
D004306,A0722,Advisor,Government,Initial,2021-12-17,75983.17,14461.14,9927.39,102353.34,1079.93,80537.87
D004307,A0722,Advisor,Government,Regular,2022-07-06,68670.28,16951.5,9423.88,192471.01,8354.99,170961.46
D004308,A0722,Advisor,Government,Regular,2024-03-01,87817.55,8968.02,14564.02,157488.73,38701.13,25411.82
D004309,A0722,Advisor,Government,Regular,2024-07-07,87281.72,10303.95,13465.5,83067.62,57503.21,33006.61
D004310,A0722,Advisor,Government,Regular,2024-07-08,101312.78,11013.45,9335.36,351029.33,42498.89,43098.75
D004311,A0723,Advisor,Government,Initial,2025-06-05,115048.75,18126.21,14438.45,193334.15,35173.77,167705.45
D004312,A0723,Advisor,Government,Regular,2018-05-31,134611.66,16329.66,21175.75,6492.31,16389.85,70462.9
D004313,A0723,Advisor,Government,Regular,2020-08-06,106805.53,12731.57,16653.77,52924.78,59908.88,104210.22
D004314,A0723,Advisor,Government,Regular,2026-02-25,113108.48,24983.01,15339.72,22493.03,31251.28,61857.38
D004315,A0723,Advisor,Government,Regular,2026-02-26,174428.65,16911.7,8635.32,681289.28,10878.94,5817.86
D004316,A0724,Advisor,Government,Initial,2020-07-12,53503.9,11146.61,1766.96,60351.42,1138.62,111822.24
D004317,A0724,Advisor,Government,Regular,2022-03-22,52205.15,16159.13,1051.07,137859.49,43596.68,115876.84
D004318,A0724,Advisor,Government,Regular,2022-01-20,60001.08,14716.5,2308.52,141950.03,34362.97,51601.79
D004319,A0724,Advisor,Government,Regular,2018-10-28,58148.01,11142.6,2217.02,184279.22,12514.43,170634.57
D004320,A0724,Advisor,Government,Regular,2022-03-23,59713.17,13257.19,1477.98,287207.06,29331.67,92243.2
D004321,A0725,Advisor,Government,Initial,2019-01-01,77624.09,7322.14,4191.99,179927.99,25508.72,41723.73
D004322,A0725,Advisor,Government,Regular,2023-06-12,75842.75,8022.25,4547.58,44011.76,48841.54,111079.57
D004323,A0725,Advisor,Government,Regular,2024-02-22,85053.28,9514.74,2847.02,157324.57,51297.92,38397.72
D004324,A0725,Advisor,Government,Regular,2024-10-25,83995.45,8637.03,4150.11,81208.46,21799.17,5513.68
D004325,A0725,Advisor,Government,Regular,2024-10-26,82001.02,4261.47,4652.23,291815.72,31541.39,44.52
D004326,A0726,Advisor,Government,Initial,2018-02-22,104938.38,8253.96,5022.29,150171.1,45488.44,52309.7
D004327,A0726,Advisor,Government,Regular,2018-12-23,94524.37,10120.37,7286.14,19449.76,56026.15,155467.48
D004328,A0726,Advisor,Government,Regular,2020-10-21,120433.11,9938.07,2604.3,167849.13,58846.22,131734.74
D004329,A0726,Advisor,Government,Regular,2024-05-26,124532.05,6955.01,7060.01,44834.35,39688.83,5352.24
D004330,A0726,Advisor,Government,Regular,2024-05-27,133535.51,11874.2,4424.08,413787.65,23226.27,36301.45
D004331,A0727,Advisor,Government,Initial,2019-12-12,97558.45,2363.43,16019.27,100656.96,27484.15,86469.68
D004332,A0727,Advisor,Government,Regular,2018-08-23,98451.11,3068.77,17102.39,87766.34,9493.89,53391.48
D004333,A0727,Advisor,Government,Regular,2022-01-27,105961.65,2290.1,18655.61,150584.3,21842.16,183001.09
D004334,A0727,Advisor,Government,Regular,2022-12-24,105891.77,1552.67,22049.62,93381.02,7112.7,136258.1
D004335,A0727,Advisor,Government,Regular,2022-12-25,115602.15,2643.68,21362.29,449173.25,29948.25,125070.08
D004336,A0728,Advisor,Government,Initial,2024-01-05,113669.3,8274.18,16343.13,192374.71,30478.59,81260.18
D004337,A0728,Advisor,Government,Regular,2025-03-09,125718.27,7613.08,9198.51,185579.46,31424.73,134710.05
D004338,A0728,Advisor,Government,Regular,2023-04-27,109138.44,7006.31,14357.47,193645.31,51719.55,163571.63
D004339,A0728,Advisor,Government,Regular,2024-08-18,112305.6,5895.67,19560.45,38909.46,51323.63,54761.33
D004340,A0728,Advisor,Government,Regular,2025-03-10,173939.59,4559.57,14425.73,652986.41,23736.8,98558.93
D004341,A0729,Advisor,Government,Initial,2025-05-10,110192.27,17490.09,11890.56,205206.75,47909.77,147070.38
D004342,A0729,Advisor,Government,Regular,2022-05-06,111900.61,13279.93,12881.85,53015.55,26557.12,15661.35
D004343,A0729,Advisor,Government,Regular,2021-12-19,127006.26,22897.13,8782.53,170733.75,54427.46,172706.87
D004344,A0729,Advisor,Government,Regular,2025-04-07,100365.73,19912.93,8955.82,154930.56,14480.25,99031.0
D004345,A0729,Advisor,Government,Regular,2025-05-11,149895.59,8842.29,14565.64,576263.2,44882.23,122228.28
D004346,A0730,Advisor,Government,Initial,2018-05-14,52699.07,12474.87,6655.32,111587.43,26455.58,162948.32
D004347,A0730,Advisor,Government,Regular,2023-05-29,55728.9,10910.49,6868.93,39744.33,32020.68,184982.57
D004348,A0730,Advisor,Government,Regular,2024-07-05,50409.12,15239.49,4132.06,81416.35,22786.49,195203.58
D004349,A0730,Advisor,Government,Regular,2023-11-20,48107.39,17699.39,8727.94,5835.11,13284.66,41806.38
D004350,A0730,Advisor,Government,Regular,2024-07-06,83293.73,17158.85,3909.08,479470.12,52794.67,43684.68
D004351,A0731,Advisor,Government,Initial,2020-08-01,100652.39,16768.62,6284.52,96229.36,44285.67,28230.47
D004352,A0731,Advisor,Government,Regular,2023-12-24,104234.27,18134.02,4436.72,178170.53,55471.52,93455.82
D004353,A0731,Advisor,Government,Regular,2025-04-07,103481.96,19982.44,9412.98,190783.38,23645.74,86376.72
D004354,A0731,Advisor,Government,Regular,2018-06-02,98064.82,22650.46,9122.88,180685.79,11793.96,156758.08
D004355,A0731,Advisor,Government,Regular,2025-04-08,138054.68,12818.88,5251.81,595850.19,3221.14,190985.43
D004356,A0732,Advisor,Government,Initial,2023-12-25,111816.18,1396.32,17542.52,112125.66,37697.12,87242.13
D004357,A0732,Advisor,Government,Regular,2019-03-28,123514.21,1530.82,10788.38,59805.94,31064.9,118379.82
D004358,A0732,Advisor,Government,Regular,2023-03-06,116594.41,1583.21,12318.08,39262.46,14163.54,166905.36
D004359,A0732,Advisor,Government,Regular,2022-10-16,103559.5,1049.49,24374.39,89437.44,39318.05,53918.33
D004360,A0732,Advisor,Government,Regular,2023-12-26,175315.27,1435.56,12461.74,773245.81,56750.23,182256.95
D004361,A0733,Advisor,Government,Initial,2023-04-11,106853.4,13725.16,8197.89,130373.71,28040.53,145239.83
D004362,A0733,Advisor,Government,Regular,2021-09-30,110039.12,13319.52,8041.19,127301.79,54858.15,108350.3
D004363,A0733,Advisor,Government,Regular,2019-05-06,126346.87,15093.75,6059.51,143755.89,55346.43,172539.07
D004364,A0733,Advisor,Government,Regular,2024-05-23,99687.41,9437.46,7884.08,72783.1,38676.47,104183.46
D004365,A0733,Advisor,Government,Regular,2024-05-24,125932.88,16088.24,9836.5,544701.56,54553.6,49692.1
D004366,A0734,Advisor,Government,Initial,2018-07-03,80054.87,179.63,18333.33,154562.32,58752.68,97855.76
D004367,A0734,Advisor,Government,Regular,2025-01-16,91326.06,162.47,20921.63,23821.11,1797.75,85463.16
D004368,A0734,Advisor,Government,Regular,2018-06-17,83960.54,263.27,18841.35,152270.37,40843.82,60278.14
D004369,A0734,Advisor,Government,Regular,2023-12-15,89599.43,181.84,12765.09,2126.01,15258.31,168285.01
D004370,A0734,Advisor,Government,Regular,2025-01-17,96927.35,128.09,26211.1,580512.53,17084.9,135678.68
D004371,A0735,Advisor,Government,Initial,2024-03-19,117764.09,12403.82,9584.18,90746.83,36860.35,37828.44
D004372,A0735,Advisor,Government,Regular,2023-09-04,114638.33,14428.38,8529.54,197205.63,14742.27,189644.63
D004373,A0735,Advisor,Government,Regular,2022-10-20,123385.49,12642.69,11942.96,100515.16,16018.8,52218.49
D004374,A0735,Advisor,Government,Regular,2020-12-30,137386.8,13034.26,11107.96,180200.01,59790.93,117524.73
D004375,A0735,Advisor,Government,Regular,2024-03-20,119456.71,18554.23,14105.2,388984.95,37580.0,74348.51
D004376,A0736,Advisor,Government,Initial,2025-04-12,101324.59,6845.56,8466.51,160600.82,3245.1,148643.43
D004377,A0736,Advisor,Government,Regular,2018-06-04,118517.34,7578.39,9297.22,124490.13,22865.84,43788.97
D004378,A0736,Advisor,Government,Regular,2024-09-25,116194.61,4553.2,6315.07,169937.23,23973.04,52947.44
D004379,A0736,Advisor,Government,Regular,2018-01-14,120935.1,3623.71,9289.81,118633.72,48194.75,55035.7
D004380,A0736,Advisor,Government,Regular,2025-04-13,149647.32,3834.34,5757.23,446497.17,55463.49,5151.2
D004381,A0737,Advisor,Government,Initial,2020-04-01,127468.39,12185.16,4300.04,102465.57,55283.13,875.83
D004382,A0737,Advisor,Government,Regular,2018-11-18,140124.77,12571.43,5159.11,151612.7,41572.07,76901.89
D004383,A0737,Advisor,Government,Regular,2023-10-20,119551.91,17163.6,3444.14,174897.26,46905.73,6506.53
D004384,A0737,Advisor,Government,Regular,2020-08-30,149522.24,6773.92,6281.22,59464.35,17273.1,89657.49
D004385,A0737,Advisor,Government,Regular,2023-10-21,197465.42,10466.02,5402.94,966370.69,26824.25,40914.71
D004386,A0738,Advisor,Government,Initial,2022-03-15,124117.21,3007.22,16620.55,123466.63,40794.55,47340.43
D004387,A0738,Advisor,Government,Regular,2018-12-13,131655.5,2965.18,22596.69,37558.78,30913.19,27616.64
D004388,A0738,Advisor,Government,Regular,2021-01-29,143428.06,3268.49,22738.14,19693.32,20597.71,174164.54
D004389,A0738,Advisor,Government,Regular,2022-02-04,135778.82,3565.24,21174.67,156688.5,39683.0,15853.16
D004390,A0738,Advisor,Government,Regular,2022-03-16,191532.5,3283.13,12360.35,907767.93,7436.01,84644.38
D004391,A0739,Advisor,Government,Initial,2018-03-03,113056.9,6566.9,6066.63,154176.7,27208.96,20662.82
D004392,A0739,Advisor,Government,Regular,2025-12-12,127603.04,6648.97,4742.43,147890.2,53086.51,169061.35
D004393,A0739,Advisor,Government,Regular,2018-05-05,119063.2,4178.06,4582.17,81444.38,17428.85,47465.42
D004394,A0739,Advisor,Government,Regular,2021-09-23,102658.91,9408.89,5538.67,186056.17,20800.19,70459.35
D004395,A0739,Advisor,Government,Regular,2025-12-13,160389.47,8363.53,4309.31,466742.28,30498.21,15560.6
D004396,A0740,Advisor,Government,Initial,2025-01-14,105663.23,2682.09,3050.87,89547.93,19784.12,89405.63
D004397,A0740,Advisor,Government,Regular,2023-07-28,124696.51,2069.25,3277.93,35983.93,17032.31,141607.88
D004398,A0740,Advisor,Government,Regular,2019-06-01,101970.04,2540.95,4123.33,147332.16,48734.04,49663.89
D004399,A0740,Advisor,Government,Regular,2024-09-07,109993.43,1444.4,3030.91,142138.97,52449.95,178541.46
D004400,A0740,Advisor,Government,Regular,2025-01-15,143692.19,2103.31,4064.15,467432.21,44232.7,92369.02
D004401,A0741,Advisor,Government,Initial,2023-06-25,101962.78,17852.23,8727.54,174201.16,40664.66,68183.83
D004402,A0741,Advisor,Government,Regular,2019-04-26,96478.35,15424.57,6292.53,180327.58,55807.75,155304.65
D004403,A0741,Advisor,Government,Regular,2022-11-01,105432.11,20067.07,11269.3,75120.82,7435.49,30972.93
D004404,A0741,Advisor,Government,Regular,2019-09-19,106780.09,21057.42,7831.23,39468.88,3765.22,56605.36
D004405,A0741,Advisor,Government,Regular,2023-06-26,124465.05,10946.55,9841.3,655167.09,29786.18,185777.77
D004406,A0742,Advisor,Government,Initial,2021-10-09,35588.22,5658.35,7290.74,104775.81,47418.34,70638.44
D004407,A0742,Advisor,Government,Regular,2022-01-29,41890.52,7363.9,10631.5,84792.53,33494.62,193972.17
D004408,A0742,Advisor,Government,Regular,2020-05-29,34202.45,7323.79,10409.66,96730.87,58232.39,152857.97
D004409,A0742,Advisor,Government,Regular,2022-08-26,37463.44,6000.63,9349.06,71224.27,466.71,197702.47
D004410,A0742,Advisor,Government,Regular,2022-08-27,51470.91,3347.81,7310.73,226409.65,3048.91,40184.61
D004411,A0743,Advisor,Government,Initial,2024-07-16,67055.68,6592.58,9430.98,100849.56,9520.53,125149.45
D004412,A0743,Advisor,Government,Regular,2020-08-06,64837.49,6961.68,13082.35,155687.28,36963.75,193105.31
D004413,A0743,Advisor,Government,Regular,2018-10-08,73792.69,6066.72,9652.73,191132.86,53001.19,196664.81
D004414,A0743,Advisor,Government,Regular,2024-02-16,67396.2,7774.08,13953.32,6682.39,22308.33,152494.34
D004415,A0743,Advisor,Government,Regular,2024-07-17,74977.78,3812.35,5734.29,279424.87,10392.69,32352.68
D004416,A0744,Advisor,Government,Initial,2023-08-10,33297.83,14163.25,13719.45,5041.87,42456.89,188086.2
D004417,A0744,Advisor,Government,Regular,2024-08-03,30393.24,19965.18,15992.62,177894.74,32600.59,127256.3
D004418,A0744,Advisor,Government,Regular,2023-10-26,31661.84,16356.9,19921.47,111919.54,36896.3,105642.67
D004419,A0744,Advisor,Government,Regular,2021-03-06,39483.82,13452.18,8222.61,151184.2,46375.49,86455.38
D004420,A0744,Advisor,Government,Regular,2024-08-04,38261.86,19573.19,18942.14,235810.62,44348.89,108735.52
D004421,A0745,Advisor,Government,Initial,2022-08-19,99935.95,3711.88,3726.96,0.0,26097.89,96146.93
D004422,A0745,Advisor,Government,Regular,2021-06-11,98181.49,1967.25,3589.43,111761.05,45989.75,152996.76
D004423,A0745,Advisor,Government,Regular,2023-07-21,107908.97,3467.25,2756.52,118776.65,39072.29,103656.63
D004424,A0745,Advisor,Government,Regular,2025-08-29,110720.73,3616.75,4937.43,60470.54,36563.04,33752.95
D004425,A0745,Advisor,Government,Regular,2025-08-30,123211.25,3510.94,2192.61,408572.92,15434.63,163089.49
D004426,A0746,Advisor,Government,Initial,2025-05-01,109316.95,12332.09,6699.19,73448.62,19622.19,161617.25
D004427,A0746,Advisor,Government,Regular,2019-08-14,104812.58,9608.53,9657.2,125321.05,47534.33,116667.2
D004428,A0746,Advisor,Government,Regular,2018-02-15,126159.11,17742.71,8743.81,53653.79,57309.03,77720.19
D004429,A0746,Advisor,Government,Regular,2022-09-10,120281.62,16128.17,3777.51,179474.89,39677.29,107554.9
D004430,A0746,Advisor,Government,Regular,2025-05-02,164398.41,13275.97,8646.45,923849.56,46326.66,126028.91
D004431,A0747,Advisor,Government,Initial,2025-12-05,43640.24,7674.17,9812.91,23953.06,3147.15,93542.08
D004432,A0747,Advisor,Government,Regular,2024-04-04,49403.43,4245.61,8702.15,142459.71,12225.16,82734.75
D004433,A0747,Advisor,Government,Regular,2021-05-17,48530.27,11429.6,14362.77,99154.48,14676.45,185648.46
D004434,A0747,Advisor,Government,Regular,2021-09-12,43568.56,6791.97,12757.59,177894.66,40546.77,89871.13
D004435,A0747,Advisor,Government,Regular,2025-12-06,54098.04,10125.66,13895.62,272002.69,49540.48,92074.96
D004436,A0748,Advisor,Government,Initial,2023-05-16,97700.14,1082.23,7051.23,218278.36,44085.64,183312.8
D004437,A0748,Advisor,Government,Regular,2025-04-23,100367.81,1232.83,10158.28,52793.53,58086.91,183097.69
D004438,A0748,Advisor,Government,Regular,2019-11-10,101614.75,939.0,4282.71,192425.76,21307.9,176562.07
D004439,A0748,Advisor,Government,Regular,2020-11-03,93134.75,607.62,4589.83,196137.09,30606.09,88615.36
D004440,A0748,Advisor,Government,Regular,2025-04-24,124425.8,649.07,6125.12,384721.66,19547.83,126314.44
D004441,A0749,Advisor,Government,Initial,2020-07-05,127101.13,6952.03,18881.13,281121.35,20419.89,74813.24
D004442,A0749,Advisor,Government,Regular,2021-07-20,147912.32,7281.07,10378.24,17518.14,15786.68,37507.39
D004443,A0749,Advisor,Government,Regular,2020-01-31,146151.9,8408.98,18894.43,185825.68,53942.57,82151.32
D004444,A0749,Advisor,Government,Regular,2020-04-18,121489.62,6882.29,20600.14,143332.9,46764.93,25771.34
D004445,A0749,Advisor,Government,Regular,2021-07-21,142693.03,4141.94,17034.78,827082.33,44639.09,101081.35
D004446,A0750,Advisor,Government,Initial,2025-05-04,103667.86,9821.31,763.21,167266.53,36188.33,105748.97
D004447,A0750,Advisor,Government,Regular,2021-04-25,111351.06,12439.89,657.77,119719.59,20025.14,26541.1
D004448,A0750,Advisor,Government,Regular,2018-03-19,115173.66,8361.35,855.12,19136.5,6783.85,57986.36
D004449,A0750,Advisor,Government,Regular,2021-07-20,121402.29,9858.63,529.47,62422.25,52040.8,125502.23
D004450,A0750,Advisor,Government,Regular,2025-05-05,133470.39,13718.9,930.76,599530.56,2408.91,15362.14
D004451,A0751,Advisor,Government,Initial,2020-04-03,45314.27,17788.9,2798.67,116685.33,35260.44,57500.14
D004452,A0751,Advisor,Government,Regular,2023-02-27,42281.36,26653.86,2068.8,166874.56,2623.63,49165.83
D004453,A0751,Advisor,Government,Regular,2024-11-01,42499.25,13910.98,3637.86,35923.05,25499.1,70278.0
D004454,A0751,Advisor,Government,Regular,2018-06-27,43169.1,12474.4,1641.28,82764.43,21348.17,102038.51
D004455,A0751,Advisor,Government,Regular,2024-11-02,56693.23,11483.55,2669.06,197801.31,8987.47,91380.56
D004456,A0752,Advisor,Government,Initial,2018-02-01,35413.89,4839.09,12581.13,17074.2,3446.58,90938.92
D004457,A0752,Advisor,Government,Regular,2018-02-01,41320.15,4143.45,15705.36,168395.86,41111.08,87324.67
D004458,A0752,Advisor,Government,Regular,2023-06-20,32315.21,5221.6,10306.55,191386.5,46356.08,194294.25
D004459,A0752,Advisor,Government,Regular,2018-12-07,39286.31,2861.4,11110.04,173900.09,35929.7,162038.58
D004460,A0752,Advisor,Government,Regular,2023-06-21,56063.85,4185.69,16301.89,235627.49,13778.17,139252.35
D004461,A0753,Advisor,Government,Initial,2022-09-11,92964.38,7411.51,10594.5,140795.02,42051.77,193663.54
D004462,A0753,Advisor,Government,Regular,2021-09-17,96861.83,4121.28,9983.85,59360.0,8716.81,21654.6
D004463,A0753,Advisor,Government,Regular,2023-12-03,90004.46,4801.96,7168.64,136680.83,24735.89,105664.12
D004464,A0753,Advisor,Government,Regular,2021-10-01,101184.67,8776.03,13128.87,114707.41,8561.07,6904.26
D004465,A0753,Advisor,Government,Regular,2023-12-04,96803.29,9448.3,14895.01,533326.34,18286.89,100884.85
D004466,A0754,Advisor,Government,Initial,2020-04-11,39852.63,12135.83,3807.23,105919.95,21901.48,49562.6
D004467,A0754,Advisor,Government,Regular,2020-09-02,35945.23,11917.32,4843.73,139980.53,11610.47,140111.45
D004468,A0754,Advisor,Government,Regular,2018-08-05,35902.01,16014.83,5329.01,23903.6,46264.13,52709.39
D004469,A0754,Advisor,Government,Regular,2023-01-21,46975.2,6468.46,4365.97,19178.42,27745.33,165690.87
D004470,A0754,Advisor,Government,Regular,2023-01-22,57707.18,11417.83,2327.43,215755.87,42225.82,174764.79
D004471,A0755,Advisor,Government,Initial,2019-01-15,119852.27,16693.48,4479.5,183035.85,54669.7,163951.3
D004472,A0755,Advisor,Government,Regular,2023-01-14,130948.57,22483.62,3915.58,105837.22,27240.8,121026.02
D004473,A0755,Advisor,Government,Regular,2022-03-16,109190.57,18434.72,4450.74,147899.34,58072.34,154846.14
D004474,A0755,Advisor,Government,Regular,2020-09-05,108964.64,20056.3,6634.27,137126.25,43266.53,178495.99
D004475,A0755,Advisor,Government,Regular,2023-01-15,162255.66,21275.04,4956.9,729082.91,14840.92,130092.01
D004476,A0756,Advisor,Government,Initial,2021-05-13,51188.24,17787.29,5750.45,5431.57,31147.93,142677.55
D004477,A0756,Advisor,Government,Regular,2018-06-26,51992.51,21419.59,7483.83,59203.06,59565.97,70988.65
D004478,A0756,Advisor,Government,Regular,2019-09-04,61105.19,14835.47,4040.45,168187.38,28025.07,132789.37
D004479,A0756,Advisor,Government,Regular,2022-04-15,59352.83,9012.94,4375.86,35985.32,741.0,107596.93
D004480,A0756,Advisor,Government,Regular,2022-04-16,71091.22,16459.98,6627.7,426401.85,27010.01,116193.34
D004481,A0757,Advisor,Government,Initial,2018-09-23,71066.99,15201.74,19563.86,94084.01,39458.88,157527.18
D004482,A0757,Advisor,Government,Regular,2019-05-12,75923.28,15392.26,26706.87,147900.77,1583.37,121272.79
D004483,A0757,Advisor,Government,Regular,2020-06-21,73255.97,7649.94,22485.79,117913.45,50659.02,697.63
D004484,A0757,Advisor,Government,Regular,2024-03-26,65393.92,14705.45,10740.35,39260.94,8156.04,138058.94
D004485,A0757,Advisor,Government,Regular,2024-03-27,99498.27,15617.99,16526.1,456526.07,40099.63,138062.98
D004486,A0758,Advisor,Government,Initial,2023-09-06,112328.06,17022.74,15697.9,166523.49,40261.47,92829.18
D004487,A0758,Advisor,Government,Regular,2019-06-15,130781.58,10223.12,16689.5,85360.49,39362.28,147049.84
D004488,A0758,Advisor,Government,Regular,2022-07-02,111403.89,8990.93,15554.37,40456.07,19076.09,118925.22
D004489,A0758,Advisor,Government,Regular,2022-05-18,124527.92,18094.0,9608.19,118568.45,10034.32,7383.77
D004490,A0758,Advisor,Government,Regular,2023-09-07,170647.94,23858.72,9734.68,880516.57,24076.09,171096.56
D004491,A0759,Advisor,Government,Initial,2018-07-03,86893.37,14770.55,9191.27,175459.14,31838.81,134043.81
D004492,A0759,Advisor,Government,Regular,2018-07-19,91133.48,8948.6,8887.74,53136.77,48628.42,104988.24
D004493,A0759,Advisor,Government,Regular,2025-03-02,90531.17,12748.55,5704.54,26143.54,6780.34,145387.67
D004494,A0759,Advisor,Government,Regular,2020-12-09,91488.08,21326.78,7188.98,90225.37,14325.48,172663.28
D004495,A0759,Advisor,Government,Regular,2025-03-03,118916.29,16586.61,10828.19,461099.86,33003.97,43232.03
D004496,A0760,Advisor,Government,Initial,2024-11-10,68662.86,11573.78,9393.52,65236.53,21040.08,154604.25
D004497,A0760,Advisor,Government,Regular,2020-03-30,63065.09,10184.53,7084.33,128082.41,7385.32,76304.73
D004498,A0760,Advisor,Government,Regular,2023-07-04,64102.33,6817.5,8644.18,117053.63,11348.94,73912.18
D004499,A0760,Advisor,Government,Regular,2025-08-10,62570.51,13044.96,7001.13,111022.61,33408.68,7921.11
D004500,A0760,Advisor,Government,Regular,2025-08-11,95086.83,11925.27,9540.05,381587.49,46975.64,74782.21
D004501,A0761,Advisor,Government,Initial,2023-07-04,114310.27,3558.72,13790.92,234549.59,35893.37,55353.16
D004502,A0761,Advisor,Government,Regular,2020-11-04,119341.79,2220.25,9464.66,31528.72,35453.42,132890.67
D004503,A0761,Advisor,Government,Regular,2020-03-17,112837.36,3090.36,13129.75,114117.09,9912.14,25506.94
D004504,A0761,Advisor,Government,Regular,2024-06-29,110458.98,3346.96,13240.52,86300.29,54339.93,1614.98
D004505,A0761,Advisor,Government,Regular,2024-06-30,131065.53,4096.17,16351.34,631602.6,26362.62,167299.56
D004506,A0762,Advisor,Government,Initial,2023-02-22,35548.09,6513.14,9647.11,47915.71,43486.23,156194.94
D004507,A0762,Advisor,Government,Regular,2021-05-16,34167.12,9213.67,11280.53,42336.58,38444.34,41279.17
D004508,A0762,Advisor,Government,Regular,2020-10-11,37356.47,7787.54,5486.4,66085.09,21103.1,171409.75
D004509,A0762,Advisor,Government,Regular,2019-07-31,41590.54,6248.88,5307.49,54334.78,2078.37,157443.53
D004510,A0762,Advisor,Government,Regular,2023-02-23,43664.47,7827.68,8423.47,235683.14,59508.68,37290.66
D004511,A0763,Advisor,Government,Initial,2023-11-04,49707.91,11532.36,8138.73,19526.01,49607.02,92122.38
D004512,A0763,Advisor,Government,Regular,2024-01-09,49440.83,5957.3,8729.85,54455.22,46440.64,115841.94
D004513,A0763,Advisor,Government,Regular,2021-01-21,48704.15,6990.4,10465.18,13491.78,17990.52,171621.49
D004514,A0763,Advisor,Government,Regular,2024-08-25,51804.74,12942.0,6908.22,168298.71,9015.22,184164.5
D004515,A0763,Advisor,Government,Regular,2024-08-26,49749.57,15577.92,10577.88,314029.18,52637.48,122990.53
D004516,A0764,Advisor,Government,Initial,2023-01-11,123806.52,12830.02,4282.56,264388.44,50851.36,125531.21
D004517,A0764,Advisor,Government,Regular,2021-08-07,119230.78,10349.8,4294.54,126832.19,6044.73,64990.15
D004518,A0764,Advisor,Government,Regular,2023-08-08,112821.8,8835.42,4102.93,79124.32,38581.54,174129.89
D004519,A0764,Advisor,Government,Regular,2022-08-15,122059.33,18385.7,5083.89,76869.65,18113.28,188161.49
D004520,A0764,Advisor,Government,Regular,2023-08-09,191300.26,10056.59,6377.34,671108.45,10672.12,24688.13
D004521,A0765,Advisor,Government,Initial,2023-07-01,100904.88,15860.93,12459.67,63473.12,8645.16,49991.71
D004522,A0765,Advisor,Government,Regular,2018-12-08,113540.67,11834.16,9906.73,55238.97,22981.49,12411.79
D004523,A0765,Advisor,Government,Regular,2024-12-31,118843.29,21145.8,9459.23,137036.09,43244.54,10127.27
D004524,A0765,Advisor,Government,Regular,2018-07-27,114913.69,11893.09,13340.33,170646.6,4619.5,88299.38
D004525,A0765,Advisor,Government,Regular,2025-01-01,161157.96,13600.28,11103.85,786826.07,4473.52,126481.37
D004526,A0766,Advisor,Government,Initial,2023-10-09,104021.27,9.1,3409.14,70040.55,6401.64,67590.78
D004527,A0766,Advisor,Government,Regular,2018-06-20,121874.84,7.62,2567.4,166000.22,31726.9,190853.86
D004528,A0766,Advisor,Government,Regular,2021-10-07,102039.02,6.3,4002.71,86950.11,21579.39,160723.79
D004529,A0766,Advisor,Government,Regular,2019-07-30,109780.58,13.47,3740.79,184204.66,19724.35,86218.89
D004530,A0766,Advisor,Government,Regular,2023-10-10,151393.68,7.46,2101.98,538299.52,5934.23,74642.07
D004531,A0767,Advisor,Government,Initial,2024-07-23,47043.54,1190.89,6583.87,42733.33,18241.06,35656.29
D004532,A0767,Advisor,Government,Regular,2019-04-21,51415.65,717.68,5156.09,114085.79,54629.31,54066.94
D004533,A0767,Advisor,Government,Regular,2019-04-08,46434.7,933.95,8236.94,43279.82,30793.76,72363.4
D004534,A0767,Advisor,Government,Regular,2025-11-20,47938.85,1282.88,4539.98,24199.42,51283.24,82437.6
D004535,A0767,Advisor,Government,Regular,2025-11-21,51385.74,1674.11,8748.96,291138.9,1831.72,90044.92
D004536,A0768,Advisor,Government,Initial,2023-11-03,45214.68,12385.6,10121.78,49001.95,18433.42,123654.14
D004537,A0768,Advisor,Government,Regular,2022-05-21,46163.0,13924.4,10564.7,138206.34,8812.53,37323.55
D004538,A0768,Advisor,Government,Regular,2024-09-23,42383.67,14392.98,9687.17,133604.95,56965.42,190329.26
D004539,A0768,Advisor,Government,Regular,2022-09-02,44927.63,9575.44,11531.38,24750.82,54531.51,62670.96
D004540,A0768,Advisor,Government,Regular,2024-09-24,66806.41,15102.04,10726.52,336634.15,5706.19,38137.62
D004541,A0769,Advisor,Government,Initial,2021-04-02,118266.9,4354.57,7186.08,230123.38,32017.21,34165.08
D004542,A0769,Advisor,Government,Regular,2020-01-20,125711.01,6244.82,10583.99,145453.21,8853.09,145305.53
D004543,A0769,Advisor,Government,Regular,2026-03-29,139122.17,3895.32,10367.14,95322.72,4900.39,48539.23
D004544,A0769,Advisor,Government,Regular,2019-10-10,106795.99,2784.47,5367.26,167006.58,45454.38,50627.6
D004545,A0769,Advisor,Government,Regular,2026-03-30,135420.91,4023.24,9340.76,651473.3,28445.21,5927.56
D004546,A0770,Advisor,Government,Initial,2025-03-05,91907.95,14634.82,13036.26,39857.23,39666.89,118008.5
D004547,A0770,Advisor,Government,Regular,2025-12-02,107806.06,13560.72,11669.26,93953.17,3108.54,107816.13
D004548,A0770,Advisor,Government,Regular,2023-08-07,96139.25,9279.85,7035.89,130057.74,10708.69,58422.5
D004549,A0770,Advisor,Government,Regular,2025-09-19,84144.27,10845.89,9368.67,7159.11,47482.66,170894.71
D004550,A0770,Advisor,Government,Regular,2025-12-03,92937.5,17169.78,16997.93,327216.6,51776.63,193305.82
D004551,A0771,Advisor,Government,Initial,2025-06-22,109827.88,16086.54,2751.38,70537.49,25935.63,57867.94
D004552,A0771,Advisor,Government,Regular,2023-12-19,118370.65,11379.1,1865.11,199617.83,26064.12,144783.61
D004553,A0771,Advisor,Government,Regular,2025-12-16,122347.47,17388.42,2253.56,37056.05,33333.07,20679.61
D004554,A0771,Advisor,Government,Regular,2024-03-08,104421.92,22970.06,2962.02,181567.13,38886.25,194049.27
D004555,A0771,Advisor,Government,Regular,2025-12-17,151116.02,20543.58,2639.73,895327.28,30958.37,95620.81
D004556,A0772,Advisor,Government,Initial,2018-11-20,121861.41,5483.94,13014.27,301379.39,54227.23,91321.65
D004557,A0772,Advisor,Government,Regular,2023-11-05,132129.31,4755.76,9568.93,164123.73,43528.05,136338.43
D004558,A0772,Advisor,Government,Regular,2024-08-26,116514.85,3185.49,8995.06,49889.28,42426.53,143982.97
D004559,A0772,Advisor,Government,Regular,2021-11-18,109925.2,5315.49,17630.09,131088.28,29737.09,74991.25
D004560,A0772,Advisor,Government,Regular,2024-08-27,174740.56,5766.8,16584.43,785249.22,16953.16,115573.73
D004561,A0773,Advisor,Government,Initial,2018-10-17,121294.34,3956.4,6930.06,34884.96,24968.92,191638.35
D004562,A0773,Advisor,Government,Regular,2020-08-31,129063.27,2023.64,5719.76,115760.2,4377.56,156228.47
D004563,A0773,Advisor,Government,Regular,2020-11-19,129267.44,4905.33,5390.92,34262.98,54013.48,116539.8
D004564,A0773,Advisor,Government,Regular,2021-10-10,112833.63,5211.09,9178.64,141596.41,44549.76,122466.74
D004565,A0773,Advisor,Government,Regular,2021-10-11,146840.29,2359.07,6330.41,669847.39,21263.24,184143.79
D004566,A0774,Advisor,Government,Initial,2022-10-23,121673.11,518.19,8214.42,99308.01,6435.28,46078.5
D004567,A0774,Advisor,Government,Regular,2020-07-28,124176.03,443.31,9080.27,188556.31,20110.48,6087.7
D004568,A0774,Advisor,Government,Regular,2018-09-23,127436.88,516.45,11677.45,28472.51,14235.47,26861.64
D004569,A0774,Advisor,Government,Regular,2025-11-15,127277.3,519.4,10759.58,173675.03,57467.3,198609.38
D004570,A0774,Advisor,Government,Regular,2025-11-16,136180.59,754.41,9680.12,560079.34,49532.19,22407.38
D004571,A0775,Advisor,Government,Initial,2021-06-12,74134.83,17736.86,17464.07,130077.58,39230.47,114040.55
D004572,A0775,Advisor,Government,Regular,2025-07-26,76576.54,20964.8,21814.84,175465.19,57253.07,24001.05
D004573,A0775,Advisor,Government,Regular,2019-10-23,76534.63,14494.1,18884.67,48833.66,51397.75,178229.56
D004574,A0775,Advisor,Government,Regular,2020-06-09,68285.52,14292.6,23423.9,41168.9,59431.94,21031.04
D004575,A0775,Advisor,Government,Regular,2025-07-27,74853.15,18358.34,15765.69,494736.09,3230.29,86396.95
D004576,A0776,Advisor,Government,Initial,2023-09-18,108146.96,11629.31,5188.32,121522.39,1605.06,162807.8
D004577,A0776,Advisor,Government,Regular,2018-03-18,105230.91,10669.68,5432.9,74444.61,5560.77,7486.91
D004578,A0776,Advisor,Government,Regular,2018-07-02,101517.2,11638.61,4174.27,141284.38,1424.14,17448.78
D004579,A0776,Advisor,Government,Regular,2018-07-06,101703.0,8859.1,4787.04,84922.37,33009.17,106591.77
D004580,A0776,Advisor,Government,Regular,2023-09-19,149774.64,13168.28,3547.34,771570.82,34072.32,114788.47
D004581,A0777,Advisor,Government,Initial,2020-05-22,115403.63,4192.49,2567.18,57268.45,11262.47,62277.56
D004582,A0777,Advisor,Government,Regular,2026-02-14,110958.2,3376.78,1551.79,82271.69,3980.6,8996.89
D004583,A0777,Advisor,Government,Regular,2018-03-27,114049.79,3752.69,1452.09,125801.23,6631.51,24391.74
D004584,A0777,Advisor,Government,Regular,2021-10-09,116547.98,6121.21,2452.21,60692.29,2839.51,94471.66
D004585,A0777,Advisor,Government,Regular,2026-02-15,182968.18,2711.46,3031.74,812376.68,35807.76,71468.14
D004586,A0778,Advisor,Government,Initial,2024-09-23,129552.72,9285.06,13138.73,134779.96,47694.65,15351.03
D004587,A0778,Advisor,Government,Regular,2024-04-09,153167.99,9789.38,15967.69,181244.61,49390.28,98221.31
D004588,A0778,Advisor,Government,Regular,2023-05-05,145185.2,13164.58,17931.32,43547.51,28822.98,131256.36
D004589,A0778,Advisor,Government,Regular,2019-06-12,147294.99,10273.65,7673.34,194192.28,13392.38,91294.31
D004590,A0778,Advisor,Government,Regular,2024-09-24,178979.24,6134.98,10218.45,782123.4,2330.09,72249.21
D004591,A0779,Advisor,Government,Initial,2026-02-14,61908.51,14785.28,8197.78,156074.56,49742.15,129040.09
D004592,A0779,Advisor,Government,Regular,2020-07-03,60928.18,15355.26,11467.29,6124.21,57710.42,115747.79
D004593,A0779,Advisor,Government,Regular,2022-07-08,70183.07,18155.05,4427.21,125275.71,47721.55,69567.19
D004594,A0779,Advisor,Government,Regular,2023-06-08,70665.93,14933.11,9180.01,181434.53,6362.58,196891.88
D004595,A0779,Advisor,Government,Regular,2026-02-15,85590.75,10917.83,7306.67,330532.0,21701.83,55785.54
D004596,A0780,Advisor,Government,Initial,2020-07-22,49121.35,4710.77,3654.01,134446.72,33812.45,50332.5
D004597,A0780,Advisor,Government,Regular,2023-10-17,48836.64,4336.15,3493.55,28054.51,3272.56,93652.17
D004598,A0780,Advisor,Government,Regular,2025-02-13,45310.07,4028.25,3502.86,131346.06,11154.68,137356.61
D004599,A0780,Advisor,Government,Regular,2021-11-19,49500.19,5412.11,4454.19,151152.33,40426.18,53396.01
D004600,A0780,Advisor,Government,Regular,2025-02-14,76736.48,6356.8,3471.95,303483.57,30968.92,118696.3
D004601,A0781,Advisor,Government,Initial,2026-01-10,76798.41,19353.72,17490.55,74086.17,48149.62,185425.73
D004602,A0781,Advisor,Government,Regular,2026-03-09,72238.68,28516.41,10596.7,184997.9,44416.03,91106.38
D004603,A0781,Advisor,Government,Regular,2019-07-27,84765.55,9853.92,13594.21,153805.7,37113.02,98897.99
D004604,A0781,Advisor,Government,Regular,2018-10-06,91862.42,24817.1,13905.77,21130.0,26615.59,133733.3
D004605,A0781,Advisor,Government,Regular,2026-03-10,101561.97,9979.24,25249.1,668796.16,53263.39,190512.86
D004606,A0782,Advisor,Government,Initial,2021-04-12,85195.18,8177.1,1636.37,0.0,57062.17,29786.98
D004607,A0782,Advisor,Government,Regular,2021-05-16,97728.89,11948.29,915.21,51752.24,32916.84,94003.79
D004608,A0782,Advisor,Government,Regular,2019-04-16,97255.52,12099.34,1639.78,93240.24,826.78,48437.5
D004609,A0782,Advisor,Government,Regular,2021-08-29,88515.5,4472.92,1284.99,58751.53,47149.82,5829.65
D004610,A0782,Advisor,Government,Regular,2021-08-30,97681.75,6606.75,1433.8,504883.22,31806.7,198375.52
D004611,A0783,Advisor,Government,Initial,2020-07-21,95726.85,5127.34,16225.71,116980.78,45285.76,127817.45
D004612,A0783,Advisor,Government,Regular,2023-10-04,114372.88,6679.89,15289.66,118960.23,44441.18,186699.73
D004613,A0783,Advisor,Government,Regular,2024-06-06,90253.16,4634.83,17420.09,56725.96,1339.87,171014.63
D004614,A0783,Advisor,Government,Regular,2019-05-12,89177.67,7357.2,11222.5,18648.91,25560.3,195519.35
D004615,A0783,Advisor,Government,Regular,2024-06-07,109802.2,3832.48,21321.75,366286.7,41360.39,163118.13
D004616,A0784,Advisor,Government,Initial,2020-09-18,108714.16,3321.02,7344.07,93823.13,49012.77,11373.9
D004617,A0784,Advisor,Government,Regular,2023-03-01,106675.07,4081.0,4807.12,177659.88,48363.92,93799.23
D004618,A0784,Advisor,Government,Regular,2018-04-27,129560.26,4297.23,9415.43,66120.74,22796.55,63040.48
D004619,A0784,Advisor,Government,Regular,2025-04-13,119751.49,2343.0,4208.44,67311.42,6553.24,13292.29
D004620,A0784,Advisor,Government,Regular,2025-04-14,147321.12,4716.37,3870.47,494416.94,22750.85,97760.04
D004621,A0785,Advisor,Government,Initial,2021-06-20,70201.13,11661.15,1055.16,44795.59,52268.6,35307.24
D004622,A0785,Advisor,Government,Regular,2020-12-20,66633.86,15912.91,1355.01,87547.78,59179.97,48868.8
D004623,A0785,Advisor,Government,Regular,2022-02-06,80372.61,12367.1,1234.3,63192.58,25465.21,24738.71
D004624,A0785,Advisor,Government,Regular,2022-08-04,65469.59,13823.36,1232.51,124234.77,42925.36,62216.6
D004625,A0785,Advisor,Government,Regular,2022-08-05,101141.21,10647.65,1268.07,335918.16,51061.11,65890.08
D004626,A0786,Advisor,Government,Initial,2022-02-19,106318.87,19935.2,6334.61,214490.61,24088.56,25450.48
D004627,A0786,Advisor,Government,Regular,2018-09-03,112714.72,15344.35,7044.34,163405.52,39414.52,193497.41
D004628,A0786,Advisor,Government,Regular,2020-01-20,121173.92,12630.27,5367.55,74087.62,13799.39,69562.58
D004629,A0786,Advisor,Government,Regular,2018-08-18,117811.87,28886.22,7834.7,125716.25,52553.71,34278.97
D004630,A0786,Advisor,Government,Regular,2022-02-20,139354.58,16667.09,9033.51,666608.83,2734.27,99414.86
D004631,A0787,Advisor,Government,Initial,2021-04-22,38802.99,13722.51,17834.6,103042.19,48497.71,72142.44
D004632,A0787,Advisor,Government,Regular,2019-06-23,39091.63,10710.41,21423.49,98468.13,28945.42,57054.85
D004633,A0787,Advisor,Government,Regular,2021-01-25,41505.55,10491.46,19391.57,6784.77,25628.28,161346.5
D004634,A0787,Advisor,Government,Regular,2018-07-19,39983.7,12165.45,18406.61,102206.82,8143.0,59530.28
D004635,A0787,Advisor,Government,Regular,2021-04-23,48916.38,20038.74,20894.94,316356.18,21900.38,41578.54
D004636,A0788,Advisor,Government,Initial,2018-03-26,52786.99,17719.35,19950.79,143313.08,39095.23,58050.7
D004637,A0788,Advisor,Government,Regular,2024-07-15,49102.61,11008.74,27650.86,50832.74,28067.31,171941.63
D004638,A0788,Advisor,Government,Regular,2020-11-03,60332.78,15136.36,13927.96,87012.78,5554.79,86828.04
D004639,A0788,Advisor,Government,Regular,2024-06-07,60713.41,19748.15,29651.44,44510.55,50544.44,148634.62
D004640,A0788,Advisor,Government,Regular,2024-07-16,67632.85,16662.57,12834.82,435286.24,21634.14,187615.17
D004641,A0789,Advisor,Government,Initial,2020-08-04,100666.16,5932.97,2487.5,0.0,3406.3,26339.25
D004642,A0789,Advisor,Government,Regular,2025-08-18,120150.98,7576.33,1982.91,134797.31,35849.2,186884.4
D004643,A0789,Advisor,Government,Regular,2020-11-25,119221.0,8530.61,2387.83,114641.45,9317.65,184929.43
D004644,A0789,Advisor,Government,Regular,2022-10-17,93341.85,8016.42,2715.19,52919.07,24848.37,52512.69
D004645,A0789,Advisor,Government,Regular,2025-08-19,156623.82,4783.72,2981.64,617695.8,42675.27,70807.83
D004646,A0790,Advisor,Government,Initial,2026-03-01,80707.4,2319.49,8972.51,31936.85,6551.68,141926.11
D004647,A0790,Advisor,Government,Regular,2025-05-22,92031.13,2179.04,5441.56,45716.36,51000.39,186355.03
D004648,A0790,Advisor,Government,Regular,2021-02-20,94481.77,1534.12,9867.08,41733.71,51749.82,182845.24
D004649,A0790,Advisor,Government,Regular,2023-05-03,82017.99,2230.59,12724.11,54124.75,1823.95,133262.84
D004650,A0790,Advisor,Government,Regular,2026-03-02,128090.42,1804.95,12768.02,542128.49,21994.99,16153.78
D004651,A0791,Advisor,Government,Initial,2019-06-22,53140.63,1589.1,2455.39,85193.84,392.99,27171.46
D004652,A0791,Advisor,Government,Regular,2023-12-19,59280.36,1051.88,2398.5,129969.88,40750.26,67702.0
D004653,A0791,Advisor,Government,Regular,2021-12-31,50532.08,2298.34,2518.96,143633.43,8089.91,155968.75
D004654,A0791,Advisor,Government,Regular,2022-09-17,55644.11,2057.23,1675.95,124990.04,19100.73,52998.95
D004655,A0791,Advisor,Government,Regular,2023-12-20,82176.25,1158.83,2796.08,379277.95,11611.58,157507.38
D004656,A0792,Advisor,Government,Initial,2018-06-18,82002.96,4318.97,8364.61,22272.12,11226.41,164974.36
D004657,A0792,Advisor,Government,Regular,2018-02-18,77196.44,2165.6,7871.29,33026.81,15447.58,178806.76
D004658,A0792,Advisor,Government,Regular,2025-01-10,79986.86,6464.08,8548.01,191282.66,34155.05,157459.48
D004659,A0792,Advisor,Government,Regular,2021-11-07,79130.63,4304.8,7203.54,71294.73,14917.58,193918.4
D004660,A0792,Advisor,Government,Regular,2025-01-11,99523.53,2178.06,8931.69,461266.92,33366.83,44396.27
D004661,A0793,Advisor,Government,Initial,2020-07-21,86834.45,7227.03,9526.19,164382.39,13976.33,89858.43
D004662,A0793,Advisor,Government,Regular,2019-03-08,103743.0,8038.63,14183.58,177817.66,16509.43,17126.99
D004663,A0793,Advisor,Government,Regular,2021-06-29,91624.09,3986.94,14086.42,31981.81,41419.73,133968.33
D004664,A0793,Advisor,Government,Regular,2022-03-09,93951.5,9608.02,11400.2,105097.08,24718.49,143236.36
D004665,A0793,Advisor,Government,Regular,2022-03-10,86847.93,4038.41,6199.11,460945.96,39312.53,95517.82
D004666,A0794,Advisor,Government,Initial,2025-03-19,124376.74,2424.77,11686.86,166473.26,16756.6,35997.54
D004667,A0794,Advisor,Government,Regular,2025-11-05,124004.19,2215.09,6285.23,46915.44,4523.17,65570.5
D004668,A0794,Advisor,Government,Regular,2024-12-17,145779.47,3379.33,11874.96,92911.74,21046.78,92048.8
D004669,A0794,Advisor,Government,Regular,2022-12-30,141399.93,1284.05,7799.23,2752.12,56156.8,105154.96
D004670,A0794,Advisor,Government,Regular,2025-11-06,128607.07,2264.61,5878.79,340886.83,56337.54,92971.39
D004671,A0795,Advisor,Government,Initial,2022-09-30,125474.36,14684.9,2435.28,89651.94,1441.12,88740.37
D004672,A0795,Advisor,Government,Regular,2023-07-15,137380.35,14915.08,3120.5,64908.38,40966.31,67616.88
D004673,A0795,Advisor,Government,Regular,2018-01-21,135049.35,15786.86,1453.78,67051.6,17800.56,165769.01
D004674,A0795,Advisor,Government,Regular,2022-11-28,119551.05,10985.89,2221.71,58253.54,23600.77,89062.61
D004675,A0795,Advisor,Government,Regular,2023-07-16,163245.03,21372.92,1471.84,485138.84,17281.96,137959.74
D004676,A0796,Advisor,Government,Initial,2025-09-22,109322.99,18377.16,13026.02,75808.57,39727.8,182660.91
D004677,A0796,Advisor,Government,Regular,2020-11-27,128126.49,11876.0,12856.6,77213.21,39743.94,185813.38
D004678,A0796,Advisor,Government,Regular,2024-10-13,126918.07,24961.96,18291.81,21323.84,47046.7,184290.43
D004679,A0796,Advisor,Government,Regular,2026-01-07,123059.1,16128.89,9853.01,6702.45,33354.77,135756.88
D004680,A0796,Advisor,Government,Regular,2026-01-08,153403.05,21960.27,13854.99,813201.39,51893.34,139294.67
D004681,A0797,Advisor,Government,Initial,2022-11-24,65990.21,6293.31,5414.66,109365.27,45086.31,10920.28
D004682,A0797,Advisor,Government,Regular,2023-02-18,72083.22,9303.63,4275.94,18329.61,26855.96,47230.01
D004683,A0797,Advisor,Government,Regular,2024-06-29,68300.2,6992.81,4423.95,90902.81,3143.09,193403.06
D004684,A0797,Advisor,Government,Regular,2021-02-15,70774.32,8677.31,3300.32,148107.03,21382.45,133998.95
D004685,A0797,Advisor,Government,Regular,2024-06-30,86640.02,4073.15,7547.24,258117.17,59193.97,87707.96
D004686,A0798,Advisor,Government,Initial,2023-01-06,74039.59,5854.51,9649.46,0.0,23338.7,13654.44
D004687,A0798,Advisor,Government,Regular,2022-03-09,75385.16,6322.31,14336.68,179987.01,54165.99,27912.35
D004688,A0798,Advisor,Government,Regular,2018-07-25,85153.21,7455.46,13899.79,44115.19,58141.67,145052.87
D004689,A0798,Advisor,Government,Regular,2023-04-08,87799.75,8570.41,12315.74,23561.96,21852.35,178205.17
D004690,A0798,Advisor,Government,Regular,2023-04-09,118029.09,8717.41,6313.63,471513.73,1611.84,156085.7
D004691,A0799,Advisor,Government,Initial,2022-05-10,80594.74,11522.15,15753.43,113600.53,14047.71,141127.87
D004692,A0799,Advisor,Government,Regular,2022-04-09,73012.09,12447.76,20234.98,170814.9,52527.7,66728.88
D004693,A0799,Advisor,Government,Regular,2023-07-05,92148.75,8213.65,18169.43,9235.55,57223.86,6165.23
D004694,A0799,Advisor,Government,Regular,2021-01-05,74304.52,16248.7,11750.33,127374.51,20302.67,37809.63
D004695,A0799,Advisor,Government,Regular,2023-07-06,109043.41,9484.77,19412.58,717383.4,36991.95,135930.72
D004696,A0800,Advisor,Government,Initial,2018-04-12,74380.84,14402.55,8823.81,91620.6,44182.02,160253.63
D004697,A0800,Advisor,Government,Regular,2023-08-05,73020.17,12635.75,11749.48,157435.89,14851.23,89027.94
D004698,A0800,Advisor,Government,Regular,2018-07-28,84435.66,17762.02,5112.03,173536.91,29292.05,61774.43
D004699,A0800,Advisor,Government,Regular,2021-03-08,71338.11,15264.1,5139.41,145641.76,49555.53,180644.81
D004700,A0800,Advisor,Government,Regular,2023-08-06,85018.56,20313.71,8457.02,412170.23,4760.15,71557.48
D004701,A0801,Advisor,Government,Initial,2019-05-15,78979.28,6021.02,124.23,70431.08,58334.14,166668.01
D004702,A0801,Advisor,Government,Regular,2023-11-15,74617.43,7588.36,152.11,61521.24,16443.23,97806.57
D004703,A0801,Advisor,Government,Regular,2022-01-20,91988.24,6790.3,93.26,145158.6,36261.72,100113.98
D004704,A0801,Advisor,Government,Regular,2019-12-11,80991.63,7278.22,147.34,34405.04,37979.57,27270.59
D004705,A0801,Advisor,Government,Regular,2023-11-16,112802.49,6480.07,134.81,362494.45,53823.21,163437.62
D004706,A0802,Advisor,Government,Initial,2025-10-21,61404.33,15709.61,285.97,19429.98,7375.42,172233.14
D004707,A0802,Advisor,Government,Regular,2018-01-28,60596.28,12145.17,289.25,184599.11,21066.39,90675.86
D004708,A0802,Advisor,Government,Regular,2023-06-02,56573.12,20894.53,333.66,22092.6,57036.9,129980.7
D004709,A0802,Advisor,Government,Regular,2022-04-05,62459.03,12515.86,262.43,117819.3,13840.4,16903.79
D004710,A0802,Advisor,Government,Regular,2025-10-22,65041.82,18625.66,354.2,368633.07,39174.48,98310.03
D004711,A0803,Advisor,Government,Initial,2020-10-27,96736.2,9002.39,16291.78,72635.01,48985.29,143915.34
D004712,A0803,Advisor,Government,Regular,2023-05-23,115290.14,4923.13,13893.44,1684.13,40272.86,185665.12
D004713,A0803,Advisor,Government,Regular,2025-03-09,91116.16,8424.35,13514.55,64131.06,11102.73,98202.29
D004714,A0803,Advisor,Government,Regular,2018-09-12,95406.6,10111.53,16607.96,105843.95,35597.08,100255.85
D004715,A0803,Advisor,Government,Regular,2025-03-10,154549.7,8714.49,13018.53,726640.0,9996.68,86224.94
D004716,A0804,Advisor,Government,Initial,2020-08-08,85401.06,13846.83,8283.08,145945.17,35694.71,107241.95
D004717,A0804,Advisor,Government,Regular,2025-03-28,90342.01,17794.87,6424.6,12340.69,48024.38,27938.53
D004718,A0804,Advisor,Government,Regular,2022-08-27,98915.95,12902.37,8980.15,49150.79,48006.02,17544.02
D004719,A0804,Advisor,Government,Regular,2020-10-09,78285.69,8155.26,9909.03,199964.92,49245.67,47813.08
D004720,A0804,Advisor,Government,Regular,2025-03-29,127459.23,19341.78,5040.21,412415.7,52131.33,52569.02
D004721,A0805,Advisor,Government,Initial,2019-09-21,65364.17,10035.35,6467.67,80507.97,19186.95,26685.95
D004722,A0805,Advisor,Government,Regular,2024-05-21,66528.22,8465.85,5022.01,82413.63,27447.54,50590.32
D004723,A0805,Advisor,Government,Regular,2023-02-06,72701.53,10269.0,5286.55,187491.87,57458.75,175938.98
D004724,A0805,Advisor,Government,Regular,2020-03-29,71577.04,9596.57,9219.19,131346.16,19690.71,193775.87
D004725,A0805,Advisor,Government,Regular,2024-05-22,102827.27,14188.65,6028.03,563196.05,39423.01,40666.74
D004726,A0806,Advisor,Government,Initial,2023-12-27,101204.82,11503.36,14211.82,100125.72,26241.79,50067.21
D004727,A0806,Advisor,Government,Regular,2019-07-31,101013.16,13602.91,19952.79,138500.12,36000.35,149994.43
D004728,A0806,Advisor,Government,Regular,2019-03-31,114611.83,16290.22,13247.76,52747.4,25474.09,120551.46
D004729,A0806,Advisor,Government,Regular,2025-02-09,105370.22,13846.37,9495.21,39185.24,48102.46,136800.79
D004730,A0806,Advisor,Government,Regular,2025-02-10,133793.6,7332.1,14570.11,543007.29,7015.36,193220.32
D004731,A0807,Advisor,Government,Initial,2025-05-06,73410.71,11291.79,16769.15,104900.42,2916.7,162530.59
D004732,A0807,Advisor,Government,Regular,2023-07-19,83978.7,12496.82,9359.33,157325.26,37209.04,171212.33
D004733,A0807,Advisor,Government,Regular,2025-08-01,85094.93,15093.56,11535.04,191021.5,27251.79,20171.85
D004734,A0807,Advisor,Government,Regular,2019-06-11,68804.92,15361.97,14510.85,15046.3,2487.94,54803.24
D004735,A0807,Advisor,Government,Regular,2025-08-02,88908.13,14639.91,11260.85,483780.13,59173.39,54132.39
D004736,A0808,Advisor,Government,Initial,2025-08-09,45050.44,1877.01,6731.63,32402.02,37930.18,47164.35
D004737,A0808,Advisor,Government,Regular,2021-12-16,41038.28,1230.68,4635.47,26295.31,7693.6,48116.47
D004738,A0808,Advisor,Government,Regular,2024-01-15,41779.91,1457.53,4947.87,128641.0,18832.73,188879.94
D004739,A0808,Advisor,Government,Regular,2024-09-04,50772.53,2511.78,3807.05,54730.88,9577.5,28228.67
D004740,A0808,Advisor,Government,Regular,2025-08-10,52702.23,1496.96,8434.9,295584.54,29271.55,73814.51
D004741,A0809,Advisor,Government,Initial,2024-05-03,104562.98,4247.16,17342.39,166382.93,30929.48,170993.73
D004742,A0809,Advisor,Government,Regular,2024-10-26,118926.29,2227.4,13266.9,781.9,55672.36,40442.34
D004743,A0809,Advisor,Government,Regular,2018-04-09,122567.64,2174.65,17068.67,133854.92,10433.41,135535.67
D004744,A0809,Advisor,Government,Regular,2025-11-17,115734.27,6110.41,10912.16,173969.43,28482.91,128613.87
D004745,A0809,Advisor,Government,Regular,2025-11-18,135274.31,3629.62,13132.61,549514.66,26254.26,88762.62
D004746,A0810,Advisor,Government,Initial,2022-07-23,52524.19,6409.81,11148.33,80827.55,28089.16,19464.82
D004747,A0810,Advisor,Government,Regular,2022-10-20,48938.14,8918.07,8328.5,43431.16,46313.99,148995.07
D004748,A0810,Advisor,Government,Regular,2019-06-07,56839.84,4353.75,13464.98,166453.75,57703.17,69149.15
D004749,A0810,Advisor,Government,Regular,2025-03-13,48819.48,8875.68,14832.92,44516.69,14973.66,10107.84
D004750,A0810,Advisor,Government,Regular,2025-03-14,57490.8,7170.85,13833.45,240758.88,38642.04,66112.49
D004751,A0811,Advisor,Government,Initial,2024-10-08,58802.15,8929.26,3778.88,50025.72,49934.01,13974.15
D004752,A0811,Advisor,Government,Regular,2018-06-27,56821.35,12670.26,4491.78,21928.45,59183.82,69327.48
D004753,A0811,Advisor,Government,Regular,2020-09-19,62930.52,11496.54,3080.0,133591.51,5252.05,57564.68
D004754,A0811,Advisor,Government,Regular,2020-01-11,54408.61,11066.89,3481.94,134668.1,58981.45,6719.29
D004755,A0811,Advisor,Government,Regular,2024-10-09,91477.53,7961.3,4358.72,430658.7,35882.4,9171.63
D004756,A0812,Advisor,Government,Initial,2024-04-26,113416.02,3791.8,5023.71,229214.62,16022.74,50196.01
D004757,A0812,Advisor,Government,Regular,2022-09-10,122089.16,2854.78,3297.11,152029.48,55396.35,1491.1
D004758,A0812,Advisor,Government,Regular,2018-08-19,117841.13,2465.6,7132.91,191528.1,23878.41,100045.18
D004759,A0812,Advisor,Government,Regular,2021-07-31,107423.48,3824.45,6767.84,101454.19,52950.1,89207.47
D004760,A0812,Advisor,Government,Regular,2024-04-27,150528.04,4431.3,3046.5,531455.49,13097.96,108081.4
D004761,A0813,Advisor,Government,Initial,2023-10-09,33949.23,871.96,867.75,62972.75,25379.74,126827.26
D004762,A0813,Advisor,Government,Regular,2026-03-13,39317.96,998.73,846.79,89188.88,19842.34,80497.45
D004763,A0813,Advisor,Government,Regular,2024-03-09,34762.53,854.03,913.51,61813.24,27751.27,5561.99
D004764,A0813,Advisor,Government,Regular,2021-03-30,33347.15,803.21,621.83,36762.1,17222.52,75708.21
D004765,A0813,Advisor,Government,Regular,2026-03-14,47159.02,1283.64,1015.4,224345.06,31701.72,187654.89
D004766,A0814,Advisor,Government,Initial,2018-10-06,63418.48,14971.29,14696.94,50749.85,27932.36,99016.07
D004767,A0814,Advisor,Government,Regular,2023-10-10,64048.56,19277.15,19739.89,99939.51,34132.88,77320.96
D004768,A0814,Advisor,Government,Regular,2025-11-22,72620.74,12889.24,15871.46,65441.78,24710.46,8355.0
D004769,A0814,Advisor,Government,Regular,2025-03-08,74609.58,21234.94,10709.16,43785.58,44637.33,30689.24
D004770,A0814,Advisor,Government,Regular,2025-11-23,85083.58,13401.72,11346.73,332515.53,8380.31,1740.95
D004771,A0815,Advisor,Government,Initial,2026-01-29,127076.19,2557.64,1851.62,154444.25,21187.59,183561.81
D004772,A0815,Advisor,Government,Regular,2020-03-21,131644.3,1612.49,1823.24,82642.54,16380.95,56948.04
D004773,A0815,Advisor,Government,Regular,2022-10-26,126067.91,1425.67,2071.65,94372.81,32707.4,44135.85
D004774,A0815,Advisor,Government,Regular,2023-06-17,120287.36,2788.69,1190.12,3228.2,46749.79,72340.73
D004775,A0815,Advisor,Government,Regular,2026-01-30,184810.16,2075.26,2738.44,665291.36,9169.74,121471.11
D004776,A0816,Advisor,Government,Initial,2018-04-15,38694.92,19784.96,13340.96,96802.4,34065.95,179553.98
D004777,A0816,Advisor,Government,Regular,2023-03-03,44173.28,23284.35,15577.1,161997.82,11888.19,10887.04
D004778,A0816,Advisor,Government,Regular,2024-02-14,40256.31,28368.31,15465.25,131254.21,45091.46,80574.89
D004779,A0816,Advisor,Government,Regular,2025-09-15,42065.66,10887.61,19704.46,101155.97,18642.23,79847.72
D004780,A0816,Advisor,Government,Regular,2025-09-16,61460.12,17357.07,10787.6,217520.0,25885.78,136856.77
D004781,A0817,Advisor,Government,Initial,2026-03-05,126775.51,12675.65,4207.23,67498.05,9526.15,136455.3
D004782,A0817,Advisor,Government,Regular,2018-03-09,134231.59,10589.12,2864.15,157425.94,25630.42,114172.82
D004783,A0817,Advisor,Government,Regular,2020-01-26,128436.41,13506.74,5680.93,42143.03,54786.21,28550.69
D004784,A0817,Advisor,Government,Regular,2023-01-09,142029.46,8351.22,3134.59,189095.84,43070.4,176393.83
D004785,A0817,Advisor,Government,Regular,2026-03-06,196893.41,16732.34,4652.1,715776.92,57656.6,145531.12
D004786,A0818,Advisor,Government,Initial,2022-06-18,47683.57,15619.15,13598.74,56104.11,15084.33,175560.35
D004787,A0818,Advisor,Government,Regular,2019-03-08,43572.86,9373.52,19805.4,119899.07,44618.77,17386.83
D004788,A0818,Advisor,Government,Regular,2018-07-17,56938.77,21399.62,12182.51,100430.7,32933.85,151550.27
D004789,A0818,Advisor,Government,Regular,2023-10-31,52862.92,22737.24,19618.18,123214.79,10164.63,194372.67
D004790,A0818,Advisor,Government,Regular,2023-11-01,64966.13,23194.12,18895.37,437285.95,40810.85,159262.81
D004791,A0819,Advisor,Government,Initial,2025-06-25,120907.76,7204.53,10402.83,1884.37,42436.58,83417.58
D004792,A0819,Advisor,Government,Regular,2021-05-12,118721.96,9726.8,15344.35,45571.62,39346.44,173765.4
D004793,A0819,Advisor,Government,Regular,2024-02-09,117797.06,3801.54,9310.97,148240.32,16071.31,84165.61
D004794,A0819,Advisor,Government,Regular,2018-10-07,137998.1,8252.08,13419.5,40698.21,57933.37,120493.56
D004795,A0819,Advisor,Government,Regular,2025-06-26,177858.88,8152.92,11546.32,580177.02,5463.54,134689.71
D004796,A0820,Advisor,Government,Initial,2019-09-20,123037.99,556.06,7711.11,228919.89,45862.93,36076.11
D004797,A0820,Advisor,Government,Regular,2020-09-11,132140.59,480.33,5523.08,185636.13,14541.95,165194.03
D004798,A0820,Advisor,Government,Regular,2025-02-22,138781.7,398.61,4368.87,153604.66,35618.82,35486.63
D004799,A0820,Advisor,Government,Regular,2019-11-19,128637.48,380.12,4797.8,118960.86,25586.83,37459.55
D004800,A0820,Advisor,Government,Regular,2025-02-23,184587.29,379.75,6536.59,775774.16,50890.18,48976.98
D004801,A0821,Advisor,Government,Initial,2019-03-07,75649.95,12712.08,7977.06,50118.95,41355.48,1560.51
D004802,A0821,Advisor,Government,Regular,2025-05-11,81289.67,19038.69,9960.8,190243.5,22573.09,68550.73
D004803,A0821,Advisor,Government,Regular,2020-05-20,86713.65,8570.02,6333.99,61781.49,14307.48,198237.55
D004804,A0821,Advisor,Government,Regular,2023-09-22,88729.91,12470.03,6961.72,14546.1,17080.69,98562.61
D004805,A0821,Advisor,Government,Regular,2025-05-12,95411.07,7821.35,7699.43,418402.99,53874.56,137990.07
D004806,A0822,Advisor,Government,Initial,2025-05-14,43337.43,2812.63,19347.25,70439.72,50625.97,10645.75
D004807,A0822,Advisor,Government,Regular,2026-03-21,48351.49,1433.51,26497.41,186618.4,12126.33,125419.89
D004808,A0822,Advisor,Government,Regular,2024-05-15,47344.14,1908.99,13637.78,22651.19,39963.94,2523.77
D004809,A0822,Advisor,Government,Regular,2022-03-15,50199.32,3854.53,13827.38,53059.73,4564.79,46687.26
D004810,A0822,Advisor,Government,Regular,2026-03-22,61103.38,3527.41,13289.67,367597.58,9610.64,29511.09
D004811,A0823,Advisor,Government,Initial,2020-05-31,118405.58,1765.16,2234.06,3450.37,33839.97,145109.33
D004812,A0823,Advisor,Government,Regular,2019-11-17,138198.4,1754.76,1176.4,149859.99,5006.47,89186.82
D004813,A0823,Advisor,Government,Regular,2019-03-30,110576.83,1646.9,3179.09,158933.1,44518.22,82286.9
D004814,A0823,Advisor,Government,Regular,2019-07-10,140420.19,895.04,1831.62,66618.55,30432.06,174934.57
D004815,A0823,Advisor,Government,Regular,2020-06-01,171973.15,1645.67,1639.49,576599.26,10266.99,122958.35
D004816,A0824,Advisor,Government,Initial,2022-01-18,78332.74,16138.4,18856.41,120288.41,51427.8,56582.65
D004817,A0824,Advisor,Government,Regular,2020-03-19,72323.14,16491.92,24123.13,12129.73,20563.05,89471.74
D004818,A0824,Advisor,Government,Regular,2021-08-02,70561.25,12256.43,15460.56,109549.7,24771.63,97877.66
D004819,A0824,Advisor,Government,Regular,2018-09-13,75967.52,16083.09,14151.8,90416.85,29528.25,146767.31
D004820,A0824,Advisor,Government,Regular,2022-01-19,104611.78,19786.92,28212.75,713537.5,23562.2,131975.87
D004821,A0825,Advisor,Government,Initial,2019-11-16,63974.25,10198.74,6438.61,110909.65,466.71,99510.12
D004822,A0825,Advisor,Government,Regular,2023-02-05,69883.7,15113.52,4779.86,145016.86,32909.87,112941.57
D004823,A0825,Advisor,Government,Regular,2019-04-28,73827.9,10679.54,4740.48,2176.43,6476.4,150281.3
D004824,A0825,Advisor,Government,Regular,2018-09-16,73437.65,7706.36,5969.74,39089.38,23001.1,6206.82
D004825,A0825,Advisor,Government,Regular,2023-02-06,97975.09,11183.3,5562.17,335479.01,2487.44,62959.62
D004826,A0826,Advisor,Government,Initial,2025-06-30,76906.37,14265.14,5463.3,126462.91,48118.32,143803.05
D004827,A0826,Advisor,Government,Regular,2022-05-29,75480.14,12148.82,7167.83,87986.65,26137.81,102043.02
D004828,A0826,Advisor,Government,Regular,2022-07-20,91183.16,16130.39,3220.97,178846.85,47125.7,50923.29
D004829,A0826,Advisor,Government,Regular,2018-08-18,79548.05,16551.05,2869.54,126943.99,32581.48,16049.99
D004830,A0826,Advisor,Government,Regular,2025-07-01,88278.64,21150.4,5579.21,507788.87,54834.84,19959.69
D004831,A0827,Advisor,Government,Initial,2018-10-19,114451.6,16418.92,6705.36,145226.3,47743.7,80423.42
D004832,A0827,Advisor,Government,Regular,2024-07-21,132552.52,10331.55,7137.82,147558.7,5786.0,7802.11
D004833,A0827,Advisor,Government,Regular,2019-09-20,130136.55,15595.52,5407.36,15020.28,53969.8,174000.34
D004834,A0827,Advisor,Government,Regular,2023-03-27,129045.86,8868.22,9282.3,133096.13,33307.13,50316.51
D004835,A0827,Advisor,Government,Regular,2024-07-22,182104.57,23926.51,5400.06,592989.4,9729.77,92089.76
D004836,A0828,Advisor,Government,Initial,2021-01-01,116203.77,14570.57,1186.37,116874.5,38166.66,128866.57
D004837,A0828,Advisor,Government,Regular,2023-11-17,124246.07,14196.12,872.84,141750.71,29931.05,195694.02
D004838,A0828,Advisor,Government,Regular,2019-12-04,126176.35,20055.04,818.8,125724.12,20367.02,94519.56
D004839,A0828,Advisor,Government,Regular,2025-09-04,126441.88,9666.25,1662.28,6002.57,48934.64,48535.7
D004840,A0828,Advisor,Government,Regular,2025-09-05,151276.11,16988.96,825.06,538706.68,31710.51,153158.15
